MeshVersionFormatted 1
Dimension 
2
Vertices
2108
1.080000000000000e-01  0.000000000000000e+00  2
0.000000000000000e+00  1.080000000000000e-01  2
-1.080000000000000e-01  0.000000000000000e+00  2
0.000000000000000e+00  -1.080000000000000e-01  2
2.000000000000000e+01  0.000000000000000e+00  3
0.000000000000000e+00  2.000000000000000e+01  3
-2.000000000000000e+01  0.000000000000000e+00  3
0.000000000000000e+00  -2.000000000000000e+01  3
9.200000000000000e-02  0.000000000000000e+00  1
0.000000000000000e+00  9.200000000000000e-02  1
-9.200000000000000e-02  0.000000000000000e+00  1
0.000000000000000e+00  -9.200000000000000e-02  1
5.000000000000000e-02  0.000000000000000e+00  0
6.750000000000000e-02  0.000000000000000e+00  4
5.000000000000000e-02  1.750000000000000e-02  4
3.250000000000000e-02  0.000000000000000e+00  4
5.000000000000000e-02  -1.750000000000000e-02  4
-2.499999999999999e-02  4.330127018922194e-02  0
-7.499999999999989e-03  4.330127018922194e-02  5
-2.499999999999999e-02  6.080127018922194e-02  5
-4.250000000000000e-02  4.330127018922194e-02  5
-2.499999999999999e-02  2.580127018922194e-02  5
-2.499999999999999e-02  -4.330127018922194e-02  0
-7.499999999999989e-03  -4.330127018922194e-02  6
-2.499999999999999e-02  -2.580127018922194e-02  6
-4.250000000000000e-02  -4.330127018922194e-02  6
-2.499999999999999e-02  -6.080127018922194e-02  6
-1.052922145024082e-01  -2.403226092524098e-02  2
-9.730463767346507e-02  -4.685944394927965e-02  2
-8.443779997598024e-02  -6.733689876446905e-02  2
-6.733689843234285e-02  -8.443780024084203e-02  2
-4.685944368105096e-02  -9.730463780263721e-02  2
-2.403226078535084e-02  -1.052922145343372e-01  2
2.403226092524098e-02  -1.052922145024082e-01  2
4.685944394927965e-02  -9.730463767346507e-02  2
6.733689876446905e-02  -8.443779997598024e-02  2
8.443780024084203e-02  -6.733689843234285e-02  2
9.730463780263721e-02  -4.685944368105096e-02  2
1.052922145343372e-01  -2.403226078535084e-02  2
1.052922145024082e-01  2.403226092524098e-02  2
9.730463767346507e-02  4.685944394927965e-02  2
8.443779997598024e-02  6.733689876446905e-02  2
6.733689843234285e-02  8.443780024084203e-02  2
4.685944368105096e-02  9.730463780263721e-02  2
2.403226078535084e-02  1.052922145343372e-01  2
-2.403226092524098e-02  1.052922145024082e-01  2
-4.685944394927965e-02  9.730463767346507e-02  2
-6.733689876446905e-02  8.443779997598024e-02  2
-8.443780024084203e-02  6.733689843234285e-02  2
-9.730463780263721e-02  4.685944368105096e-02  2
-1.052922145343372e-01  2.403226078535084e-02  2
-4.450418691007292e+00  1.949855824092471e+01  3
-8.677674807431035e+00  1.801937734597055e+01  3
-1.246979606771126e+01  1.563662962500848e+01  3
-1.563662967261439e+01  1.246979600801534e+01  3
-1.801937736918679e+01  8.677674759222016e+00  3
-1.949855824682306e+01  4.450418665164929e+00  3
-1.949855824092471e+01  -4.450418691007292e+00  3
-1.801937734597055e+01  -8.677674807431035e+00  3
-1.563662962500848e+01  -1.246979606771126e+01  3
-1.246979600801534e+01  -1.563662967261439e+01  3
-8.677674759222016e+00  -1.801937736918679e+01  3
-4.450418665164929e+00  -1.949855824682306e+01  3
4.450418691007292e+00  -1.949855824092471e+01  3
8.677674807431035e+00  -1.801937734597055e+01  3
1.246979606771126e+01  -1.563662962500848e+01  3
1.563662967261439e+01  -1.246979600801534e+01  3
1.801937736918679e+01  -8.677674759222016e+00  3
1.949855824682306e+01  -4.450418665164929e+00  3
1.949855824092471e+01  4.450418691007292e+00  3
1.801937734597055e+01  8.677674807431035e+00  3
1.563662962500848e+01  1.246979606771126e+01  3
1.246979600801534e+01  1.563662967261439e+01  3
8.677674759222016e+00  1.801937736918679e+01  3
4.450418665164929e+00  1.949855824682306e+01  3
0.000000000000000e+00  2.318222222218030e+00  0
0.000000000000000e+00  4.528444444434124e+00  0
0.000000000000000e+00  6.738666666649794e+00  0
0.000000000000000e+00  8.948888888865890e+00  0
0.000000000000000e+00  1.115911111108748e+01  0
0.000000000000000e+00  1.336933333331509e+01  0
0.000000000000000e+00  1.557955555554339e+01  0
0.000000000000000e+00  1.778977777777100e+01  0
2.318222222218030e+00  0.000000000000000e+00  0
4.528444444434124e+00  0.000000000000000e+00  0
6.738666666649794e+00  0.000000000000000e+00  0
8.948888888865890e+00  0.000000000000000e+00  0
1.115911111108748e+01  0.000000000000000e+00  0
1.336933333331509e+01  0.000000000000000e+00  0
1.557955555554339e+01  0.000000000000000e+00  0
1.778977777777100e+01  0.000000000000000e+00  0
0.000000000000000e+00  -2.318222222218030e+00  0
0.000000000000000e+00  -4.528444444434124e+00  0
0.000000000000000e+00  -6.738666666649794e+00  0
0.000000000000000e+00  -8.948888888865890e+00  0
0.000000000000000e+00  -1.115911111108748e+01  0
0.000000000000000e+00  -1.336933333331509e+01  0
0.000000000000000e+00  -1.557955555554339e+01  0
0.000000000000000e+00  -1.778977777777100e+01  0
-2.318222222218030e+00  0.000000000000000e+00  0
-4.528444444434124e+00  0.000000000000000e+00  0
-6.738666666649794e+00  0.000000000000000e+00  0
-8.948888888865890e+00  0.000000000000000e+00  0
-1.115911111108748e+01  0.000000000000000e+00  0
-1.336933333331509e+01  0.000000000000000e+00  0
-1.557955555554339e+01  0.000000000000000e+00  0
-1.778977777777100e+01  0.000000000000000e+00  0
8.969336790901071e-02  2.047192597531671e-02  1
8.288913579626503e-02  3.991730410421442e-02  1
7.192849627255651e-02  5.736106191458473e-02  1
5.736106162235475e-02  7.192849650560215e-02  1
3.991730387915233e-02  8.288913590464923e-02  1
2.047192585889986e-02  8.969336793558209e-02  1
-2.047192597531671e-02  8.969336790901071e-02  1
-3.991730410421442e-02  8.288913579626503e-02  1
-5.736106191458473e-02  7.192849627255651e-02  1
-7.192849650560215e-02  5.736106162235475e-02  1
-8.288913590464923e-02  3.991730387915233e-02  1
-8.969336793558209e-02  2.047192585889986e-02  1
-8.969336790901071e-02  -2.047192597531671e-02  1
-8.288913579626503e-02  -3.991730410421442e-02  1
-7.192849627255651e-02  -5.736106191458473e-02  1
-5.736106162235475e-02  -7.192849650560215e-02  1
-3.991730387915233e-02  -8.288913590464923e-02  1
-2.047192585889986e-02  -8.969336793558209e-02  1
2.047192597531671e-02  -8.969336790901071e-02  1
3.991730410421442e-02  -8.288913579626503e-02  1
5.736106191458473e-02  -7.192849627255651e-02  1
7.192849650560215e-02  -5.736106162235475e-02  1
8.288913590464923e-02  -3.991730387915233e-02  1
8.969336793558209e-02  -2.047192585889986e-02  1
0.000000000000000e+00  9.999999999998102e-02  0
9.999999999998102e-02  0.000000000000000e+00  0
0.000000000000000e+00  -9.999999999998102e-02  0
-9.999999999998102e-02  0.000000000000000e+00  0
6.723413567674238e-02  3.038843114679562e-03  4
6.644462085883261e-02  5.985352521718964e-03  4
6.515544455529090e-02  8.750000018943046e-03  4
6.340577772955830e-02  1.124878319933667e-02  4
6.124878314666014e-02  1.340577777375915e-02  4
5.874999998093501e-02  1.515544457723486e-02  4
5.598535249159738e-02  1.644462086979597e-02  4
5.303884310435090e-02  1.723413567856361e-02  4
4.696115688252856e-02  1.723413567625010e-02  4
4.401464747513355e-02  1.644462085768702e-02  4
4.124999997479287e-02  1.515544455167433e-02  4
3.875121679885440e-02  1.340577772804042e-02  4
3.659422222602763e-02  1.124878314640603e-02  4
3.484455542201854e-02  8.749999979641850e-03  4
3.355537913072064e-02  5.985352493016728e-03  4
3.276586432088636e-02  3.038843101231510e-03  4
3.276586432340391e-02  -3.038843115509188e-03  4
3.355537914105673e-02  -5.985352521414908e-03  4
3.484455544501082e-02  -8.750000019465647e-03  4
3.659422226847098e-02  -1.124878319698804e-02  4
3.875121685212866e-02  -1.340577777274284e-02  4
4.125000001803803e-02  -1.515544457664194e-02  4
4.401464750765975e-02  -1.644462086952558e-02  4
4.696115689525984e-02  -1.723413567849497e-02  4
5.303884311658932e-02  -1.723413567640564e-02  4
5.598535252318303e-02  -1.644462085829973e-02  4
5.875000002287996e-02  -1.515544455301793e-02  4
6.124878319840092e-02  -1.340577773034348e-02  4
6.340577777120168e-02  -1.124878314970802e-02  4
6.515544457903244e-02  -8.749999977821518e-03  4
6.644462086951103e-02  -5.985352492380231e-03  4
6.723413567934683e-02  -3.038843099909025e-03  4
-7.765864323935352e-03  4.634011330774518e-02  5
-8.555379141227264e-03  4.928662271110543e-02  5
-9.844555442734616e-03  5.205127020474511e-02  5
-1.159422226776080e-02  5.455005338536364e-02  5
-1.375121685739031e-02  5.670704796637983e-02  5
-1.625000002528925e-02  5.845671477005038e-02  5
-1.901464751127211e-02  5.974589106006232e-02  5
-2.196115689944465e-02  6.053540586845481e-02  5
-2.803884311849244e-02  6.053540586529201e-02  5
-3.098535252671530e-02  5.974589104623602e-02  5
-3.375000003002160e-02  5.845671473811664e-02  5
-3.624878319827344e-02  5.670704791967238e-02  5
-3.840577778148281e-02  5.455005332667737e-02  5
-4.015544458228604e-02  5.205127016140802e-02  5
-4.144462086946461e-02  4.928662268172970e-02  5
-4.223413567810120e-02  4.634011329619522e-02  5
-4.223413567573225e-02  4.026242706881367e-02  5
-4.144462085739169e-02  3.731591766354411e-02  5
-4.015544455687860e-02  3.455127017302886e-02  5
-3.840577773275733e-02  3.205248699369774e-02  5
-3.624878314681623e-02  2.989549241559377e-02  5
-3.374999997965533e-02  2.814582561124826e-02  5
-3.098535249503275e-02  2.685664932067634e-02  5
-2.803884310154096e-02  2.606713451016287e-02  5
-2.196115688125734e-02  2.606713451319599e-02  5
-1.901464747243922e-02  2.685664933251558e-02  5
-1.624999997359746e-02  2.814582563823777e-02  5
-1.375121679947327e-02  2.989549246066222e-02  5
-1.159422222329184e-02  3.205248704607629e-02  5
-9.844555419782457e-03  3.455127021345308e-02  5
-8.555379131087632e-03  3.731591769519686e-02  5
-7.765864321887115e-03  4.026242708231481e-02  5
-7.765864324091740e-03  -4.026242706981176e-02  6
-8.555379141843324e-03  -3.731591766564584e-02  6
-9.844555444085541e-03  -3.455127017135890e-02  6
-1.159422227007642e-02  -3.205248699032059e-02  6
-1.375121685579441e-02  -2.989549241340317e-02  6
-1.625000002299519e-02  -2.814582560971798e-02  6
-1.901464750900973e-02  -2.685664931920500e-02  6
-2.196115689906045e-02  -2.606713451005682e-02  6
-2.803884311819464e-02  -2.606713451309936e-02  6
-3.098535252651498e-02  -2.685664933213494e-02  6
-3.375000002949356e-02  -2.814582564002238e-02  6
-3.624878319964960e-02  -2.989549245992623e-02  6
-3.840577778027910e-02  -3.205248705033199e-02  6
-4.015544458158380e-02  -3.455127021581954e-02  6
-4.144462086914436e-02  -3.731591769583432e-02  6
-4.223413567801990e-02  -4.026242708178760e-02  6
-4.223413567571123e-02  -4.634011330974945e-02  6
-4.144462085730888e-02  -4.928662271512731e-02  6
-4.015544455669699e-02  -5.205127020572957e-02  6
-3.840577773244604e-02  -5.455005338511712e-02  6
-3.624878314562704e-02  -5.670704796384796e-02  6
-3.374999998020366e-02  -5.845671476687904e-02  6
-3.098535249622631e-02  -5.974589105733312e-02  6
-2.803884310276255e-02  -6.053540586806562e-02  6
-2.196115688095954e-02  -6.053540586519538e-02  6
-1.901464747223889e-02  -5.974589104585539e-02  6
-1.624999997306943e-02  -5.845671473990125e-02  6
-1.375121680084943e-02  -5.670704791893640e-02  6
-1.159422222208813e-02  -5.455005333093307e-02  6
-9.844555419080218e-03  -5.205127016377448e-02  6
-8.555379130767395e-03  -4.928662268236718e-02  6
-7.765864321805822e-03  -4.634011329566802e-02  6
5.726716290782463e-02  0.000000000000000e+00  0
6.154196468889618e-02  0.000000000000000e+00  0
6.405655403867247e-02  0.000000000000000e+00  0
6.553572432159112e-02  0.000000000000000e+00  0
6.640582447025356e-02  0.000000000000000e+00  0
6.691764819035567e-02  0.000000000000000e+00  0
6.721872093675900e-02  0.000000000000000e+00  0
6.739582255059254e-02  0.000000000000000e+00  0
5.000000000000000e-02  7.267162907826461e-03  0
5.000000000000000e-02  1.154196468890499e-02  0
5.000000000000000e-02  1.405655403867326e-02  0
5.000000000000000e-02  1.553572432159545e-02  0
5.000000000000000e-02  1.640582447025531e-02  0
5.000000000000000e-02  1.691764819035734e-02  0
5.000000000000000e-02  1.721872093676020e-02  0
5.000000000000000e-02  1.739582255059346e-02  0
4.273283709217716e-02  0.000000000000000e+00  0
3.845803531110592e-02  0.000000000000000e+00  0
3.594344596133214e-02  0.000000000000000e+00  0
3.446427567841151e-02  0.000000000000000e+00  0
3.359417552974696e-02  0.000000000000000e+00  0
3.308235180964375e-02  0.000000000000000e+00  0
3.278127906324031e-02  0.000000000000000e+00  0
3.260417744940663e-02  0.000000000000000e+00  0
5.000000000000000e-02  -7.267162907826461e-03  0
5.000000000000000e-02  -1.154196468890499e-02  0
5.000000000000000e-02  -1.405655403867326e-02  0
5.000000000000000e-02  -1.553572432159545e-02  0
5.000000000000000e-02  -1.640582447025531e-02  0
5.000000000000000e-02  -1.691764819035734e-02  0
5.000000000000000e-02  -1.721872093676020e-02  0
5.000000000000000e-02  -1.739582255059346e-02  0
-1.773283709217421e-02  4.330127018922194e-02  0
-1.345803531109556e-02  4.330127018922194e-02  0
-1.094344596132701e-02  4.330127018922194e-02  0
-9.464275678404681e-03  4.330127018922194e-02  0
-8.594175529744740e-03  4.330127018922194e-02  0
-8.082351809642674e-03  4.330127018922194e-02  0
-7.781279063239804e-03  4.330127018922194e-02  0
-7.604177449406533e-03  4.330127018922194e-02  0
-2.499999999999999e-02  5.056843309706123e-02  0
-2.499999999999999e-02  5.484323487813329e-02  0
-2.499999999999999e-02  5.735782422790268e-02  0
-2.499999999999999e-02  5.883699451082207e-02  0
-2.499999999999999e-02  5.970709465947911e-02  0
-2.499999999999999e-02  6.021891837958020e-02  0
-2.499999999999999e-02  6.051999112598259e-02  0
-2.499999999999999e-02  6.069709273981548e-02  0
-3.226716290782244e-02  4.330127018922194e-02  0
-3.654196468889967e-02  4.330127018922194e-02  0
-3.905655403867005e-02  4.330127018922194e-02  0
-4.053572432158785e-02  4.330127018922194e-02  0
-4.140582447025279e-02  4.330127018922194e-02  0
-4.191764819035625e-02  4.330127018922194e-02  0
-4.221872093675961e-02  4.330127018922194e-02  0
-4.239582255059336e-02  4.330127018922194e-02  0
-2.499999999999999e-02  3.603410679468379e-02  0
-2.499999999999999e-02  3.175930490246077e-02  0
-2.499999999999999e-02  2.924471557770260e-02  0
-2.499999999999999e-02  2.776554546372476e-02  0
-2.499999999999999e-02  2.689544534995122e-02  0
-2.499999999999999e-02  2.638362176431793e-02  0
-2.499999999999999e-02  2.608254910049528e-02  0
-2.499999999999999e-02  2.590544753646613e-02  0
-1.773283709217421e-02  -4.330127018922194e-02  0
-1.345803531109556e-02  -4.330127018922194e-02  0
-1.094344596132701e-02  -4.330127018922194e-02  0
-9.464275678404681e-03  -4.330127018922194e-02  0
-8.594175529744740e-03  -4.330127018922194e-02  0
-8.082351809642674e-03  -4.330127018922194e-02  0
-7.781279063239804e-03  -4.330127018922194e-02  0
-7.604177449406533e-03  -4.330127018922194e-02  0
-2.499999999999999e-02  -3.603410679468379e-02  0
-2.499999999999999e-02  -3.175930490246077e-02  0
-2.499999999999999e-02  -2.924471557770260e-02  0
-2.499999999999999e-02  -2.776554546372476e-02  0
-2.499999999999999e-02  -2.689544534995122e-02  0
-2.499999999999999e-02  -2.638362176431793e-02  0
-2.499999999999999e-02  -2.608254910049528e-02  0
-2.499999999999999e-02  -2.590544753646613e-02  0
-3.226716290782244e-02  -4.330127018922194e-02  0
-3.654196468889967e-02  -4.330127018922194e-02  0
-3.905655403867005e-02  -4.330127018922194e-02  0
-4.053572432158785e-02  -4.330127018922194e-02  0
-4.140582447025279e-02  -4.330127018922194e-02  0
-4.191764819035625e-02  -4.330127018922194e-02  0
-4.221872093675961e-02  -4.330127018922194e-02  0
-4.239582255059336e-02  -4.330127018922194e-02  0
-2.499999999999999e-02  -5.056843309706123e-02  0
-2.499999999999999e-02  -5.484323487813329e-02  0
-2.499999999999999e-02  -5.735782422790268e-02  0
-2.499999999999999e-02  -5.883699451082207e-02  0
-2.499999999999999e-02  -5.970709465947911e-02  0
-2.499999999999999e-02  -6.021891837958020e-02  0
-2.499999999999999e-02  -6.051999112598259e-02  0
-2.499999999999999e-02  -6.069709273981548e-02  0
4.110290758847863e-02  -1.843536201140736e-02  0
-3.673741930895728e-02  -2.666832048557425e-02  0
-4.792357448118779e-03  4.489182933057007e-02  0
-3.648165708164287e-02  2.686224951828244e-02  0
-5.021963358305592e-03  -4.417525007259503e-02  0
4.154777498913270e-02  1.801597333288063e-02  0
-1.302725156242036e-02  -2.694820007055636e-02  0
2.965521211531416e-02  1.555039427053469e-03  0
-1.664340381334396e-02  2.525156576640885e-02  0
-6.622637827700050e-03  3.510139532004242e-02  0
-2.700542411895707e-02  -2.347742791615096e-02  0
3.249403773295587e-02  -1.179826139514937e-02  0
3.322502197713666e-02  1.199413927205598e-02  0
-2.684979034066061e-02  2.321859881913448e-02  0
-6.538087762104257e-03  -3.534395409631495e-02  0
3.099231476656071e-02  -5.424608593389722e-03  0
-1.053207061047474e-02  2.838778746712320e-02  0
-2.024946850529963e-02  -2.388695155104205e-02  0
-4.193435573830159e-02  3.167333722848653e-02  0
-4.118871114368931e-02  -3.077829931974926e-02  0
4.833002808021949e-02  2.077974911829708e-02  0
-7.263431513475160e-03  5.214568698546888e-02  0
4.744687279839478e-02  -2.062657516043438e-02  0
-6.468733359624120e-03  -5.196416530049670e-02  0
-4.491488764921502e-02  3.819574658278702e-02  0
-4.363683312726359e-02  -3.732447921754178e-02  0
-1.012328435312535e-02  5.759723819106018e-02  0
-1.127703815974192e-02  -5.819839893215249e-02  0
-4.511535783482852e-02  4.635749534756115e-02  0
-4.539346776263542e-02  -4.440304128938638e-02  0
-1.619024477019938e-02  -6.298486508284443e-02  0
-1.558874398559343e-02  6.141009593862962e-02  0
3.902707199035105e-02  6.255951727873243e-02  0
3.952762413910361e-02  -6.015389346071529e-02  0
-7.419204540889338e-02  8.648498839575186e-03  0
5.819647687730486e-02  -1.841472697842971e-02  0
5.819721555227120e-02  1.860791064841355e-02  0
6.588622384648352e-02  -1.382403405226539e-02  0
6.550535242264330e-02  1.411247122721286e-02  0
-4.350391933583805e-02  -5.083730596428438e-02  0
-4.547499392717697e-02  5.037989489297941e-02  0
-7.242838017820509e-02  -2.302386450825800e-02  0
-2.266297655983297e-02  -6.452080743903556e-02  0
-2.361890521620725e-02  6.468372637182770e-02  0
7.113299766644150e-02  3.401912571235033e-03  0
7.098338561756024e-02  -4.302060067450702e-03  0
-3.516594844986067e-02  -6.113020711516965e-02  0
-3.776793139947224e-02  6.076105101632210e-02  0
8.603438122276633e-03  7.230810993253795e-02  0
5.249989566050716e-03  -7.724864965155828e-02  0
-3.089687209202412e-02  -6.376730360107699e-02  0
-3.084130594397043e-02  6.442862465433201e-02  0
6.450779871340034e-02  3.838815623830059e-02  0
6.313393318964627e-02  -4.052470542635093e-02  0
-6.454885642190916e-02  4.115717807333644e-02  0
7.179059032906145e-02  -2.601693572595530e-02  0
7.224532451625450e-02  2.556548812594567e-02  0
-8.180847332352227e-03  -3.259032902765247e-02  0
-4.406769421809376e-03  -3.345919305193334e-02  0
-2.317287565098782e-03  -3.157874686624381e-02  0
-3.788642793010587e-04  -3.393262741901846e-02  0
-3.906736592386144e-03  -2.920922648077372e-02  0
-2.104972740437456e-04  -2.981901238376284e-02  0
-1.511574827902843e-03  -2.704289245577018e-02  0
7.897845674005012e-04  -2.671324222774544e-02  0
-8.900600375495034e-04  -2.389597698007572e-02  0
2.001651937339100e-03  -2.474206969649244e-02  0
-6.871559778667861e-05  -2.091847741162929e-02  0
2.727570980186439e-03  -2.191178501013863e-02  0
1.781117919802190e-03  -1.860116423236088e-02  0
4.643542987894406e-03  -2.347271545157439e-02  0
4.831505077349564e-03  -1.955412128411041e-02  0
3.801490853810749e-03  -1.612079163518655e-02  0
7.812686939967826e-04  -1.540307811607227e-02  0
1.509427854196448e-03  -1.306887339591281e-02  0
-8.694193599649746e-04  -1.281970287728588e-02  0
-3.141690707674689e-04  -1.064797973475934e-02  0
-2.955984677764375e-03  -1.064815373671256e-02  0
-2.373952534106911e-03  -8.098909349577759e-03  0
-5.246733816877291e-03  -8.051277649439690e-03  0
-5.120199104461314e-03  -5.513516713770529e-03  0
-7.301995495856337e-03  -5.584572562444941e-03  0
-2.216602308393011e-03  -5.486550553897727e-03  0
-2.775143797645591e-03  -2.827966464637106e-03  0
3.533069027494058e-04  -2.624991733676330e-03  0
-9.063816912790047e-04  1.688135658304461e-05  0
2.096723076239876e-03  2.696682853686505e-04  0
6.750434980999999e-04  2.815216364485991e-03  0
3.617162389913035e-03  3.053148880656607e-03  0
-2.330270318670106e-03  2.613712888826058e-03  0
2.207512211547662e-03  5.583405621546697e-03  0
5.074243815592062e-03  5.959111216725504e-03  0
3.534689382074530e-03  8.502265233315931e-03  0
6.052811557314331e-03  9.297056371098624e-03  0
4.395667668909285e-03  1.142585108663080e-02  0
8.450569964015857e-03  1.039351142198618e-02  0
6.476930007157169e-03  1.302388901290807e-02  0
9.398246409773008e-03  1.384061528884570e-02  0
8.270027636646658e-03  1.605080493952010e-02  0
1.035974278687663e-02  1.698291237256572e-02  0
9.155028175797013e-03  1.954951221083134e-02  0
1.266147049938800e-02  1.896288828116776e-02  0
9.830466965514118e-03  2.208373092766711e-02  0
1.249643138462551e-02  2.217007302668351e-02  0
1.205572785852310e-02  2.527170482594110e-02  0
1.506592233911020e-02  2.577290012285796e-02  0
1.338701760440657e-02  2.816160497453484e-02  0
1.804376972090471e-02  2.767334246131588e-02  0
7.129126857103095e-03  -1.539726289948839e-02  0
4.963493833793899e-03  5.870839930228087e-04  0
2.143479179031072e-03  1.090629956006713e-02  0
1.015595353280299e-02  8.314593234688052e-03  0
-8.458287779086438e-03  -7.684556154272659e-03  0
-1.099080642277878e-02  -5.713370852325564e-03  0
1.421675916144632e-02  1.622546034900678e-02  0
6.384125603234820e-03  1.808227531567553e-02  0
-1.135615089304943e-02  -8.113945044993942e-03  0
-1.383523066240213e-02  -5.893485058868373e-03  0
-1.377196299807011e-02  -8.114325493140862e-03  0
-1.573888230339921e-02  -6.055212179351397e-03  0
-1.405703081804528e-02  -3.785121633892547e-03  0
-1.662237284358594e-02  -4.072304028304049e-03  0
-1.505180439815054e-02  -1.854999102576679e-03  0
-1.859547313093392e-02  -2.358021987694435e-03  0
-1.997620913913455e-02  -4.632933339773698e-03  0
-2.121020182482459e-02  -2.137949911010019e-03  0
-2.311346810376197e-02  -4.712214040594010e-03  0
-2.434503698266499e-02  -1.804145252844112e-03  0
-2.653845398050038e-02  -4.486212652422370e-03  0
-2.790620055068860e-02  -8.135884809977085e-04  0
-3.134121916564565e-02  -3.608963804634531e-03  0
-3.263287988636119e-02  1.276893453093206e-03  0
-1.692561342127291e-02  9.681868635895209e-05  0
-2.625957541948496e-02  2.823750824004775e-03  0
1.906002285447952e-02  2.416647910088253e-02  0
9.638504689853085e-03  2.687749351816218e-02  0
1.095942979326445e-02  2.959449547745381e-02  0
-2.483835318922779e-02  -6.664327666642591e-03  0
-1.247240711042761e-02  -1.045528069487337e-02  0
-1.547353843463140e-02  -1.135245007422559e-02  0
7.614439009238895e-03  3.086950465657878e-02  0
9.752122570529839e-03  3.462247173020572e-02  0
-2.184106696168461e-03  -1.526761906184344e-02  0
1.274127371630405e-03  -5.678632240678148e-03  0
-1.369161579931457e-02  9.809018188704909e-04  0
-1.555398560569897e-02  3.246784681318515e-03  0
-1.225659305385560e-02  3.850157997468400e-03  0
-1.415213691636182e-02  6.130837086575923e-03  0
-1.085836362207222e-02  6.713458933772841e-03  0
-1.280131767978311e-02  9.021205282223575e-03  0
-1.614192679299308e-02  9.853870935601963e-03  0
-9.662091292284276e-03  9.864143988804711e-03  0
-1.172554151118161e-02  1.204575692732768e-02  0
-9.171879064232563e-03  1.340434486370943e-02  0
8.603599701693153e-03  -1.807021469140387e-02  0
9.944160595392926e-03  -1.527411555490788e-02  0
1.165735380269902e-02  -1.813782667928034e-02  0
1.215893262866035e-02  -1.590302891751731e-02  0
1.390733774629872e-02  -1.741772381534882e-02  0
1.591950399434027e-02  -1.606627507720276e-02  0
1.722045023640889e-02  -1.825383222788453e-02  0
1.507728227947508e-02  -1.956104084356681e-02  0
1.956131741333967e-02  -2.013773559298274e-02  0
1.668155384204015e-02  -2.230730970406200e-02  0
2.015549714553072e-02  -2.329247813233914e-02  0
1.994271833320614e-02  -2.654976735795660e-02  0
2.418058023546500e-02  -2.635038386872800e-02  0
1.415960917035370e-02  -1.332505547120333e-02  0
1.819571863397888e-02  -1.481002685513316e-02  0
1.955761399490359e-02  -3.050023380131734e-02  0
2.443715242151581e-02  -3.065004653247351e-02  0
-1.462957432444567e-02  -1.385043208387747e-02  0
1.878609905690679e-03  -2.834568219644052e-02  0
-1.122912544810923e-02  1.475551589431854e-02  0
-7.635844627438096e-03  1.536311675652068e-02  0
-1.369146725956364e-02  1.538150156090073e-02  0
1.290662752974132e-02  3.275846214930979e-02  0
1.117292013197797e-02  3.734728003205304e-02  0
-1.671103595623820e-02  -1.459591703742351e-02  0
2.272744271061373e-02  -1.987007751433676e-02  0
-3.482980956505029e-03  -2.302612412140505e-02  0
1.577676646656868e-02  3.734280607631878e-02  0
2.119573701199156e-02  2.792839460309518e-02  0
2.261184837614534e-02  2.484389407137253e-02  0
2.601027254793728e-02  2.719037531302310e-02  0
2.737057438754399e-02  2.438778208165664e-02  0
3.054170622623539e-02  2.932804455305246e-02  0
2.555387168936965e-02  2.203147352489078e-02  0
4.497493650382260e-03  3.314450760551654e-02  0
4.118848008323201e-03  2.989252283697328e-02  0
1.537961316958529e-02  -2.997285823750185e-02  0
1.885021746268176e-02  -3.472158096356785e-02  0
-1.003126424229644e-02  1.694845257222163e-02  0
-6.068837923245963e-03  1.747912295809653e-02  0
1.196282670315949e-02  4.254267624058251e-02  0
2.808211636151737e-02  -2.547036996157359e-02  0
3.039502596591860e-02  -2.990200624857950e-02  0
3.033273268193300e-02  -3.720578944313958e-02  0
2.733804232914677e-02  3.290670891024575e-02  0
2.002067746505809e-02  4.260558968671528e-02  0
3.363884235136425e-02  3.441690993313253e-02  0
7.379473994936357e-03  -1.272413269560966e-02  0
-8.868360805400453e-03  -3.642149242207891e-03  0
-7.503916591502407e-03  1.128764695503830e-02  0
2.833182184014445e-02  1.980842678067586e-02  0
1.335973759697043e-02  -3.413050760377274e-02  0
1.547273498882744e-02  -4.001215686946559e-02  0
-1.510375813785057e-02  -1.619894777218862e-02  0
-1.304955706790071e-02  -1.731784509282449e-02  0
2.641683922214485e-02  1.667273222651941e-02  0
-1.888947423787798e-02  4.055085144791121e-03  0
8.736584643665456e-03  -4.027132286273512e-02  0
2.289090767817401e-02  1.851470139146777e-02  0
2.510568387922691e-02  1.388568080356364e-02  0
-8.670901485183700e-03  1.987249880458266e-02  0
-5.035967569664971e-03  2.048163996727842e-02  0
-2.246740630150591e-03  1.889250779289055e-02  0
-2.074125074390850e-03  2.163249961190550e-02  0
-2.731251956464627e-03  2.460062413964487e-02  0
1.442721735462492e-02  -4.752576818529344e-02  0
2.230876839204380e-02  1.430427539378745e-02  0
2.371897421346997e-02  1.162810113250037e-02  0
2.051921617080391e-02  1.199170043103182e-02  0
2.209728826538286e-02  1.008337021303098e-02  0
1.922056404971200e-02  9.388084457010571e-03  0
2.065947783946252e-02  6.392900941390547e-03  0
1.638099181079088e-02  7.679471015094046e-03  0
1.767766850113515e-02  4.562707605655676e-03  0
1.455754147020880e-02  4.354384840988217e-03  0
1.727885613604948e-02  1.511156555172702e-03  0
1.957849125412232e-02  9.091340340719485e-04  0
1.913345918152104e-02  -1.197070924592048e-03  0
1.625621270066564e-02  -1.364579581770654e-03  0
2.146982144840319e-02  -1.556730454522221e-03  0
2.032634983458443e-02  -4.040834075185368e-03  0
2.546367959320641e-02  1.019516955117056e-02  0
3.611183925282427e-02  -3.568659931886167e-02  0
-1.828636250426338e-02  -1.596251975062656e-02  0
-1.989300415106461e-02  -1.393661173797547e-02  0
-2.203438166397833e-02  -1.614173267964398e-02  0
-2.336687951823978e-02  -1.320870677830438e-02  0
1.541803904275420e-03  3.246070993866587e-02  0
3.118770102449370e-03  3.585053226501012e-02  0
2.095585443558265e-02  -4.774693201493383e-02  0
1.332822028455578e-02  -2.296141391061148e-02  0
-9.644582037127467e-03  4.452189291858416e-03  0
-2.440875198862182e-03  -3.605273889877383e-02  0
1.478723378281249e-02  4.813773130827857e-02  0
7.894264647377049e-03  4.883628619910579e-02  0
-1.441390202425329e-02  -1.958626818152816e-02  0
-1.089072458481689e-02  -1.894239468112441e-02  0
3.561049322517986e-02  2.724462202461895e-02  0
3.834485351896878e-02  3.191850946649032e-02  0
2.311848346798476e-02  -4.421838891042769e-03  0
2.198788415908446e-02  -7.056868382101115e-03  0
1.901496953882325e-02  -6.716822981590148e-03  0
5.318106798132431e-04  2.474017293134554e-02  0
-1.933448453766118e-03  2.779009430729702e-02  0
-2.459824024842528e-02  -1.680957271511590e-02  0
-2.627777422713379e-02  -1.407549085141737e-02  0
-2.682462225097897e-02  -1.755952721867527e-02  0
-2.937908139516415e-02  -1.435981306786971e-02  0
-2.990700906538254e-02  -1.747067543565290e-02  0
-3.247168616930908e-02  -1.455975163671076e-02  0
-3.518180102409506e-02  -1.684695939906894e-02  0
-3.607467547439019e-02  -1.365020970378398e-02  0
-3.901633929787140e-02  -1.863276191628772e-02  0
-4.078434037334591e-02  -1.303247971423475e-02  0
-4.553078112428072e-02  -2.001086735293154e-02  0
-4.654649134045851e-02  -1.416008627997945e-02  0
-4.305514079340960e-02  -7.054853697514079e-03  0
-4.899820969994716e-02  -8.666085926166273e-03  0
-4.568769854962733e-02  -1.794479807274516e-03  0
3.222168650325945e-02  -2.498441224422622e-02  0
3.201767985330772e-02  -2.127039050694284e-02  0
-1.188672282603199e-02  2.057204077240375e-02  0
7.112670427268378e-03  -4.576465098443863e-02  0
2.246085487758504e-05  3.504765331848180e-02  0
1.217137442638606e-03  3.831702822189099e-02  0
2.205864174108400e-02  7.477149957776300e-04  0
3.406249460238724e-02  -4.337963340288686e-02  0
2.525429360183450e-02  -7.608097261790997e-03  0
2.329899169967541e-02  -1.005742973144272e-02  0
2.605522936880255e-02  -1.047740683612836e-02  0
2.446402350544641e-02  -1.266922509607511e-02  0
-1.175252552166822e-03  3.242739172465829e-02  0
3.090170578526108e-02  1.779125058385080e-02  0
3.481876952677921e-02  4.065187767313498e-02  0
1.998300006388512e-02  1.773329933894663e-02  0
1.084828680545270e-02  -3.004362816221861e-02  0
2.001841344334517e-03  -1.086171607419850e-02  0
1.483583985002986e-02  1.023046500895696e-02  0
-9.052705367593580e-03  -1.639432227675509e-02  0
-7.214291699220500e-03  -1.841932244165897e-02  0
-8.891850527427851e-03  -2.062240427028058e-02  0
-3.543605053041046e-02  -1.082472519478138e-02  0
-4.732742783390578e-03  2.708005578103833e-02  0
-5.219945953266277e-02  -2.001816434478953e-02  0
8.670251130761714e-03  -5.289074195613172e-02  0
4.003035936868970e-02  -3.976864616058246e-02  0
4.549260451858030e-02  -3.282419752244188e-02  0
5.893390110383271e-04  1.863348305647912e-02  0
4.251480744305809e-04  1.587191430920821e-02  0
-2.152401530788453e-02  -1.137730340458476e-02  0
-3.290719322444575e-02  -1.978080361464579e-02  0
-8.903379046541555e-03  2.321943467597474e-02  0
1.799256052233221e-03  -3.576036047905762e-02  0
1.882487373315200e-04  -3.877627285915141e-02  0
2.681523866161271e-02  -1.275554579260992e-02  0
2.636193265087184e-02  -1.513464987488136e-02  0
2.931777182137454e-02  -1.503699914349718e-02  0
-5.274849049630872e-02  -1.927242524253763e-03  0
-4.828079794241189e-02  3.496150196062137e-03  0
-4.304661781840346e-02  4.869384019202829e-03  0
-4.438311030941748e-02  1.001910396811540e-02  0
-3.897874787019264e-02  1.170374006147305e-02  0
-4.166133443790604e-02  1.568339519469152e-02  0
-4.635294135630433e-02  1.587037196777556e-02  0
-3.640311415212033e-02  1.572794995026062e-02  0
-3.480347721499862e-02  1.060520549723748e-02  0
-3.273190459620790e-02  1.370034073336242e-02  0
-2.994317237361526e-02  1.023945590431591e-02  0
-2.690108705049369e-02  1.319133808877122e-02  0
-2.543820405538276e-02  9.978646777675546e-03  0
-2.370792889466983e-02  1.373305094587754e-02  0
-3.371394294519201e-02  1.782828738329075e-02  0
-4.449008459699133e-02  2.131190944265881e-02  0
-5.216927323301811e-02  2.223267228527406e-02  0
-2.432081742708855e-02  1.670651201323181e-02  0
-2.180020865494467e-02  1.649110936596583e-02  0
-3.296822447765834e-02  6.601801418897897e-03  0
-2.240488126648310e-02  1.137355314410591e-02  0
-2.329692031177521e-02  8.377388609540928e-03  0
-2.896888321975941e-02  -1.101535529612106e-02  0
3.572050463750779e-02  -2.065858012404957e-02  0
3.625486923972247e-02  -2.457436592490403e-02  0
4.230713228150609e-02  2.804377006752752e-02  0
4.653137766545065e-02  3.150484599206596e-02  0
-2.820892485068512e-03  3.925175285747568e-02  0
-2.330952753675286e-02  -1.900020479647654e-02  0
-2.268804828750741e-04  4.168019891814268e-02  0
3.296440619864358e-02  1.987774283947295e-02  0
2.180986588017468e-02  5.220933883518361e-02  0
2.163545349577080e-03  -5.235783039020086e-02  0
1.829644471522199e-02  5.697434313020221e-02  0
-5.566342156517601e-02  1.588302724206852e-02  0
9.544127588180599e-03  -2.111748465047110e-02  0
-3.550180640195958e-02  -3.352604300429505e-03  0
-6.015111645640459e-02  -7.119082599502376e-03  0
3.281185498198707e-03  1.582300340991026e-02  0
3.555386541837252e-02  1.726746732765343e-02  0
3.633052842474612e-02  2.132208232924657e-02  0
4.439195347394222e-03  3.963391127660182e-02  0
-2.273876077896618e-02  1.963596146128588e-02  0
-2.005188864369201e-02  1.829520624370205e-02  0
-1.906107985376310e-02  1.628540160780691e-02  0
-1.727641130526639e-02  1.882255024903620e-02  0
-5.890116664367587e-02  5.860003632542546e-03  0
-5.999347996177015e-02  2.349105163737106e-02  0
-5.357222993641877e-02  3.193889914749816e-02  0
-3.669216346966821e-02  7.983803930694255e-04  0
-4.666599562055627e-02  -2.513943694796241e-02  0
-5.216480617984337e-02  -2.549028126431883e-02  0
1.827619245269999e-02  3.198374028493872e-02  0
2.891946108523871e-02  -9.673253543924541e-03  0
2.365396901074745e-02  -1.486605660802551e-02  0
3.865047212247480e-03  -3.323512615129749e-02  0
-1.168040493596550e-02  2.335178212736682e-02  0
-5.062145172091320e-02  -3.095540579363851e-02  0
-5.631119482891204e-02  -3.292037696650609e-02  0
2.598905069387791e-02  -4.705568578622677e-03  0
2.237292732170237e-02  3.718912695209860e-02  0
3.543275184702025e-02  -1.453018926677250e-02  0
-1.023504257419080e-02  -2.997316869159854e-02  0
-1.061798558047595e-02  -2.680218210043961e-02  0
-1.315269913625220e-02  -2.455326179616918e-02  0
-1.565392386369956e-02  -2.458539903798463e-02  0
2.952911496393580e-02  -2.247663288782719e-03  0
2.784732776707099e-02  -1.905309950957247e-04  0
2.757178853367251e-02  3.817469927786201e-03  0
3.002943435162668e-02  5.175178113926024e-03  0
3.067895134900243e-02  7.959911967097387e-03  0
-1.897145532841824e-02  2.421717213707782e-02  0
-3.045593510362811e-02  2.412528332108463e-02  0
-2.928229711951691e-02  2.139594052346436e-02  0
-3.269298475109159e-02  2.331977123682195e-02  0
-7.659756156237377e-03  3.139358145484340e-02  0
-4.023685532513385e-02  -2.366385724023231e-02  0
-3.373265767053499e-02  -2.509849315150898e-02  0
-3.939933324319542e-02  2.862653861243038e-02  0
-4.226635575483641e-02  2.882259676240437e-02  0
-5.120540051198118e-03  -4.167506557037026e-02  0
-7.773020623718409e-03  -2.773921848082136e-02  0
1.010715215920162e-03  2.732480631848936e-02  0
3.339782735388773e-03  2.455542768565149e-02  0
3.829267155102672e-02  -1.677433361387450e-02  0
-5.495228425456725e-02  5.319331002062990e-02  0
-3.563273151901972e-03  3.004713538602135e-02  0
-3.882884742627395e-02  2.499990973990770e-02  0
-1.441938056077970e-02  2.083888161310954e-02  0
-4.810755514245891e-03  4.152638544735623e-02  0
-2.316969387370676e-02  2.337188992352120e-02  0
-5.313198618034520e-02  -3.802335023297872e-02  0
-5.977179823027542e-02  -3.786650250355043e-02  0
-5.918107244781835e-02  -4.536411231559447e-02  0
7.455859053816027e-03  -5.950724544519024e-02  0
1.517124897104882e-02  -5.891934757885575e-02  0
6.922390121913108e-04  -5.836620119671519e-02  0
2.812146648384839e-02  -7.028351611005954e-02  0
4.901899037377160e-02  2.661046763421981e-02  0
-2.342899504257417e-02  -2.310331043417708e-02  0
8.561098912057263e-03  -3.572572225741353e-02  0
2.012206317351068e-03  -4.769191321851052e-02  0
-3.054995314284187e-02  -2.388301299218974e-02  0
-1.376766727628527e-02  2.659686935559053e-02  0
-7.930108112743833e-03  2.868015275073469e-02  0
3.848691213064509e-02  1.669284619875762e-02  0
-2.940779131598189e-02  1.628712452457143e-02  0
-5.924640850054386e-02  -1.850888033428688e-02  0
-3.939663246615126e-02  1.948655015938154e-02  0
6.394066286754443e-02  2.818849829717256e-02  0
6.187821892930040e-02  -2.958108328430313e-02  0
-3.982671088446645e-02  -2.817407798122931e-02  0
-3.641198106979080e-03  3.606586251757259e-02  0
4.421119305001626e-03  -3.951982339858944e-02  0
7.266709811122944e-03  -3.202565172645531e-02  0
8.115929799327338e-03  -2.716107830216711e-02  0
5.675403300588756e-02  4.934206886237073e-02  0
5.931790915982988e-02  -5.231449709994997e-02  0
-5.521920141467312e-03  4.851140472615570e-02  0
-2.786179471987686e-03  5.148793165768798e-02  0
-2.496041353297622e-03  4.688995003108338e-02  0
-4.763879700248607e-03  5.549613972429124e-02  0
-4.883045098380333e-04  5.683644115427511e-02  0
-3.624928593159142e-03  6.068119039193066e-02  0
-4.609887565162940e-03  7.727518140048678e-02  0
2.674208209685739e-03  4.990424721597184e-02  0
4.543487033993319e-03  6.058789054078643e-02  0
5.957158359045109e-03  5.429117780808814e-02  0
-9.021986075744526e-03  -5.571326378036461e-02  0
-4.976149030645209e-03  -4.925859470667200e-02  0
2.933745126305799e-02  1.439759141824867e-02  0
3.039192471756331e-02  7.282870653494307e-02  0
-7.686973345034641e-02  -4.772616298628011e-03  0
-3.800961470349658e-02  5.769100923167883e-03  0
5.182866280197491e-02  2.032652660256725e-02  0
4.459192177728149e-02  1.952886498086090e-02  0
5.173999635122709e-02  -2.041174830664665e-02  0
5.060908859658750e-02  -2.302679820554702e-02  0
5.539022518592913e-02  -2.463402739512186e-02  0
4.537468788356211e-02  -2.427209075064940e-02  0
5.212600721927978e-02  -2.960004303415417e-02  0
4.329022201925977e-02  -2.027311498909866e-02  0
2.728643743543443e-02  6.754176010244922e-03  0
-7.253492261707911e-02  2.610171563886002e-02  0
4.170703511906373e-02  2.116305053693801e-02  0
-3.617772968623356e-02  2.388155716762504e-02  0
-5.694162277062518e-03  3.824181414829256e-02  0
-7.356233005606711e-03  -2.434358495341593e-02  0
-2.923624641215070e-02  -2.132617553719198e-02  0
2.416549277314155e-02  4.061782840535951e-03  0
-4.401294587321685e-03  3.278155754948701e-02  0
2.908169765370721e-02  -1.784342496643316e-02  0
-2.060343062577116e-02  7.715930545995783e-03  0
-4.323270652982141e-02  3.572369211616556e-02  0
-4.579609484030985e-02  -3.979969106387134e-02  0
-4.381380780215820e-02  -3.407470702825615e-02  0
-4.804888808054873e-03  -3.799992604335111e-02  0
2.767317157607143e-02  -2.144518916604816e-02  0
4.537364377068599e-02  2.345494466762832e-02  0
6.903574785874434e-03  2.715052746155237e-02  0
2.700314477809341e-02  1.233969179249082e-02  0
-2.195387060504102e-02  4.833208200840934e-03  0
3.218772778266252e-02  -1.784294093464759e-02  0
9.322828557238873e-03  2.427383837192986e-02  0
2.071800517502173e-02  2.148611025473978e-02  0
1.852704679345516e-02  1.962457689763042e-02  0
5.434679690971347e-02  -2.002613875919720e-02  0
5.431310558504488e-02  2.003298549735729e-02  0
5.498451662706027e-02  2.415674192932453e-02  0
5.435293879641301e-02  3.202228413716370e-02  0
2.560350847781350e-02  4.543260589666006e-02  0
3.303109723539367e-02  4.827288203655870e-02  0
4.298116222323456e-02  5.065904214785686e-02  0
-3.921879746574278e-02  -4.268610411253650e-03  0
3.066110661271077e-02  1.149668600115365e-02  0
1.812005637033240e-03  4.594400382181168e-02  0
7.701282819561291e-02  -1.648272639847925e-02  0
7.660375138684836e-02  1.642490410223607e-02  0
3.307441187654377e-02  1.492134255124149e-02  0
4.011984535686027e-02  -2.296009923619192e-02  0
1.865957201050065e-02  1.488894551000110e-02  0
3.891213928122046e-02  -1.957736271998926e-02  0
-2.072175271183279e-02  1.457055064088734e-02  0
-1.784024828899874e-02  1.341256753241045e-02  0
-1.073336109589054e-03  3.023935634348831e-02  0
5.279192619449406e-02  -3.840390108121697e-02  0
-2.571840795750617e-02  -2.073645083298185e-02  0
-1.730263409080253e-02  2.148888096377423e-02  0
-2.974150228629114e-03  1.566476223385678e-02  0
-1.291860188976029e-03  1.274605240403757e-02  0
-1.983273239558564e-03  -5.136662211641561e-02  0
-2.738744830324951e-02  7.612911510834516e-03  0
-1.970682442694997e-02  -1.806078209885695e-02  0
1.370754728806659e-02  6.767327366840211e-03  0
1.191438472684426e-02  4.091501491837361e-03  0
1.373042194712584e-02  1.382602762241058e-03  0
1.155247204686757e-02  -1.434422323482810e-03  0
1.382857653997318e-02  -3.267859576018034e-03  0
9.848277455404470e-03  -3.477028889620593e-03  0
1.142812373567193e-02  -5.930734537428248e-03  0
8.295779192038092e-03  -6.517621288575412e-03  0
7.381720373034085e-03  -4.185060548870808e-03  0
5.596896232103664e-03  -7.176633173527437e-03  0
1.115899749281399e-02  -9.510456841703676e-03  0
1.025065894176333e-02  1.327620442943027e-03  0
9.341322281495578e-03  3.719293750121982e-03  0
1.566577795196467e-02  -5.917694852303234e-03  0
-1.170678241592712e-02  -1.419218205783892e-02  0
-6.321980681643637e-03  -1.390683232751517e-02  0
1.697920229733946e-02  1.170029616126244e-02  0
1.327941873735483e-02  1.261587674413463e-02  0
-1.685255546891140e-02  -1.844789955295938e-02  0
7.431041619381309e-03  -9.506191146008093e-03  0
1.775312056135817e-02  -1.239488849087294e-02  0
2.031809484371552e-02  -1.190013638759397e-02  0
8.572763594935248e-03  -1.302784059392702e-03  0
1.054268071516935e-02  -1.266970621167156e-02  0
1.470074946092038e-02  -9.543284785780893e-03  0
1.791572221881803e-02  -3.356783647861651e-03  0
-1.267927361506155e-02  -1.222887305906401e-03  0
-1.110080661087479e-02  1.581715299394686e-03  0
-8.243462102821794e-03  2.009194223854816e-03  0
-6.759234042401200e-03  4.927804165758777e-03  0
-8.259923836828088e-03  7.502046340118208e-03  0
-5.136635015404332e-03  8.469181867247710e-03  0
-2.922661334932020e-03  1.078762487475155e-02  0
-1.645273437391734e-03  7.872854711038902e-03  0
-2.513026145620860e-03  -2.107547389109965e-02  0
-8.478046752050830e-04  -1.792714783689408e-02  0
-1.746469549313713e-02  6.959496624038924e-03  0
-5.555232396275803e-03  -1.059065400129669e-02  0
9.675243843125190e-05  -8.407408137753598e-03  0
3.352933337858451e-03  -2.274116341567363e-03  0
-3.956631928799369e-03  -2.222013920515809e-04  0
4.319781304753374e-03  -1.301164098035704e-02  0
-5.845858981452746e-03  -3.060846101273398e-03  0
-8.823598802150336e-03  -1.124374609336101e-02  0
-1.930810249966623e-02  7.572630953855797e-02  0
-1.197588053491934e-02  -3.346951295312006e-03  0
5.134962575105347e-02  4.012146626603380e-02  0
-9.899517447982941e-03  -8.706929216490915e-04  0
3.595783344747763e-02  1.423486262923300e-02  0
-6.887819904648775e-04  5.430111284693158e-03  0
2.847553052424895e-02  -7.270123815323808e-03  0
-5.340613110659173e-03  1.319454600879995e-02  0
-2.148623244584638e-02  -6.725097773916935e-03  0
-3.523245714262508e-03  -1.933496908148520e-02  0
-6.978010237614675e-03  -5.422140605598780e-04  0
-5.324098195481079e-03  2.333634988460645e-03  0
-3.716515919972652e-03  5.280104288771560e-03  0
-3.276720628136810e-03  -1.303703560864150e-02  0
-4.823782812892567e-02  3.573926625280260e-02  0
-5.027383822550628e-02  3.973000401116967e-02  0
3.930206960886503e-03  -2.688105107018796e-02  0
-1.840167525069102e-02  -6.156725552977578e-03  0
9.286840536346362e-04  8.135566553315069e-03  0
-1.709285441510329e-02  -8.657498704395685e-03  0
-1.261625593067380e-02  1.791081483777414e-02  0
-5.989464597091329e-03  -2.135815729486218e-02  0
-4.850776124351116e-03  -1.687693040121183e-02  0
-3.560994958416797e-02  -2.149140328847056e-02  0
-1.788893387563196e-02  -1.232088059872761e-02  0
1.098495131738763e-03  1.329728053018716e-02  0
-6.015245959587611e-03  2.362534987081393e-02  0
9.223852796453376e-06  1.042905557248445e-02  0
-2.014920424145898e-02  1.005005049789951e-03  0
3.485696248192593e-03  1.359877682514970e-02  0
1.087905480329347e-02  1.150378470333402e-02  0
1.325072980524667e-03  2.185942183782692e-02  0
5.868782837132234e-03  1.561321772982664e-02  0
3.376419739875396e-03  1.819170050652997e-02  0
1.804108824023337e-02  -9.568124110791902e-03  0
-9.253689679366239e-03  2.575938055847186e-02  0
6.806936006591805e-03  -2.213254435914058e-02  0
-2.491435513279416e-02  -1.086957941521595e-02  0
-3.215579900369748e-02  -7.764048526836281e-03  0
-1.939793729008841e-02  -9.218762246382935e-03  0
1.241633628752478e-02  -2.043310712814444e-02  0
-4.477432995721711e-02  -4.754566744195778e-02  0
-4.802766975862467e-02  -5.104462654860331e-02  0
-4.116743758696457e-02  -1.875037523063962e-04  0
-5.133762338528065e-02  6.070136519401841e-02  0
-1.921762015018427e-02  1.060297899175087e-02  0
-1.532532704373787e-02  -2.199754901178810e-02  0
1.995664111231838e-02  -1.694429395692858e-02  0
-1.819170228354978e-03  -4.349600598594443e-02  0
7.565128898747603e-03  2.149416961654577e-02  0
8.039547281848324e-03  -2.433873733706267e-02  0
-2.323655291160668e-02  1.726149968153820e-03  0
3.075776744328158e-02  2.339095631964035e-02  0
2.410071086310964e-02  -1.890652033609859e-03  0
2.096597847836908e-02  -9.652099139638447e-03  0
-2.848771761539497e-02  -6.457675778524105e-03  0
-7.349434880420255e-03  -7.572555754506602e-02  0
-2.024190344384918e-02  -7.537555366570692e-02  0
3.246853791707396e-02  -1.475331231545976e-02  0
-5.607678581235150e-02  -5.437365647344095e-02  0
-4.798741226130653e-02  -6.332617264979902e-02  0
1.154292593230780e-02  -2.650022880191542e-02  0
4.818660156626705e-03  2.075344476728936e-02  0
6.462888363338340e-03  3.413894547843061e-03  0
-5.080912608125986e-02  -4.383902175956687e-02  0
2.833539002554737e-02  9.662889209296571e-03  0
-2.317243555809565e-02  -8.940944664127036e-03  0
-1.487555271639598e-02  1.267754665153520e-02  0
-6.428931947410932e-02  1.622656604704604e-02  0
-6.582424313230271e-02  4.255615095927777e-04  0
1.290408502935583e-03  -3.187152932465336e-02  0
-4.305041650369291e-02  6.940709571961597e-02  0
-4.414996493696571e-02  6.217505055410617e-02  0
-3.066799666865277e-02  7.381979918811132e-02  0
-1.651738213442219e-02  6.746208323364519e-02  0
2.563545993187874e-02  -1.814079831941326e-02  0
3.741111209516629e-02  -3.029090730512466e-02  0
4.224240808145942e-02  -2.656845379255117e-02  0
-2.473134774186690e-02  5.892108572653877e-03  0
-1.770463599898586e-02  -2.153126863190290e-02  0
-3.237843806522094e-02  -1.103598568292233e-02  0
1.519301386325497e-02  3.036997890427169e-02  0
-3.200147683091004e-02  2.116337808453678e-02  0
3.545619249606367e-02  -1.738119603519581e-02  0
-4.047532446047611e-02  -7.053445170454152e-02  0
-4.424278588316688e-02  -5.642213122878672e-02  0
-2.906766676110040e-02  4.449002260104146e-03  0
7.888695988419087e-02  -6.726798488193859e-03  0
7.146080931737858e-02  -1.196341098238856e-02  0
7.791928287036123e-02  6.178287659259606e-03  0
7.245884464329172e-02  1.031611057688680e-02  0
7.554242954193287e-02  -9.560662041262105e-04  0
-1.663612527772959e-02  1.629138231898706e-02  0
-6.617752304350250e-03  -6.004007970496703e-02  0
-1.193763330976038e-02  -6.276105731110017e-02  0
-4.368851387191264e-03  -6.723663244295390e-02  0
4.665699035363112e-03  -6.665448875228815e-02  0
3.617672092576471e-02  -4.986058558596558e-02  0
2.547509661289378e-02  -5.744667400622859e-02  0
6.260224042563919e-03  3.639561876574880e-02  0
6.735075245062855e-02  2.013354821499778e-02  0
6.699756518166727e-02  -2.035647563783773e-02  0
2.114894278693558e-02  3.311259895561160e-03  0
-4.508687046255631e-02  3.299212177347573e-02  0
-4.534478673003660e-02  -2.952770495029575e-02  0
1.240137263635360e-02  9.174546923435148e-03  0
1.182452317546838e-02  1.495750892337550e-02  0
3.187013683836301e-02  -8.741021160268017e-03  0
1.644555016800303e-02  1.777288045074475e-02  0
-4.632903958462234e-02  4.132854966177140e-02  0
-3.299853298452327e-02  -7.262352566737150e-02  0
-1.716444515385749e-02  -6.756239659210266e-02  0
2.132360860347747e-05  6.504545858491638e-02  0
-7.966587543413806e-03  6.715713178329431e-02  0
-4.670827840424100e-02  2.848967264288937e-02  0
1.541447259992806e-02  1.396212543190081e-02  0
3.052333291202408e-03  -8.473387275507137e-03  0
2.934996068853301e-02  -1.228695583498731e-02  0
1.131530667977817e-02  6.215409622017658e-03  0
-2.665879818480806e-02  -8.847272482786510e-03  0
2.395098597106447e-02  7.490112417238614e-03  0
3.908628884403711e-02  2.451791447693829e-02  0
8.170604614325349e-03  6.643695571115107e-03  0
2.883015602350526e-02  5.680524561333758e-02  0
-1.270223059248881e-02  -2.152097240897742e-02  0
-4.852558673896751e-02  -3.580097963808478e-02  0
-4.736979243981910e-03  -2.603861020016873e-02  0
-6.724078871298181e-02  -1.393393557036209e-02  0
4.413333029824671e-03  -1.059966853478873e-02  0
1.507396892045964e-02  1.954352982722335e-02  0
1.066992407632703e-02  6.212747322486243e-02  0
3.422293244266494e-02  2.417959694092611e-02  0
6.281462914663612e-02  -1.725368369102041e-02  0
6.296669663953186e-02  1.732772033655255e-02  0
7.653328977901124e-03  9.394616360465586e-04  0
-1.177689508716342e-02  6.006594451417824e-02  0
6.237615679637058e-02  -2.247823042662873e-02  0
6.366270267627920e-02  2.216204599739540e-02  0
-7.689060474110289e-03  5.467008473591684e-02  0
-3.851480868717198e-02  -9.464902704507264e-03  0
4.848694177825830e-03  -3.635421277618474e-02  0
-2.090169081866457e-02  -2.114936133722882e-02  0
1.537137946508820e-02  -2.603345809980722e-02  0
-2.110016672957243e-02  2.190580979526998e-02  0
2.305367339274764e-02  3.144157990549297e-02  0
-1.901555107546705e-02  -6.234587839768332e-02  0
-1.939364174946261e-02  6.328599313600632e-02  0
6.125934731497625e-03  -1.799843923679972e-03  0
-3.569820868737401e-02  6.756452660562895e-02  0
-7.732203293296257e-03  6.167680383884053e-02  0
-5.637303914038917e-02  4.568122429353797e-02  0
2.339532021670348e-02  -4.174316789502085e-02  0
4.486306326004182e-03  -4.833794794972541e-03  0
6.324407125144460e-03  2.388282011334728e-02  0
1.063792974487987e-02  -2.379546661891671e-02  0
3.162839000391495e-03  4.233077455908450e-02  0
6.833454960966394e-03  4.435837714417063e-02  0
-3.332775483289575e-02  6.103394882666340e-02  0
-2.631578861243228e-02  6.842628964963444e-02  0
-4.752959015981191e-02  5.502374825378654e-02  0
-4.982554242513794e-02  4.935211195960869e-02  0
-5.543486814705118e-02  3.888094198521913e-02  0
2.059802937105551e-03  -4.299304607076689e-02  0
-1.282957607329721e-02  -5.983704159273726e-02  0
2.261003868017973e-02  -1.204474665125152e-02  0
-5.378973284467817e-02  -1.330956504544116e-02  0
-3.417023781018405e-02  -6.672724842684319e-02  0
-2.125845073156308e-03  -4.720762106623953e-02  0
4.836702994230838e-02  -2.651098763051974e-02  0
-1.494913979167505e-02  1.865016680323106e-02  0
-2.495533615785011e-02  2.132393888262085e-02  0
-3.103363028674680e-03  4.311668238337071e-02  0
-6.057254483992445e-03  -3.072341767406539e-02  0
-3.875820095772089e-02  -2.633660714292902e-02  0
-3.711695828448758e-03  -5.462738072962624e-02  0
2.359777766215798e-02  -3.534590417226714e-02  0
2.818018146399528e-02  3.804809003587609e-02  0
-1.313706122893786e-02  6.374572201164123e-02  0
1.884036323299562e-02  -5.246651627337733e-02  0
2.832281155259394e-02  -4.849024109488895e-02  0
-5.141157583974575e-02  1.027090093267509e-02  0
-4.955140281542383e-02  4.503249269521507e-02  0
-1.472859266795839e-02  2.384821774000975e-02  0
3.926932668133670e-02  1.921076914283031e-02  0
-1.021645496655710e-02  -2.360935556050680e-02  0
-2.651834367695530e-02  -6.813319204150248e-02  0
3.910888754860891e-03  2.724741310502904e-02  0
2.108296714757332e-02  -1.412109397108248e-02  0
-6.297874928928435e-02  3.022467003463339e-02  0
4.318927057832220e-02  3.879631352481471e-02  0
5.797905373347323e-03  -2.540375326524033e-02  0
-3.597567385513174e-02  -7.201256574439476e-03  0
-6.090841394550784e-02  -2.645065961675313e-02  0
-1.162132481026996e-02  2.592425166956738e-02  0
-3.917777274467354e-02  -5.853852517159552e-02  0
-4.192924693987787e-02  -5.336502967924409e-02  0
1.284696794770215e-02  5.578431095385846e-02  0
-1.954043296029910e-02  2.067115285102855e-02  0
-7.150143912745957e-02  -3.380661279527909e-02  0
-2.990721092919826e-02  -8.259497586441334e-03  0
-3.038782982308200e-03  -4.062884517568979e-02  0
-2.998818459352018e-02  1.694737512564054e-03  0
6.932529084095618e-02  1.616822956442260e-02  0
6.845182183452247e-02  1.136016812866077e-02  0
6.971770202297507e-02  7.314338814823091e-03  0
6.950512825951838e-02  -1.630696271632657e-02  0
6.747050725992920e-02  -1.076169593365008e-02  0
6.898458448252690e-02  -7.790559700850029e-03  0
-3.293106114499420e-02  -2.297550043660698e-02  0
5.933266445006015e-02  2.321399835369489e-02  0
3.247873377457969e-02  9.744828176118728e-03  0
-3.489687384061023e-02  2.119106850582901e-02  0
-6.975066698317577e-03  2.630422407322794e-02  0
4.678800157722499e-02  -4.791347420353573e-02  0
-4.323318027366511e-02  2.521389192935213e-02  0
-2.697842929594074e-02  1.885918692586971e-02  0
-3.642449566797705e-02  -2.414440975483209e-02  0
-2.663568555149387e-02  -6.256361003091980e-02  0
1.603081282787714e-02  2.224401569694273e-02  0
8.611611316548745e-03  3.994782102515057e-02  0
-6.670466099322607e-02  -4.526869326491452e-02  0
-1.829477364025840e-02  -2.427097906885376e-02  0
5.618273703889213e-03  -2.914851867368812e-02  0
2.054772939854599e-02  6.449448103664311e-02  0
-1.135202212281556e-02  -6.775583504663471e-02  0
-4.266303156876024e-02  -2.634694181974037e-02  0
-4.298508269934796e-02  5.658953610667316e-02  0
-3.985185935694198e-02  5.718115998425310e-02  0
7.379859964708527e-02  -7.898730872922324e-03  0
2.656119729068829e-02  -2.378935404584194e-03  0
2.504594363047177e-02  1.000922009869228e-03  0
-5.557328106039077e-03  2.920329548388437e-02  0
3.285272033149932e-03  -3.035823210367470e-02  0
-7.090832883800788e-03  5.784294790969319e-02  0
5.525395354632463e-02  -3.262506800509313e-02  0
1.516102543176525e-02  -6.745418695499032e-02  0
1.657469991412973e-02  -7.741569718234978e-02  0
1.410282551591959e-03  3.001223732210673e-02  0
2.354522602884259e-02  -2.270057843839816e-02  0
-3.864019462766265e-02  -6.408982079234285e-02  0
-3.120518934396579e-02  1.883610869525875e-02  0
5.887982493292033e-02  -2.196550607251785e-02  0
2.892577001361880e-02  6.566155786780143e-03  0
3.043517833531846e-02  -7.026916616068827e-03  0
5.100432260726372e-02  2.304912495109911e-02  0
2.875168112249229e-02  -4.924568107359882e-03  0
2.279106623487489e-02  -1.719904701157387e-02  0
-3.433037116496407e-02  2.560194261474788e-02  0
-9.497245017756800e-04  4.425460375657798e-02  0
-2.225209345027463e-02  9.749279120569095e-02  0
-4.338837402673880e-02  9.009688673484795e-02  0
-6.234898033951506e-02  7.818314812425353e-02  0
-7.818314837320725e-02  6.234898002733696e-02  0
-9.009688685362613e-02  4.338837378009341e-02  0
-9.749279123494115e-02  2.225209332212112e-02  0
-9.749279120569095e-02  -2.225209345027463e-02  0
-9.009688673484795e-02  -4.338837402673880e-02  0
-7.818314812425353e-02  -6.234898033951506e-02  0
-6.234898002733696e-02  -7.818314837320725e-02  0
-4.338837378009341e-02  -9.009688685362613e-02  0
-2.225209332212112e-02  -9.749279123494115e-02  0
2.225209345027463e-02  -9.749279120569095e-02  0
4.338837402673880e-02  -9.009688673484795e-02  0
6.234898033951506e-02  -7.818314812425353e-02  0
7.818314837320725e-02  -6.234898002733696e-02  0
9.009688685362613e-02  -4.338837378009341e-02  0
9.749279123494115e-02  -2.225209332212112e-02  0
9.749279120569095e-02  2.225209345027463e-02  0
9.009688673484795e-02  4.338837402673880e-02  0
7.818314812425353e-02  6.234898033951506e-02  0
6.234898002733696e-02  7.818314837320725e-02  0
4.338837378009341e-02  9.009688685362613e-02  0
2.225209332212112e-02  9.749279123494115e-02  0
-3.958597976552223e+00  1.734375090464896e+01  0
-3.466777262097464e+00  1.518894356837456e+01  0
-2.974956547642549e+00  1.303413623209949e+01  0
-2.483135833187789e+00  1.087932889582510e+01  0
-1.991315118734368e+00  8.724521559556560e+00  0
-1.499494404282170e+00  6.569714223293392e+00  0
-1.007673689830067e+00  4.414906887030635e+00  0
-5.158529753778693e-01  2.260099550767465e+00  0
-7.718695322596791e+00  1.602803593393144e+01  0
-6.759715837763146e+00  1.403669452189358e+01  0
-5.800736352929201e+00  1.204535310985509e+01  0
-4.841756868095558e+00  1.005401169781723e+01  0
-3.882777383264525e+00  8.062670285784783e+00  0
-2.923797898435877e+00  6.071328873757293e+00  0
-1.964818413607413e+00  4.079987461730186e+00  0
-1.005838928778767e+00  2.088646049702698e+00  0
-1.109174504893517e+01  1.390860831111068e+01  0
-9.713694030159946e+00  1.218058699721397e+01  0
-8.335643011384288e+00  1.045256568331672e+01  0
-6.957591992609062e+00  8.724544369420006e+00  0
-5.579540973837590e+00  6.996523055528000e+00  0
-4.201489955069546e+00  5.268501741640287e+00  0
-2.823438936301764e+00  3.540480427752911e+00  0
-1.445387917533720e+00  1.812459113865202e+00  0
-1.390860835345648e+01  1.109174499583522e+01  0
-1.218058703429965e+01  9.713693983655979e+00  0
-1.045256571514228e+01  8.335642971476297e+00  0
-8.724544395985449e+00  6.957591959297050e+00  0
-6.996523076833324e+00  5.579540947121556e+00  0
-5.268501757685499e+00  4.201489934949487e+00  0
-3.540480438538005e+00  2.823438922777684e+00  0
-1.812459119390181e+00  1.445387910605617e+00  0
-1.602803595458245e+01  7.718695279714526e+00  0
-1.403669453997935e+01  6.759715800207637e+00  0
-1.204535312537564e+01  5.800736320700446e+00  0
-1.005401171077255e+01  4.841756841193556e+00  0
-8.062670296174872e+00  3.882777361689278e+00  0
-6.071328881582154e+00  2.923797882187386e+00  0
-4.079987466989818e+00  1.964818402685676e+00  0
-2.088646052397100e+00  1.005838923183784e+00  0
-1.734375090989548e+01  3.958597953565691e+00  0
-1.518894357296927e+01  3.466777241966761e+00  0
-1.303413623604237e+01  2.974956530367677e+00  0
-1.087932889911615e+01  2.483135818768747e+00  0
-8.724521562195791e+00  1.991315107171157e+00  0
-6.569714225280796e+00  1.499494395574789e+00  0
-4.414906888366215e+00  1.007673683978516e+00  0
-2.260099551451219e+00  5.158529723821488e-01  0
-1.734375090464896e+01  -3.958597976552223e+00  0
-1.518894356837456e+01  -3.466777262097464e+00  0
-1.303413623209949e+01  -2.974956547642549e+00  0
-1.087932889582510e+01  -2.483135833187789e+00  0
-8.724521559556560e+00  -1.991315118734368e+00  0
-6.569714223293392e+00  -1.499494404282170e+00  0
-4.414906887030635e+00  -1.007673689830067e+00  0
-2.260099550767465e+00  -5.158529753778693e-01  0
-1.602803593393144e+01  -7.718695322596791e+00  0
-1.403669452189358e+01  -6.759715837763146e+00  0
-1.204535310985509e+01  -5.800736352929201e+00  0
-1.005401169781723e+01  -4.841756868095558e+00  0
-8.062670285784783e+00  -3.882777383264525e+00  0
-6.071328873757293e+00  -2.923797898435877e+00  0
-4.079987461730186e+00  -1.964818413607413e+00  0
-2.088646049702698e+00  -1.005838928778767e+00  0
-1.390860831111068e+01  -1.109174504893517e+01  0
-1.218058699721397e+01  -9.713694030159946e+00  0
-1.045256568331672e+01  -8.335643011384288e+00  0
-8.724544369420006e+00  -6.957591992609062e+00  0
-6.996523055528000e+00  -5.579540973837590e+00  0
-5.268501741640287e+00  -4.201489955069546e+00  0
-3.540480427752911e+00  -2.823438936301764e+00  0
-1.812459113865202e+00  -1.445387917533720e+00  0
-1.109174499583522e+01  -1.390860835345648e+01  0
-9.713693983655979e+00  -1.218058703429965e+01  0
-8.335642971476297e+00  -1.045256571514228e+01  0
-6.957591959297050e+00  -8.724544395985449e+00  0
-5.579540947121556e+00  -6.996523076833324e+00  0
-4.201489934949487e+00  -5.268501757685499e+00  0
-2.823438922777684e+00  -3.540480438538005e+00  0
-1.445387910605617e+00  -1.812459119390181e+00  0
-7.718695279714526e+00  -1.602803595458245e+01  0
-6.759715800207637e+00  -1.403669453997935e+01  0
-5.800736320700446e+00  -1.204535312537564e+01  0
-4.841756841193556e+00  -1.005401171077255e+01  0
-3.882777361689278e+00  -8.062670296174872e+00  0
-2.923797882187386e+00  -6.071328881582154e+00  0
-1.964818402685676e+00  -4.079987466989818e+00  0
-1.005838923183784e+00  -2.088646052397100e+00  0
-3.958597953565691e+00  -1.734375090989548e+01  0
-3.466777241966761e+00  -1.518894357296927e+01  0
-2.974956530367677e+00  -1.303413623604237e+01  0
-2.483135818768747e+00  -1.087932889911615e+01  0
-1.991315107171157e+00  -8.724521562195791e+00  0
-1.499494395574789e+00  -6.569714225280796e+00  0
-1.007673683978516e+00  -4.414906888366215e+00  0
-5.158529723821488e-01  -2.260099551451219e+00  0
3.958597976552223e+00  -1.734375090464896e+01  0
3.466777262097464e+00  -1.518894356837456e+01  0
2.974956547642549e+00  -1.303413623209949e+01  0
2.483135833187789e+00  -1.087932889582510e+01  0
1.991315118734368e+00  -8.724521559556560e+00  0
1.499494404282170e+00  -6.569714223293392e+00  0
1.007673689830067e+00  -4.414906887030635e+00  0
5.158529753778693e-01  -2.260099550767465e+00  0
7.718695322596791e+00  -1.602803593393144e+01  0
6.759715837763146e+00  -1.403669452189358e+01  0
5.800736352929201e+00  -1.204535310985509e+01  0
4.841756868095558e+00  -1.005401169781723e+01  0
3.882777383264525e+00  -8.062670285784783e+00  0
2.923797898435877e+00  -6.071328873757293e+00  0
1.964818413607413e+00  -4.079987461730186e+00  0
1.005838928778767e+00  -2.088646049702698e+00  0
1.109174504893517e+01  -1.390860831111068e+01  0
9.713694030159946e+00  -1.218058699721397e+01  0
8.335643011384288e+00  -1.045256568331672e+01  0
6.957591992609062e+00  -8.724544369420006e+00  0
5.579540973837590e+00  -6.996523055528000e+00  0
4.201489955069546e+00  -5.268501741640287e+00  0
2.823438936301764e+00  -3.540480427752911e+00  0
1.445387917533720e+00  -1.812459113865202e+00  0
1.390860835345648e+01  -1.109174499583522e+01  0
1.218058703429965e+01  -9.713693983655979e+00  0
1.045256571514228e+01  -8.335642971476297e+00  0
8.724544395985449e+00  -6.957591959297050e+00  0
6.996523076833324e+00  -5.579540947121556e+00  0
5.268501757685499e+00  -4.201489934949487e+00  0
3.540480438538005e+00  -2.823438922777684e+00  0
1.812459119390181e+00  -1.445387910605617e+00  0
1.602803595458245e+01  -7.718695279714526e+00  0
1.403669453997935e+01  -6.759715800207637e+00  0
1.204535312537564e+01  -5.800736320700446e+00  0
1.005401171077255e+01  -4.841756841193556e+00  0
8.062670296174872e+00  -3.882777361689278e+00  0
6.071328881582154e+00  -2.923797882187386e+00  0
4.079987466989818e+00  -1.964818402685676e+00  0
2.088646052397100e+00  -1.005838923183784e+00  0
1.734375090989548e+01  -3.958597953565691e+00  0
1.518894357296927e+01  -3.466777241966761e+00  0
1.303413623604237e+01  -2.974956530367677e+00  0
1.087932889911615e+01  -2.483135818768747e+00  0
8.724521562195791e+00  -1.991315107171157e+00  0
6.569714225280796e+00  -1.499494395574789e+00  0
4.414906888366215e+00  -1.007673683978516e+00  0
2.260099551451219e+00  -5.158529723821488e-01  0
1.734375090464896e+01  3.958597976552223e+00  0
1.518894356837456e+01  3.466777262097464e+00  0
1.303413623209949e+01  2.974956547642549e+00  0
1.087932889582510e+01  2.483135833187789e+00  0
8.724521559556560e+00  1.991315118734368e+00  0
6.569714223293392e+00  1.499494404282170e+00  0
4.414906887030635e+00  1.007673689830067e+00  0
2.260099550767465e+00  5.158529753778693e-01  0
1.602803593393144e+01  7.718695322596791e+00  0
1.403669452189358e+01  6.759715837763146e+00  0
1.204535310985509e+01  5.800736352929201e+00  0
1.005401169781723e+01  4.841756868095558e+00  0
8.062670285784783e+00  3.882777383264525e+00  0
6.071328873757293e+00  2.923797898435877e+00  0
4.079987461730186e+00  1.964818413607413e+00  0
2.088646049702698e+00  1.005838928778767e+00  0
1.390860831111068e+01  1.109174504893517e+01  0
1.218058699721397e+01  9.713694030159946e+00  0
1.045256568331672e+01  8.335643011384288e+00  0
8.724544369420006e+00  6.957591992609062e+00  0
6.996523055528000e+00  5.579540973837590e+00  0
5.268501741640287e+00  4.201489955069546e+00  0
3.540480427752911e+00  2.823438936301764e+00  0
1.812459113865202e+00  1.445387917533720e+00  0
1.109174499583522e+01  1.390860835345648e+01  0
9.713693983655979e+00  1.218058703429965e+01  0
8.335642971476297e+00  1.045256571514228e+01  0
6.957591959297050e+00  8.724544395985449e+00  0
5.579540947121556e+00  6.996523076833324e+00  0
4.201489934949487e+00  5.268501757685499e+00  0
2.823438922777684e+00  3.540480438538005e+00  0
1.445387910605617e+00  1.812459119390181e+00  0
7.718695279714526e+00  1.602803595458245e+01  0
6.759715800207637e+00  1.403669453997935e+01  0
5.800736320700446e+00  1.204535312537564e+01  0
4.841756841193556e+00  1.005401171077255e+01  0
3.882777361689278e+00  8.062670296174872e+00  0
2.923797882187386e+00  6.071328881582154e+00  0
1.964818402685676e+00  4.079987466989818e+00  0
1.005838923183784e+00  2.088646052397100e+00  0
3.958597953565691e+00  1.734375090989548e+01  0
3.466777241966761e+00  1.518894357296927e+01  0
2.974956530367677e+00  1.303413623604237e+01  0
2.483135818768747e+00  1.087932889911615e+01  0
1.991315107171157e+00  8.724521562195791e+00  0
1.499494395574789e+00  6.569714225280796e+00  0
1.007673683978516e+00  4.414906888366215e+00  0
5.158529723821488e-01  2.260099551451219e+00  0
5.715675837362511e-02  1.261929598040065e-03  0
5.682889935648842e-02  2.485516104919873e-03  0
5.629354768707444e-02  3.633581461779336e-03  0
5.556696975238787e-02  4.671242287108263e-03  0
5.467124226523266e-02  5.566969770744007e-03  0
5.363358144599526e-02  6.293547696188252e-03  0
5.248551609241099e-02  6.828899361042572e-03  0
5.126192959375071e-02  7.156758374383028e-03  0
6.136661630997751e-02  2.004241138556795e-03  0
6.084589904428180e-02  3.947584426074870e-03  0
5.999563462295381e-02  5.770982356944737e-03  0
5.884165789610016e-02  7.419031913134913e-03  0
5.741903187838867e-02  8.841657925257311e-03  0
5.577098233187394e-02  9.995634637432601e-03  0
5.394758440620649e-02  1.084589905151944e-02  0
5.200424113174364e-02  1.136661631118651e-02  0
6.384300339713958e-02  2.440894997516718e-03  0
6.320884009986633e-02  4.807624637831440e-03  0
6.217333287837434e-02  7.028277034552151e-03  0
6.076794509062675e-02  9.035378794902463e-03  0
5.903537875259066e-02  1.076794512613071e-02  0
5.702827700402263e-02  1.217333289600095e-02  0
5.480762461363665e-02  1.320884010867308e-02  0
5.244089498922032e-02  1.384300339860313e-02  0
6.529970175970103e-02  2.697750222070593e-03  0
6.459880549919489e-02  5.313530671141877e-03  0
6.345433191898048e-02  7.767862177613797e-03  0
6.190105526416819e-02  9.986171127901369e-03  0
5.998617108113554e-02  1.190105530341016e-02  0
5.776786214387050e-02  1.345433193846424e-02  0
5.531353064440030e-02  1.459880550893103e-02  0
5.269775021290078e-02  1.529970176132167e-02  0
6.615658313195256e-02  2.848841527547137e-03  0
6.541643218799303e-02  5.611122449366722e-03  0
6.420786075101501e-02  8.202912252886007e-03  0
6.256759064676387e-02  1.054546072412962e-02  0
6.054546067474587e-02  1.256759068820207e-02  0
5.820291221725381e-02  1.420786077158809e-02  0
5.561112242112808e-02  1.541643219827228e-02  0
5.284884151786407e-02  1.615658313366149e-02  0
6.666063109965627e-02  2.937718783990670e-03  0
6.589738916077226e-02  5.786176471868919e-03  0
6.465111309456302e-02  8.458824113491064e-03  0
6.295967036267271e-02  1.087445467062710e-02  0
6.087445461970276e-02  1.295967040540360e-02  0
5.845882407674727e-02  1.465111311577785e-02  0
5.578617644274932e-02  1.589738917137209e-02  0
5.293771877400553e-02  1.666063110141838e-02  0
6.695712987451827e-02  2.989999517843499e-03  0
6.618030499880254e-02  5.889149415977729e-03  0
6.491184974114728e-02  8.609360487018471e-03  0
6.319030546659904e-02  1.106798050214232e-02  0
6.106798045031192e-02  1.319030551009010e-02  0
5.860936044962094e-02  1.491184976273934e-02  0
5.588914938634001e-02  1.618030500959064e-02  0
5.298999950768071e-02  1.695712987631126e-02  0
6.713154091688267e-02  3.020752890403280e-03  0
6.634672607840142e-02  5.949721735461043e-03  0
6.506522423766767e-02  8.697911294126854e-03  0
6.332597317349037e-02  1.118181922547169e-02  0
6.118181917310832e-02  1.332597321742861e-02  0
5.869791125634477e-02  1.506522425948162e-02  0
5.594972170551857e-02  1.634672608930023e-02  0
5.302075288013600e-02  1.713154091869386e-02  0
4.873807040080085e-02  7.156758373422480e-03  0
4.751448389377368e-02  6.828899356014427e-03  0
4.636641853562030e-02  6.293547685574189e-03  0
4.532875771214180e-02  5.566969751758939e-03  0
4.443303022916908e-02  4.671242265128304e-03  0
4.370645230350376e-02  3.633581445459173e-03  0
4.317110063917448e-02  2.485516093001017e-03  0
4.284324162539160e-02  1.261929592455655e-03  0
4.799575885960250e-02  1.136661630966150e-02  0
4.605241557185061e-02  1.084589904353452e-02  0
4.422901763892601e-02  9.995634620576146e-03  0
4.258096808567512e-02  8.841657895105793e-03  0
4.115834207460627e-02  7.419031878226737e-03  0
4.000436536208050e-02  5.770982331025461e-03  0
3.915410094882834e-02  3.947584407145628e-03  0
3.863338368845957e-02  2.004241129687806e-03  0
4.755910500024132e-02  1.384300339674493e-02  0
4.519237535964150e-02  1.320884009894691e-02  0
4.297172296041799e-02  1.217333287547008e-02  0
4.096462120364679e-02  1.076794508940815e-02  0
3.923205487370086e-02  9.035378752387047e-03  0
3.782666710340280e-02  7.028277002984319e-03  0
3.679115989174594e-02  4.807624614776991e-03  0
3.615699660095979e-02  2.440894986714866e-03  0
4.730224977545140e-02  1.529970175926825e-02  0
4.468646932606495e-02  1.459880549818194e-02  0
4.223213781682682e-02  1.345433191577360e-02  0
4.001382887049497e-02  1.190105526282400e-02  0
3.809894469640351e-02  9.986171080912747e-03  0
3.654566806087673e-02  7.767862142724660e-03  0
3.540119449153230e-02  5.313530645661825e-03  0
3.470029823819581e-02  2.697750210132280e-03  0
4.715115846983568e-02  1.615658313149280e-02  0
4.438887754768288e-02  1.541643218692072e-02  0
4.179708774124202e-02  1.420786074762607e-02  0
3.945453927417521e-02  1.256759064534224e-02  0
3.743240931159893e-02  1.054546067450877e-02  0
3.579213922771316e-02  8.202912216042385e-03  0
3.458356780221351e-02  5.611122422459284e-03  0
3.384341686582472e-02  2.848841514940025e-03  0
4.706228121331037e-02  1.666063109918203e-02  0
4.421382352508839e-02  1.589738915966636e-02  0
4.154117588045340e-02  1.465111309106824e-02  0
3.912554532762431e-02  1.295967036120661e-02  0
3.704032959439053e-02  1.087445461945818e-02  0
3.534888688350079e-02  8.458824075497985e-03  0
3.410261082912791e-02  5.786176444122016e-03  0
3.333936889805071e-02  2.937718770990238e-03  0
4.701000047940949e-02  1.695712987403505e-02  0
4.411085058092534e-02  1.618030499767651e-02  0
4.139063950681810e-02  1.491184973758989e-02  0
3.893201949607782e-02  1.319030546510646e-02  0
3.680969448970013e-02  1.106798045006267e-02  0
3.508815023652616e-02  8.609360448349167e-03  0
3.381969499091787e-02  5.889149387736970e-03  0
3.304287012314789e-02  2.989999504611674e-03  0
4.697924710682142e-02  1.713154091639422e-02  0
4.405027826141013e-02  1.634672607726351e-02  0
4.130208869964620e-02  1.506522423407343e-02  0
3.881818077273001e-02  1.332597317198224e-02  0
3.667402678235929e-02  1.118181917285632e-02  0
3.493477573977611e-02  8.697911255059775e-03  0
3.365327391121323e-02  5.949721706929784e-03  0
3.286845908075937e-02  3.020752877035342e-03  0
4.284324162643741e-02  -1.261929598384470e-03  0
4.317110064346729e-02  -2.485516104793395e-03  0
4.370645231305240e-02  -3.633581461996058e-03  0
4.443303024679514e-02  -4.671242286132598e-03  0
4.532875773426553e-02  -5.566969770321591e-03  0
4.636641855357917e-02  -6.293547695941679e-03  0
4.751448390728114e-02  -6.828899360930001e-03  0
4.873807040608795e-02  -7.156758374354352e-03  0
3.863338369012105e-02  -2.004241139103836e-03  0
3.915410095564718e-02  -3.947584425874081e-03  0
4.000436537724703e-02  -5.770982357289066e-03  0
4.115834210260168e-02  -7.419031911585475e-03  0
4.258096812081383e-02  -8.841657924586570e-03  0
4.422901766744979e-02  -9.995634637041128e-03  0
4.605241559330428e-02  -1.084589905134077e-02  0
4.799575886799999e-02  -1.136661631114103e-02  0
3.615699660298248e-02  -2.440894998182811e-03  0
3.679115990004910e-02  -4.807624637586660e-03  0
3.782666712187200e-02  -7.028277034971151e-03  0
3.923205490779384e-02  -9.035378793015050e-03  0
4.096462124643944e-02  -1.076794512531341e-02  0
4.297172299515479e-02  -1.217333289552378e-02  0
4.519237538576823e-02  -1.320884010845515e-02  0
4.755910501046780e-02  -1.384300339854756e-02  0
3.470029824043143e-02  -2.697750222806934e-03  0
3.540119450070935e-02  -5.313530670871635e-03  0
3.654566808128965e-02  -7.767862178077302e-03  0
3.809894473408430e-02  -9.986171125815834e-03  0
4.001382891779089e-02  -1.190105530250737e-02  0
4.223213785521911e-02  -1.345433193793735e-02  0
4.468646935494110e-02  -1.459880550869057e-02  0
4.730224978675410e-02  -1.529970176126048e-02  0
3.384341686818507e-02  -2.848841528324860e-03  0
3.458356781190372e-02  -5.611122449081617e-03  0
3.579213924926831e-02  -8.202912253375848e-03  0
3.743240935138903e-02  -1.054546072192773e-02  0
3.945453932411899e-02  -1.256759068724919e-02  0
4.179708778178370e-02  -1.420786077103214e-02  0
4.438887757817569e-02  -1.541643219801872e-02  0
4.715115848177109e-02  -1.615658313359709e-02  0
3.333936890048457e-02  -2.937718784792726e-03  0
3.410261083912022e-02  -5.786176471575052e-03  0
3.534888690572816e-02  -8.458824113996373e-03  0
3.704032963542171e-02  -1.087445466835674e-02  0
3.912554537912597e-02  -1.295967040442123e-02  0
4.154117592225965e-02  -1.465111311520478e-02  0
4.421382355653233e-02  -1.589738917111080e-02  0
4.706228122561806e-02  -1.666063110135209e-02  0
3.304287012562501e-02  -2.989999518659833e-03  0
3.381969500108791e-02  -5.889149415678641e-03  0
3.508815025914898e-02  -8.609360487532788e-03  0
3.680969453146140e-02  -1.106798049983157e-02  0
3.893201954849590e-02  -1.319030550909027e-02  0
4.139063954936826e-02  -1.491184976215609e-02  0
4.411085061292880e-02  -1.618030500932471e-02  0
4.701000049193616e-02  -1.695712987624379e-02  0
3.286845908326194e-02  -3.020752891228019e-03  0
3.365327392148781e-02  -5.949721735158897e-03  0
3.493477576263153e-02  -8.697911294646483e-03  0
3.667402682455000e-02  -1.118181922313720e-02  0
3.881818082568716e-02  -1.332597321641852e-02  0
4.130208874263398e-02  -1.506522425889239e-02  0
4.405027829374271e-02  -1.634672608903159e-02  0
4.697924711947691e-02  -1.713154091862571e-02  0
5.126192959883304e-02  -7.156758373487071e-03  0
5.248551610552767e-02  -6.828899356268866e-03  0
5.363358146341390e-02  -6.293547686132141e-03  0
5.467124228671922e-02  -5.566969752715325e-03  0
5.556696976968134e-02  -4.671242266499509e-03  0
5.629354769693388e-02  -3.633581444703250e-03  0
5.682889936092311e-02  -2.485516092736701e-03  0
5.715675837470684e-02  -1.261929591906471e-03  0
5.200424113981594e-02  -1.136661630976409e-02  0
5.394758442703957e-02  -1.084589904393862e-02  0
5.577098235953983e-02  -9.995634621462305e-03  0
5.741903191251557e-02  -8.841657896624760e-03  0
5.884165792356752e-02  -7.419031880404531e-03  0
5.999563463861407e-02  -5.770982329824877e-03  0
6.084589905132608e-02  -3.947584406725832e-03  0
6.136661631169611e-02  -2.004241128815573e-03  0
5.244089499905065e-02  -1.384300339686986e-02  0
5.480762463900734e-02  -1.320884009943907e-02  0
5.702827703771428e-02  -1.217333287654930e-02  0
5.903537879415065e-02  -1.076794509125804e-02  0
6.076794512407619e-02  -9.035378755039309e-03  0
6.217333289744446e-02  -7.028277001522172e-03  0
6.320884010844371e-02  -4.807624614265737e-03  0
6.384300339923162e-02  -2.440894985652605e-03  0
5.269775022376577e-02  -1.529970175940634e-02  0
5.531353067244116e-02  -1.459880549872588e-02  0
5.776786218110811e-02  -1.345433191696639e-02  0
5.998617112706957e-02  -1.190105526486856e-02  0
6.190105530113826e-02  -9.986171083844104e-03  0
6.345433194005803e-02  -7.767862141108648e-03  0
6.459880550867539e-02  -5.313530645096770e-03  0
6.529970176201355e-02  -2.697750208958236e-03  0
5.284884152933740e-02  -1.615658313163861e-02  0
5.561112245073907e-02  -1.541643218749512e-02  0
5.820291225657648e-02  -1.420786074888566e-02  0
6.054546072325195e-02  -1.256759064750131e-02  0
6.256759068580389e-02  -1.054546067760431e-02  0
6.420786077327247e-02  -8.202912214335868e-03  0
6.541643219800408e-02  -5.611122421862584e-03  0
6.615658313439435e-02  -2.848841513700228e-03  0
5.293771878583680e-02  -1.666063109933239e-02  0
5.578617647328410e-02  -1.589738916025869e-02  0
5.845882411729671e-02  -1.465111309236713e-02  0
6.087445466972208e-02  -1.295967036343304e-02  0
6.295967040293066e-02  -1.087445462265028e-02  0
6.465111311751484e-02  -8.458824073738228e-03  0
6.589738917109560e-02  -5.786176443506698e-03  0
6.666063110217423e-02  -2.937718769711761e-03  0
5.298999951972252e-02  -1.695712987418809e-02  0
5.588914941741814e-02  -1.618030499827938e-02  0
5.860936049089192e-02  -1.491184973891189e-02  0
6.106798050122130e-02  -1.319030546737251e-02  0
6.319030550757332e-02  -1.106798045331158e-02  0
6.491184976450748e-02  -8.609360446558093e-03  0
6.618030500930953e-02  -5.889149387110704e-03  0
6.695712987708094e-02  -2.989999503310444e-03  0
5.302075289230163e-02  -1.713154091654884e-02  0
5.594972173691630e-02  -1.634672607787258e-02  0
5.869791129804018e-02  -1.506522423540904e-02  0
6.118181922454127e-02  -1.332597317427159e-02  0
6.332597321488603e-02  -1.118181917613865e-02  0
6.506522426126807e-02  -8.697911253250276e-03  0
6.634672608901640e-02  -5.949721706297076e-03  0
6.713154091947168e-02  -3.020752875720729e-03  0
-1.784324162665519e-02  4.456319978885966e-02  0
-1.817110064353535e-02  4.578678629421312e-02  0
-1.870645231210462e-02  4.693485164958558e-02  0
-1.943303024649796e-02  4.797251247500936e-02  0
-2.032875773644862e-02  4.886823996138469e-02  0
-2.136641855658888e-02  4.959481788691127e-02  0
-2.251448390878022e-02  5.013016955070838e-02  0
-2.373807040782525e-02  5.045802856389441e-02  0
-1.363338369046135e-02  4.530551133031503e-02  0
-1.415410095574993e-02  4.724885461540773e-02  0
-1.500436537573680e-02  4.907225254391462e-02  0
-1.615834210212536e-02  5.072030210025411e-02  0
-1.758096812427746e-02  5.214292811672613e-02  0
-1.922901767222708e-02  5.329690482903054e-02  0
-2.105241559568322e-02  5.414716924143649e-02  0
-2.299575887075824e-02  5.466788650085630e-02  0
-1.115699660340430e-02  4.574216518982688e-02  0
-1.179115990018126e-02  4.810889482718726e-02  0
-1.282666712003924e-02  5.032954722102971e-02  0
-1.423205490721947e-02  5.233664898156151e-02  0
-1.596462125066247e-02  5.406921531808689e-02  0
-1.797172300097664e-02  5.547460308811446e-02  0
-2.019237538866803e-02  5.651011029873982e-02  0
-2.255910501382830e-02  5.714427358836934e-02  0
-9.700298240896514e-03  4.599902041470556e-02  0
-1.040119450085434e-02  4.861480086051143e-02  0
-1.154566807926302e-02  5.106913236380196e-02  0
-1.309894473344862e-02  5.328744131428988e-02  0
-1.501382892245757e-02  5.520232549565282e-02  0
-1.723213786165302e-02  5.675560213088037e-02  0
-1.968646935814566e-02  5.790007569908448e-02  0
-2.230224979046802e-02  5.860097195114231e-02  0
-8.843416868681122e-03  4.615011172037273e-02  0
-9.583567812061506e-03  4.891239263874352e-02  0
-1.079213924713250e-02  5.150418243890280e-02  0
-1.243240935072156e-02  5.384673091035752e-02  0
-1.445453932905024e-02  5.586886088061165e-02  0
-1.679708778858044e-02  5.750913096418050e-02  0
-1.938887758156142e-02  5.871770238847505e-02  0
-2.215115848569387e-02  5.945785332351265e-02  0
-8.339368900997284e-03  4.623898897692859e-02  0
-9.102610839284073e-03  4.908744666125030e-02  0
-1.034888690352678e-02  5.176009429940752e-02  0
-1.204032963473435e-02  5.417572485676111e-02  0
-1.412554538421185e-02  5.626094059791202e-02  0
-1.654117592926905e-02  5.795238330847473e-02  0
-1.921382356002412e-02  5.919865936160466e-02  0
-2.206228122966343e-02  5.996190129128828e-02  0
-8.042870126147430e-03  4.629126971084745e-02  0
-8.819695001255234e-03  4.919041960536178e-02  0
-1.008815025690893e-02  5.191063067287585e-02  0
-1.180969453076225e-02  5.436925068822107e-02  0
-1.393201955367266e-02  5.649157570265666e-02  0
-1.639063955650269e-02  5.821311995549764e-02  0
-1.911085061648293e-02  5.948157519984075e-02  0
-2.201000049605362e-02  6.025840006619222e-02  0
-7.868459083790136e-03  4.632202308344609e-02  0
-8.653273921657240e-03  4.925099192484666e-02  0
-9.934775760368796e-03  5.199918147994945e-02  0
-1.167402682384399e-02  5.448308941151789e-02  0
-1.381818083091742e-02  5.662724341002930e-02  0
-1.630208874984198e-02  5.836649445227599e-02  0
-1.905027829733353e-02  5.964799627956058e-02  0
-2.197924712363680e-02  6.043281110858124e-02  0
-2.626192959962389e-02  5.045802856258229e-02  0
-2.748551610699554e-02  5.013016954496897e-02  0
-2.863358146638099e-02  4.959481787365295e-02  0
-2.967124228666786e-02  4.886823994199151e-02  0
-3.056696977395224e-02  4.797251245064160e-02  0
-3.129354769828609e-02  4.693485163159140e-02  0
-3.182889936090422e-02  4.578678628201599e-02  0
-3.215675837418884e-02  4.456319978406419e-02  0
-2.700424114107190e-02  5.466788649877096e-02  0
-2.894758442937079e-02  5.414716923231860e-02  0
-3.077098236425225e-02  5.329690480797032e-02  0
-3.241903191243432e-02  5.214292808592211e-02  0
-3.384165793035163e-02  5.072030206154948e-02  0
-3.499563464076355e-02  4.907225251533320e-02  0
-3.584589905129921e-02  4.724885459603406e-02  0
-3.636661631087826e-02  4.530551132269778e-02  0
-2.744089500057949e-02  5.714427358582962e-02  0
-2.980762464184493e-02  5.651011028763535e-02  0
-3.202827704345110e-02  5.547460306246581e-02  0
-3.403537879404866e-02  5.406921528057163e-02  0
-3.576794513233456e-02  5.233664893442440e-02  0
-3.717333290005774e-02  5.032954718622129e-02  0
-3.820884010840575e-02  4.810889480359266e-02  0
-3.884300339822965e-02  4.574216518055008e-02  0
-2.769775022545521e-02  5.860097194833498e-02  0
-3.031353067557679e-02  5.790007568681088e-02  0
-3.276786218744781e-02  5.675560210253196e-02  0
-3.498617112695587e-02  5.520232545418904e-02  0
-3.690105531026455e-02  5.328744126219175e-02  0
-3.845433194294520e-02  5.106913232533003e-02  0
-3.959880550863241e-02  4.861480083443354e-02  0
-4.029970176090528e-02  4.599902040445233e-02  0
-2.784884153112156e-02  5.945785332054777e-02  0
-3.061112245405053e-02  5.871770237551353e-02  0
-3.320291226327164e-02  5.750913093424379e-02  0
-3.554546072313246e-02  5.586886083682494e-02  0
-3.756759069544216e-02  5.384673085534094e-02  0
-3.920786077632250e-02  5.150418239827566e-02  0
-4.041643219796027e-02  4.891239261120471e-02  0
-4.115658313322610e-02  4.615011170954507e-02  0
-2.793771878767670e-02  5.996190128823081e-02  0
-3.078617647669906e-02  5.919865934823862e-02  0
-3.345882412420102e-02  5.795238327760383e-02  0
-3.587445466959929e-02  5.626094055275908e-02  0
-3.795967041287018e-02  5.417572480002796e-02  0
-3.965111312066073e-02  5.176009425751273e-02  0
-4.089738917105133e-02  4.908744663285224e-02  0
-4.166063110097064e-02  4.623898896576303e-02  0
-2.798999952159513e-02  6.025840006308030e-02  0
-3.088914942089382e-02  5.948157518623676e-02  0
-3.360936049791904e-02  5.821311992407726e-02  0
-3.606798050109623e-02  5.649157565670002e-02  0
-3.819030551768963e-02  5.436925063047816e-02  0
-3.991184976770927e-02  5.191063063023540e-02  0
-4.118030500926441e-02  4.919041957645828e-02  0
-4.195712987585593e-02  4.629126969948318e-02  0
-2.802075289419351e-02  6.043281110543726e-02  0
-3.094972174042773e-02  5.964799626581659e-02  0
-3.369791130513958e-02  5.836649442053236e-02  0
-3.618181922441494e-02  5.662724336359990e-02  0
-3.832597322510643e-02  5.448308935318100e-02  0
-4.006522426450286e-02  5.199918143687038e-02  0
-4.134672608897093e-02  4.925099189564582e-02  0
-4.213154091823421e-02  4.632202307196490e-02  0
-3.215675837320348e-02  4.203934053472398e-02  0
-3.182889935588802e-02  4.081575397450020e-02  0
-3.129354768773186e-02  3.966768856634770e-02  0
-3.056696975371464e-02  3.863002768738099e-02  0
-2.967124226529606e-02  3.773430014813740e-02  0
-2.863358144546276e-02  3.700772216825285e-02  0
-2.748551609383683e-02  3.647237045014542e-02  0
-2.626192959258346e-02  3.614451138200075e-02  0
-3.636661630931473e-02  4.129702898045814e-02  0
-3.584589904333474e-02  3.935368562767869e-02  0
-3.499563462400397e-02  3.753028763480494e-02  0
-3.384165789821272e-02  3.588223801288695e-02  0
-3.241903187849387e-02  3.445961193190795e-02  0
-3.077098233103170e-02  3.330563515273056e-02  0
-2.894758440847346e-02  3.245537067352735e-02  0
-2.700424112989098e-02  3.193465334628059e-02  0
-3.884300339632581e-02  4.086037512345432e-02  0
-3.820884009870669e-02  3.849364542091178e-02  0
-3.717333287964754e-02  3.627299296593036e-02  0
-3.576794509319447e-02  3.426589114278400e-02  0
-3.403537875271447e-02  3.253332474494912e-02  0
-3.202827700299354e-02  3.112793691073064e-02  0
-2.980762461639523e-02  3.009242963600664e-02  0
-2.744089498696288e-02  2.945826628102455e-02  0
-4.029970175880104e-02  4.060351991718788e-02  0
-3.959880549791262e-02  3.798773942481000e-02  0
-3.845433192038714e-02  3.553340787941607e-02  0
-3.690105526700566e-02  3.331509888519387e-02  0
-3.498617108127203e-02  3.140021466153889e-02  0
-3.276786214273283e-02  2.984693798083463e-02  0
-3.031353064744897e-02  2.870246436725567e-02  0
-2.769775021040568e-02  2.800156806843697e-02  0
-4.115658313100485e-02  4.045242861530261e-02  0
-4.041643218664150e-02  3.769014765414055e-02  0
-3.920786075250277e-02  3.509835781590894e-02  0
-3.756759064976230e-02  3.275580930465972e-02  0
-3.554546067489171e-02  3.073367929613426e-02  0
-3.320291221605377e-02  2.909340917093109e-02  0
-3.061112242434839e-02  2.788483770510999e-02  0
-2.784884151522970e-02  2.714468672708234e-02  0
-4.166063109868033e-02  4.036355137363240e-02  0
-4.089738915937983e-02  3.751509366140435e-02  0
-3.965111309609838e-02  3.484244600020701e-02  0
-3.795967036576572e-02  3.242681541803737e-02  0
-3.587445461985403e-02  3.034159965364113e-02  0
-3.345882407551047e-02  2.865015691636529e-02  0
-3.078617644607057e-02  2.740388083663333e-02  0
-2.793771877128921e-02  2.664063887883859e-02  0
-4.195712987352495e-02  4.031127064885661e-02  0
-4.118030499738537e-02  3.741212073557858e-02  0
-3.991184974271000e-02  3.469190965425364e-02  0
-3.819030546974711e-02  3.223328962329004e-02  0
-3.606798045046590e-02  3.011096459483477e-02  0
-3.360936044836214e-02  2.838942032444455e-02  0
-3.088914938972039e-02  2.712096506266534e-02  0
-2.798999950491605e-02  2.634414017734181e-02  0
-4.213154091587935e-02  4.028051728177261e-02  0
-4.134672607696985e-02  3.735154842712277e-02  0
-4.006522423924663e-02  3.460335886377444e-02  0
-3.832597317667098e-02  3.211945092213438e-02  0
-3.618181917326402e-02  2.997529691516650e-02  0
-3.369791125507312e-02  2.823604586089751e-02  0
-3.094972170893377e-02  2.695454402170491e-02  0
-2.802075287734293e-02  2.616972917922451e-02  0
-2.373807036983511e-02  3.614451133657510e-02  0
-2.251448383434709e-02  3.647237037625536e-02  0
-2.136641845400428e-02  3.700772208242966e-02  0
-2.032875761586154e-02  3.773430006440457e-02  0
-1.943303012558395e-02  3.863002761259531e-02  0
-1.870645220554299e-02  3.966768850201525e-02  0
-1.817110056051874e-02  4.081575392933699e-02  0
-1.784324157911973e-02  4.203934050989280e-02  0
-2.299575882137476e-02  3.193465329093487e-02  0
-2.105241549844935e-02  3.245537058453317e-02  0
-1.922901753849144e-02  3.330563505134233e-02  0
-1.758096796749800e-02  3.445961183578923e-02  0
-1.615834194695406e-02  3.588223792885101e-02  0
-1.500436524141095e-02  3.753028756182279e-02  0
-1.415410085226054e-02  3.935368557693240e-02  0
-1.363338363176472e-02  4.129702895197419e-02  0
-2.255910496339555e-02  2.945826622851379e-02  0
-2.019237528885042e-02  3.009242955276348e-02  0
-1.797172286398176e-02  3.112793681820696e-02  0
-1.596462109052151e-02  3.253332466057111e-02  0
-1.423205475092280e-02  3.426589107123537e-02  0
-1.282666698740142e-02  3.627299290292550e-02  0
-1.179115979928446e-02  3.849364537771012e-02  0
-1.115699654681232e-02  4.086037509847456e-02  0
-2.230224974906328e-02  2.800156803238712e-02  0
-1.968646927528494e-02  2.870246431236711e-02  0
-1.723213774844636e-02  2.984693792427187e-02  0
-1.501382879093020e-02  3.140021461653025e-02  0
-1.309894460895418e-02  3.331509885158058e-02  0
-1.154566797836575e-02  3.553340784798469e-02  0
-1.040119442645511e-02  3.798773940452242e-02  0
-9.700298200336374e-03  4.060351990391430e-02  0
-2.215115844556656e-02  2.714468669453005e-02  0
-1.938887750094923e-02  2.788483765645950e-02  0
-1.679708767861806e-02  2.909340912266615e-02  0
-1.445453920156272e-02  3.073367926071068e-02  0
-1.243240923135933e-02  3.275580928057115e-02  0
-1.079213915204896e-02  3.509835779230269e-02  0
-9.583567742806769e-03  3.769014763960665e-02  0
-8.843416831365400e-03  4.045242860488230e-02  0
-2.206228119741348e-02  2.664063885927323e-02  0
-1.921382349438526e-02  2.740388081010182e-02  0
-1.654117584020629e-02  2.865015689569751e-02  0
-1.412554528170139e-02  3.034159964784013e-02  0
-1.204032954237572e-02  3.242681542215195e-02  0
-1.034888683457947e-02  3.484244600019473e-02  0
-9.102610791505268e-03  3.751509366390543e-02  0
-8.339368876519754e-03  4.036355137201635e-02  0
-2.201000046865510e-02  2.634414016574968e-02  0
-1.911085056006894e-02  2.712096504970855e-02  0
-1.639063948031399e-02  2.838942032070429e-02  0
-1.393201946654501e-02  3.011096460719145e-02  0
-1.180969445502079e-02  3.223328964468508e-02  0
-1.008815020402984e-02  3.469190966870028e-02  0
-8.819694966672953e-03  3.741212074851723e-02  0
-8.042870109555660e-03  4.031127065263718e-02  0
-2.197924709916882e-02  2.616972917244027e-02  0
-1.905027824649297e-02  2.695454401693205e-02  0
-1.630208868143085e-02  2.823604586735937e-02  0
-1.381818075308195e-02  2.997529693846260e-02  0
-1.167402675813571e-02  3.211945095393788e-02  0
-9.934775717186317e-03  3.460335888693093e-02  0
-8.653273895036367e-03  3.735154844634823e-02  0
-7.868459071954799e-03  4.028051728880446e-02  0
-1.784324162672013e-02  -4.203934053513827e-02  0
-1.817110064379117e-02  -4.081575397537257e-02  0
-1.870645231266561e-02  -3.966768856565368e-02  0
-1.943303024745956e-02  -3.863002768597792e-02  0
-2.032875773578589e-02  -3.773430014722702e-02  0
-2.136641855563623e-02  -3.700772216761671e-02  0
-2.251448390784073e-02  -3.647237044953389e-02  0
-2.373807040766570e-02  -3.614451138195640e-02  0
-1.363338369056449e-02  -4.129702898111613e-02  0
-1.415410095615624e-02  -3.935368562906429e-02  0
-1.500436537662779e-02  -3.753028763370274e-02  0
-1.615834210365260e-02  -3.588223801065864e-02  0
-1.758096812322489e-02  -3.445961193046216e-02  0
-1.922901767071404e-02  -3.330563515172033e-02  0
-2.105241559419109e-02  -3.245537067255617e-02  0
-2.299575887050485e-02  -3.193465334621019e-02  0
-1.115699660352992e-02  -4.086037512425584e-02  0
-1.179115990067610e-02  -3.849364542259960e-02  0
-1.282666712112435e-02  -3.627299296458851e-02  0
-1.423205490907945e-02  -3.426589114007078e-02  0
-1.596462124938058e-02  -3.253332474318896e-02  0
-1.797172299913397e-02  -3.112793690950089e-02  0
-2.019237538685081e-02  -3.009242963482434e-02  0
-2.255910501351969e-02  -2.945826628093909e-02  0
-9.700298241035349e-03  -4.060351991807348e-02  0
-1.040119450140125e-02  -3.798773942667494e-02  0
-1.154566808046231e-02  -3.553340787793232e-02  0
-1.309894473550431e-02  -3.331509888219431e-02  0
-1.501382892104079e-02  -3.140021465959262e-02  0
-1.723213785961646e-02  -2.984693797947464e-02  0
-1.968646935613722e-02  -2.870246436594827e-02  0
-2.230224979012694e-02  -2.800156806834211e-02  0
-8.843416868827728e-03  -4.045242861623814e-02  0
-9.583567812639048e-03  -3.769014765611057e-02  0
-1.079213924839896e-02  -3.509835781434301e-02  0
-1.243240935289239e-02  -3.275580930149323e-02  0
-1.445453932755412e-02  -3.073367929408011e-02  0
-1.679708778642980e-02  -2.909340916949601e-02  0
-1.938887757944049e-02  -2.788483770373025e-02  0
-2.215115848533369e-02  -2.714468672698269e-02  0
-8.339368901148466e-03  -4.036355137459723e-02  0
-9.102610839879628e-03  -3.751509366343601e-02  0
-1.034888690483275e-02  -3.484244599859244e-02  0
-1.204032963697291e-02  -3.242681541477238e-02  0
-1.412554538266905e-02  -3.034159965152322e-02  0
-1.654117592705132e-02  -2.865015691488572e-02  0
-1.921382355783701e-02  -2.740388083521078e-02  0
-2.206228122929202e-02  -2.664063887873597e-02  0
-8.042870126301302e-03  -4.031127064983864e-02  0
-8.819695001861392e-03  -3.741212073764646e-02  0
-1.008815025823815e-02  -3.469190965261042e-02  0
-1.180969453304065e-02  -3.223328961996706e-02  0
-1.393201955210241e-02  -3.011096459267926e-02  0
-1.639063955424550e-02  -2.838942032293875e-02  0
-1.911085061425692e-02  -2.712096506121755e-02  0
-2.201000049567560e-02  -2.634414017723742e-02  0
-7.868459083945595e-03  -4.028051728276479e-02  0
-8.653273922269632e-03  -3.735154842921196e-02  0
-9.934775761711678e-03  -3.460335886211439e-02  0
-1.167402682614582e-02  -3.211945091877731e-02  0
-1.381818082933102e-02  -2.997529691298892e-02  0
-1.630208874756157e-02  -2.823604585937631e-02  0
-1.905027829508461e-02  -2.695454402024230e-02  0
-2.197924712325489e-02  -2.616972917911908e-02  0
-2.626192962993694e-02  -3.614451133653497e-02  0
-2.748551616521787e-02  -3.647237037609730e-02  0
-2.863358154727819e-02  -3.700772208317075e-02  0
-2.967124238377272e-02  -3.773430006409893e-02  0
-3.056696987589708e-02  -3.863002761436257e-02  0
-3.129354779502214e-02  -3.966768850299796e-02  0
-3.182889943957500e-02  -4.081575392960170e-02  0
-3.215675842083868e-02  -4.203934050967387e-02  0
-2.700424117826326e-02  -3.193465329087114e-02  0
-2.894758450085984e-02  -3.245537058428212e-02  0
-3.077098246354562e-02  -3.330563505251936e-02  0
-3.241903203192137e-02  -3.445961183530381e-02  0
-3.384165805539847e-02  -3.588223793165782e-02  0
-3.499563475948698e-02  -3.753028756338356e-02  0
-3.584589914788876e-02  -3.935368557735283e-02  0
-3.636661636816974e-02  -4.129702895162648e-02  0
-2.744089503616394e-02  -2.945826622843618e-02  0
-2.980762471030890e-02  -3.009242955245774e-02  0
-3.202827713850007e-02  -3.112793681964041e-02  0
-3.403537890877265e-02  -3.253332465997994e-02  0
-3.576794525194386e-02  -3.426589107465367e-02  0
-3.717333301369405e-02  -3.627299290482631e-02  0
-3.820884020089960e-02  -3.849364537822213e-02  0
-3.884300345311038e-02  -4.086037509805109e-02  0
-2.769775025044938e-02  -2.800156803230133e-02  0
-3.031353072378498e-02  -2.870246431202918e-02  0
-3.276786225429523e-02  -2.984693792585617e-02  0
-3.498617120828781e-02  -3.140021461587687e-02  0
-3.690105539421180e-02  -3.331509885535860e-02  0
-3.845433202284217e-02  -3.553340785008552e-02  0
-3.959880557374504e-02  -3.798773940508832e-02  0
-4.029970179957446e-02  -4.060351990344627e-02  0
-2.784884155391941e-02  -2.714468669443946e-02  0
-3.061112249806980e-02  -2.788483765610267e-02  0
-3.320291232427888e-02  -2.909340912433919e-02  0
-3.554546079761388e-02  -3.073367926002070e-02  0
-3.756759077198697e-02  -3.275580928456077e-02  0
-3.920786084923025e-02  -3.509835779452118e-02  0
-4.041643225740881e-02  -3.769014764020424e-02  0
-4.115658316854525e-02  -4.045242860438807e-02  0
-2.793771880205662e-02  -2.664063885917982e-02  0
-3.078617650460350e-02  -2.740388080973386e-02  0
-3.345882416278152e-02  -2.865015689742275e-02  0
-3.587445471745019e-02  -3.034159964712863e-02  0
-3.795967046107580e-02  -3.242681542626603e-02  0
-3.965111316674061e-02  -3.484244600248244e-02  0
-4.089738920871818e-02  -3.751509366452167e-02  0
-4.166063112338940e-02  -4.036355137150668e-02  0
-2.798999953080562e-02  -2.634414016565460e-02  0
-3.088914943890193e-02  -2.712096504933404e-02  0
-3.360936052272717e-02  -2.838942032246022e-02  0
-3.606798053259170e-02  -3.011096460646730e-02  0
-3.819030554849243e-02  -3.223328964887237e-02  0
-3.991184979731407e-02  -3.469190967102870e-02  0
-4.118030503355485e-02  -3.741212074914444e-02  0
-4.195712989035234e-02  -4.031127065211844e-02  0
-2.802075290028642e-02  -2.616972917234422e-02  0
-3.094972175246744e-02  -2.695454401655367e-02  0
-3.369791132164175e-02  -2.823604586913335e-02  0
-3.618181924604609e-02  -2.997529693773100e-02  0
-3.832597324541392e-02  -3.211945095816826e-02  0
-4.006522428417174e-02  -3.460335888928330e-02  0
-4.134672610519415e-02  -3.735154844698189e-02  0
-4.213154092795269e-02  -4.028051728828037e-02  0
-3.215675837319476e-02  -4.456319978969175e-02  0
-3.182889935585362e-02  -4.578678629588288e-02  0
-3.129354768765646e-02  -4.693485164999385e-02  0
-3.056696975358537e-02  -4.797251247490633e-02  0
-2.967124226480224e-02  -4.886823996033260e-02  0
-2.863358144569046e-02  -4.959481788559365e-02  0
-2.748551609433247e-02  -5.013016954957449e-02  0
-2.626192959309075e-02  -5.045802856373245e-02  0
-3.636661630930086e-02  -4.530551133163662e-02  0
-3.584589904328012e-02  -4.724885461805974e-02  0
-3.499563462388419e-02  -4.907225254456313e-02  0
-3.384165789800740e-02  -5.072030210009056e-02  0
-3.241903187770955e-02  -5.214292811505527e-02  0
-3.077098233139334e-02  -5.329690482693796e-02  0
-2.894758440926067e-02  -5.414716923963570e-02  0
-2.700424113069666e-02  -5.466788650059916e-02  0
-3.884300339630894e-02  -4.574216519143660e-02  0
-3.820884009864016e-02  -4.810889483041741e-02  0
-3.717333287950166e-02  -5.032954722181997e-02  0
-3.576794509294442e-02  -5.233664898136292e-02  0
-3.403537875175927e-02  -5.406921531605259e-02  0
-3.202827700343398e-02  -5.547460308556654e-02  0
-2.980762461735393e-02  -5.651011029654716e-02  0
-2.744089498794409e-02  -5.714427358805646e-02  0
-4.029970175878239e-02  -4.599902041648439e-02  0
-3.959880549783910e-02  -4.861480086408097e-02  0
-3.845433192022594e-02  -5.106913236467470e-02  0
-3.690105526672929e-02  -5.328744131406953e-02  0
-3.498617108021632e-02  -5.520232549340358e-02  0
-3.276786214321960e-02  -5.675560212806349e-02  0
-3.031353064850855e-02  -5.790007569666041e-02  0
-2.769775021149016e-02  -5.860097195079610e-02  0
-4.115658313098514e-02  -4.615011172225154e-02  0
-4.041643218656385e-02  -4.891239264251364e-02  0
-3.920786075233251e-02  -5.150418243982530e-02  0
-3.756759064947046e-02  -5.384673091012591e-02  0
-3.554546067377688e-02  -5.586886087823754e-02  0
-3.320291221656781e-02  -5.750913096120696e-02  0
-3.061112242546732e-02  -5.871770238591609e-02  0
-2.784884151637491e-02  -5.945785332314756e-02  0
-4.166063109866001e-02  -4.623898897886611e-02  0
-4.089738915929977e-02  -4.908744666513822e-02  0
-3.965111309592282e-02  -5.176009430035902e-02  0
-3.795967036546478e-02  -5.417572485652260e-02  0
-3.587445461870441e-02  -5.626094059546419e-02  0
-3.345882407604055e-02  -5.795238330540870e-02  0
-3.078617644722441e-02  -5.919865935896611e-02  0
-2.793771877247014e-02  -5.996190129091195e-02  0
-4.195712987350427e-02  -4.629126971281948e-02  0
-4.118030499730390e-02  -4.919041960931896e-02  0
-3.991184974253132e-02  -5.191063067384438e-02  0
-3.819030546944081e-02  -5.436925068797839e-02  0
-3.606798044929582e-02  -5.649157570016536e-02  0
-3.360936044890165e-02  -5.821311995237716e-02  0
-3.088914939089477e-02  -5.948157519715531e-02  0
-2.798999950611801e-02  -6.025840006580924e-02  0
-4.213154091585845e-02  -4.632202308543841e-02  0
-4.134672607688752e-02  -4.925099192884458e-02  0
-4.006522423906612e-02  -5.199918148092804e-02  0
-3.832597317636154e-02  -5.448308941127281e-02  0
-3.618181917208191e-02  -5.662724340751248e-02  0
-3.369791125561819e-02  -5.836649444912349e-02  0
-3.094972171012023e-02  -5.964799627684761e-02  0
-2.802075287855725e-02  -6.043281110819436e-02  0
-2.373807040014816e-02  -5.045802856254217e-02  0
-2.251448389256942e-02  -5.013016954481092e-02  0
-2.136641853490149e-02  -4.959481787439404e-02  0
-2.032875771296641e-02  -4.886823994168588e-02  0
-1.943303022752879e-02  -4.797251245240886e-02  0
-1.870645230227905e-02  -4.693485163257411e-02  0
-1.817110063918952e-02  -4.578678628228070e-02  0
-1.784324162576957e-02  -4.456319978384526e-02  0
-2.299575885856613e-02  -5.466788649870723e-02  0
-2.105241556993840e-02  -5.414716923206758e-02  0
-1.922901763778482e-02  -5.329690480914735e-02  0
-1.758096808698506e-02  -5.214292808543670e-02  0
-1.615834207200091e-02  -5.072030206435629e-02  0
-1.500436536013438e-02  -4.907225251689398e-02  0
-1.415410094885010e-02  -4.724885459645450e-02  0
-1.363338368905617e-02  -4.530551132235007e-02  0
-2.255910499897999e-02  -5.714427358575201e-02  0
-2.019237535731439e-02  -5.651011028732961e-02  0
-1.797172295903073e-02  -5.547460306389927e-02  0
-1.596462120524550e-02  -5.406921527998044e-02  0
-1.423205487053210e-02  -5.233664893784271e-02  0
-1.282666710103774e-02  -5.032954718812210e-02  0
-1.179115989177831e-02  -4.810889480410471e-02  0
-1.115699660169306e-02  -4.574216518012661e-02  0
-2.230224977405745e-02  -5.860097194824919e-02  0
-1.968646932349312e-02  -5.790007568647296e-02  0
-1.723213781529378e-02  -5.675560210411627e-02  0
-1.501382887226211e-02  -5.520232545353566e-02  0
-1.309894469290142e-02  -5.328744126596978e-02  0
-1.154566805826274e-02  -5.106913232743087e-02  0
-1.040119449156775e-02  -4.861480083499946e-02  0
-9.700298239005554e-03  -4.599902040398429e-02  0
-2.215115846836441e-02  -5.945785332045721e-02  0
-1.938887754496849e-02  -5.871770237515672e-02  0
-1.679708773962530e-02  -5.750913093591681e-02  0
-1.445453927604416e-02  -5.586886083613498e-02  0
-1.243240930790413e-02  -5.384673085933057e-02  0
-1.079213922495670e-02  -5.150418240049416e-02  0
-9.583567802255322e-03  -4.891239261180235e-02  0
-8.843416866684550e-03  -4.615011170905083e-02  0
-2.206228121179340e-02  -5.996190128813741e-02  0
-1.921382352228970e-02  -5.919865934787066e-02  0
-1.654117587878679e-02  -5.795238327932906e-02  0
-1.412554532955230e-02  -5.626094055204757e-02  0
-1.204032959058134e-02  -5.417572480414205e-02  0
-1.034888688065935e-02  -5.176009425980044e-02  0
-9.102610829172126e-03  -4.908744663346850e-02  0
-8.339368898938528e-03  -4.623898896525339e-02  0
-2.201000047786560e-02  -6.025840006298522e-02  0
-1.911085057807705e-02  -5.948157518586224e-02  0
-1.639063950512212e-02  -5.821311992583318e-02  0
-1.393201949804047e-02  -5.649157565597587e-02  0
-1.180969448582359e-02  -5.436925063466545e-02  0
-1.008815023363464e-02  -5.191063063256382e-02  0
-8.819694990963415e-03  -4.919041957708550e-02  0
-8.042870124052083e-03  -4.629126969896445e-02  0
-2.197924710526172e-02  -6.043281110534121e-02  0
-1.905027825853266e-02  -5.964799626543824e-02  0
-1.630208869793301e-02  -5.836649442230635e-02  0
-1.381818077471311e-02  -5.662724336286830e-02  0
-1.167402677844319e-02  -5.448308935741136e-02  0
-9.934775736855202e-03  -5.199918143922273e-02  0
-8.653273911259623e-03  -4.925099189627949e-02  0
-7.868459081673277e-03  -4.632202307144084e-02  0
Edges
192
3  28  2
28  29  2
29  30  2
30  31  2
31  32  2
32  33  2
4  33  2
4  34  2
34  35  2
35  36  2
36  37  2
37  38  2
38  39  2
1  39  2
1  40  2
40  41  2
41  42  2
42  43  2
43  44  2
44  45  2
2  45  2
2  46  2
46  47  2
47  48  2
48  49  2
49  50  2
50  51  2
3  51  2
6  52  3
52  53  3
53  54  3
54  55  3
55  56  3
56  57  3
7  57  3
7  58  3
58  59  3
59  60  3
60  61  3
61  62  3
62  63  3
8  63  3
8  64  3
64  65  3
65  66  3
66  67  3
67  68  3
68  69  3
5  69  3
5  70  3
70  71  3
71  72  3
72  73  3
73  74  3
74  75  3
6  75  3
9  108  1
108  109  1
109  110  1
110  111  1
111  112  1
112  113  1
10  113  1
10  114  1
114  115  1
115  116  1
116  117  1
117  118  1
118  119  1
11  119  1
11  120  1
120  121  1
121  122  1
122  123  1
123  124  1
124  125  1
12  125  1
12  126  1
126  127  1
127  128  1
128  129  1
129  130  1
130  131  1
9  131  1
14  136  4
136  137  4
137  138  4
138  139  4
139  140  4
140  141  4
141  142  4
142  143  4
15  143  4
15  144  4
144  145  4
145  146  4
146  147  4
147  148  4
148  149  4
149  150  4
150  151  4
16  151  4
16  152  4
152  153  4
153  154  4
154  155  4
155  156  4
156  157  4
157  158  4
158  159  4
17  159  4
17  160  4
160  161  4
161  162  4
162  163  4
163  164  4
164  165  4
165  166  4
166  167  4
14  167  4
19  168  5
168  169  5
169  170  5
170  171  5
171  172  5
172  173  5
173  174  5
174  175  5
20  175  5
20  176  5
176  177  5
177  178  5
178  179  5
179  180  5
180  181  5
181  182  5
182  183  5
21  183  5
21  184  5
184  185  5
185  186  5
186  187  5
187  188  5
188  189  5
189  190  5
190  191  5
22  191  5
22  192  5
192  193  5
193  194  5
194  195  5
195  196  5
196  197  5
197  198  5
198  199  5
19  199  5
24  200  6
200  201  6
201  202  6
202  203  6
203  204  6
204  205  6
205  206  6
206  207  6
25  207  6
25  208  6
208  209  6
209  210  6
210  211  6
211  212  6
212  213  6
213  214  6
214  215  6
26  215  6
26  216  6
216  217  6
217  218  6
218  219  6
219  220  6
220  221  6
221  222  6
222  223  6
27  223  6
27  224  6
224  225  6
225  226  6
226  227  6
227  228  6
228  229  6
229  230  6
230  231  6
24  231  6
Triangles
356
376  1006  1099  1
12  377  932  1
952  628  953  1
628  779  1044  1
590  632  787  1
950  371  1022  1
751  337  789  1
117  118  382  1
751  666  785  1
989  950  1053  1
796  790  951  1
932  971  1100  1
533  518  617  1
736  361  974  1
646  648  653  1
748  380  808  1
687  655  990  1
632  899  1084  1
204  203  701  1
152  16  705  1
197  196  714  1
193  192  710  1
734  974  1054  1
432  463  802  1
702  701  720  1
210  209  716  1
1027  571  1055  1
911  344  1069  1
362  771  945  1
191  190  711  1
569  605  613  1
650  652  656  1
468  516  517  1
678  817  880  1
665  737  808  1
541  548  549  1
764  576  766  1
725  585  823  1
652  659  821  1
523  524  601  1
169  168  757  1
594  596  715  1
614  769  817  1
511  462  803  1
659  651  660  1
551  550  552  1
787  338  825  1
973  361  1089  1
550  548  819  1
556  833  834  1
847  869  875  1
565  831  850  1
546  585  624  1
560  557  834  1
559  560  857  1
190  189  1123  1
837  835  854  1
835  834  843  1
499  506  535  1
839  841  851  1
567  586  667  1
188  187  717  1
466  846  875  1
477  479  480  1
473  474  475  1
475  476  477  1
864  863  865  1
480  481  501  1
440  441  444  1
397  399  400  1
444  446  466  1
401  470  867  1
153  152  343  1
208  25  338  1
205  204  334  1
198  197  337  1
22  191  341  1
16  151  335  1
196  195  344  1
395  397  867  1
195  194  742  1
836  838  845  1
460  472  473  1
441  530  877  1
828  864  903  1
436  482  483  1
449  448  450  1
470  403  889  1
485  484  486  1
25  207  738  1
396  394  398  1
621  622  897  1
609  610  611  1
426  443  908  1
192  22  729  1
543  544  545  1
1068  369  1074  1
422  424  905  1
605  570  606  1
542  521  543  1
428  427  429  1
666  606  668  1
758  757  759  1
211  210  329  1
24  231  332  1
168  19  330  1
146  145  333  1
452  451  453  1
799  563  941  1
722  584  907  1
199  198  785  1
669  678  679  1
589  587  661  1
128  129  756  1
611  612  636  1
586  587  588  1
895  893  915  1
19  199  728  1
112  113  770  1
209  208  741  1
157  156  723  1
340  813  1086  1
156  155  700  1
110  111  755  1
428  430  925  1
454  453  455  1
11  120  771  1
558  607  978  1
909  443  938  1
639  600  640  1
333  783  1059  1
147  146  744  1
740  604  1038  1
553  555  978  1
115  116  947  1
848  819  991  1
148  147  880  1
587  568  913  1
471  870  992  1
754  617  937  1
714  743  1107  1
965  372  967  1
826  727  1058  1
389  391  1002  1
118  119  782  1
924  332  1043  1
456  455  457  1
786  720  1002  1
527  509  699  1
1027  525  1051  1
577  922  1000  1
708  709  1118  1
488  490  923  1
432  433  434  1
958  713  1087  1
920  724  1035  1
705  706  1105  1
590  589  591  1
154  153  983  1
490  491  492  1
707  788  1106  1
522  1032  1095  1
145  144  774  1
778  350  780  1
994  439  998  1
992  618  1004  1
598  595  1015  1
496  923  1063  1
814  759  1124  1
570  516  975  1
187  186  346  1
547  604  626  1
977  1008  1012  1
1013  748  1085  1
814  1031  1032  1
519  533  534  1
170  169  349  1
230  229  351  1
645  654  655  1
175  174  1022  1
1009  976  1013  1
144  15  348  1
17  159  350  1
1015  623  1067  1
938  925  1029  1
592  591  593  1
357  793  940  1
936  960  1115  1
186  185  792  1
220  219  1070  1
754  926  1066  1
684  968  1045  1
694  634  1016  1
219  218  1071  1
1000  703  1060  1
27  223  1093  1
491  572  1018  1
768  829  1043  1
1040  853  1063  1
435  691  957  1
626  733  734  1
973  608  1055  1
718  990  1090  1
733  735  972  1
986  933  1061  1
142  141  364  1
162  161  363  1
712  958  1116  1
642  645  1056  1
765  761  766  1
675  812  1067  1
783  774  797  1
960  124  986  1
752  635  1038  1
21  183  356  1
760  758  761  1
965  816  966  1
767  355  969  1
507  951  1122  1
815  964  1081  1
182  181  368  1
762  1025  1109  1
528  615  1052  1
730  697  731  1
876  949  1034  1
946  694  1108  1
359  1011  1053  1
746  625  1041  1
597  599  1041  1
571  547  1054  1
1078  366  1079  1
969  735  1050  1
178  177  1033  1
374  1070  1115  1
1026  382  1037  1
680  975  1095  1
689  980  1101  1
367  917  918  1
1047  668  1124  1
1014  760  1109  1
1082  964  1083  1
736  1111  1112  1
891  985  1057  1
966  1079  1080  1
136  14  372  1
14  167  373  1
176  20  371  1
794  347  980  1
13  232  1341  4
13  1341  1342  4
13  1342  1343  4
13  1343  1344  4
13  1344  1345  4
13  1345  1346  4
13  1346  1347  4
13  1347  1348  4
13  1348  240  4
13  240  1405  4
13  1405  1406  4
13  1406  1407  4
13  1407  1408  4
13  1408  1409  4
13  1409  1410  4
13  1410  1411  4
13  1411  1412  4
13  1412  248  4
13  248  1469  4
13  1469  1470  4
13  1470  1471  4
13  1471  1472  4
13  1472  1473  4
13  1473  1474  4
13  1474  1475  4
13  1475  1476  4
13  1476  256  4
13  256  1533  4
13  1533  1534  4
13  1534  1535  4
13  1535  1536  4
13  1536  1537  4
13  1537  1538  4
13  1538  1539  4
13  1539  1540  4
13  1540  232  4
18  264  1597  5
18  1597  1598  5
18  1598  1599  5
18  1599  1600  5
18  1600  1601  5
18  1601  1602  5
18  1602  1603  5
18  1603  1604  5
18  1604  272  5
18  272  1661  5
18  1661  1662  5
18  1662  1663  5
18  1663  1664  5
18  1664  1665  5
18  1665  1666  5
18  1666  1667  5
18  1667  1668  5
18  1668  280  5
18  280  1725  5
18  1725  1726  5
18  1726  1727  5
18  1727  1728  5
18  1728  1729  5
18  1729  1730  5
18  1730  1731  5
18  1731  1732  5
18  1732  288  5
18  288  1789  5
18  1789  1790  5
18  1790  1791  5
18  1791  1792  5
18  1792  1793  5
18  1793  1794  5
18  1794  1795  5
18  1795  1796  5
18  1796  264  5
23  296  1853  6
23  1853  1854  6
23  1854  1855  6
23  1855  1856  6
23  1856  1857  6
23  1857  1858  6
23  1858  1859  6
23  1859  1860  6
23  1860  304  6
23  304  1917  6
23  1917  1918  6
23  1918  1919  6
23  1919  1920  6
23  1920  1921  6
23  1921  1922  6
23  1922  1923  6
23  1923  1924  6
23  1924  312  6
23  312  1981  6
23  1981  1982  6
23  1982  1983  6
23  1983  1984  6
23  1984  1985  6
23  1985  1986  6
23  1986  1987  6
23  1987  1988  6
23  1988  320  6
23  320  2045  6
23  2045  2046  6
23  2046  2047  6
23  2047  2048  6
23  2048  2049  6
23  2049  2050  6
23  2050  2051  6
23  2051  2052  6
23  2052  296  6
Quadrilaterals
1915
970  358  987  1100  1
495  856  842  855  1
1002  720  1048  389  1
729  1019  710  192  1
882  1119  343  1121  1
741  1084  716  209  1
852  910  856  495  1
718  1090  726  717  1
740  1038  924  1043  1
343  1119  983  153  1
992  841  1028  471  1
728  1047  330  19  1
855  842  851  529  1
772  641  919  688  1
696  697  730  1001  1
1004  851  841  992  1
150  709  708  151  1
983  692  993  339  1
779  1110  749  777  1
768  1043  332  231  1
729  1046  681  1019  1
1034  949  1024  379  1
368  356  183  182  1
1031  814  1124  668  1
694  1016  739  753  1
695  1069  742  1058  1
333  1059  744  146  1
1084  899  1092  716  1
716  1092  329  210  1
997  679  1059  783  1
684  1045  727  826  1
853  930  910  852  1
507  1114  796  951  1
978  788  996  553  1
344  743  714  196  1
666  668  1047  728  1
934  801  959  700  1
914  1067  623  956  1
840  1028  841  839  1
352  985  891  890  1
1116  745  1091  712  1
653  1087  747  646  1
973  1089  627  608  1
711  713  958  712  1
1028  840  1023  871  1
1047  1124  759  330  1
876  114  115  949  1
733  626  671  735  1
955  1097  704  922  1
1122  693  1063  923  1
954  830  962  461  1
656  1091  745  650  1
1078  976  1009  366  1
991  819  984  442  1
500  1108  1098  892  1
653  648  745  1116  1
968  822  943  503  1
959  662  820  723  1
1071  961  1070  219  1
939  844  998  419  1
124  125  933  986  1
190  1123  713  711  1
700  959  723  156  1
1003  369  1068  746  1
478  943  822  921  1
471  1028  871  412  1
687  1064  686  655  1
787  632  1084  741  1
1008  977  1081  365  1
538  868  791  800  1
762  988  989  1025  1
1054  547  626  734  1
672  1072  575  670  1
339  934  700  155  1
868  478  921  791  1
980  347  750  1101  1
1074  369  120  121  1
492  1114  507  490  1
824  1110  779  628  1
340  1086  149  148  1
848  991  849  619  1
1096  122  935  732  1
483  855  529  436  1
675  1067  914  458  1
1030  572  916  674  1
600  919  641  640  1
711  712  341  191  1
477  480  943  478  1
707  1106  706  335  1
994  998  844  833  1
507  1122  923  490  1
206  1097  345  207  1
503  943  480  501  1
1062  722  1029  798  1
693  1122  951  637  1
517  1062  798  468  1
636  993  692  611  1
665  1065  580  664  1
462  1094  804  803  1
694  946  388  634  1
800  927  904  538  1
1027  1055  608  525  1
600  639  599  598  1
825  667  586  588  1
610  1040  612  611  1
773  1120  348  15  1
708  1118  781  707  1
681  1046  1091  656  1
431  1094  433  432  1
754  1098  753  617  1
705  1121  343  152  1
1023  854  1010  437  1
896  503  501  520  1
683  968  684  682  1
387  388  946  390  1
787  825  588  590  1
605  606  666  751  1
927  455  453  904  1
942  465  995  913  1
660  954  800  791  1
345  1017  738  207  1
937  1018  572  1030  1
1059  679  678  744  1
624  1088  902  546  1
892  1066  398  394  1
1042  986  1061  378  1
868  538  473  475  1
906  849  982  425  1
702  1060  703  334  1
723  820  328  157  1
361  736  127  128  1
376  113  10  763  1
722  1062  721  584  1
882  609  611  692  1
667  1017  831  567  1
519  497  518  533  1
496  1063  853  852  1
931  995  465  456  1
871  1023  437  414  1
664  580  579  997  1
497  498  494  493  1
634  388  574  635  1
416  939  419  418  1
913  995  661  587  1
856  845  838  842  1
478  868  475  477  1
421  998  439  423  1
738  1017  667  825  1
843  1010  854  835  1
689  690  696  980  1
929  1106  607  561  1
950  876  1034  371  1
791  921  659  660  1
713  1123  784  1087  1
642  1056  640  641  1
563  996  781  941  1
637  951  790  638  1
618  992  870  404  1
538  904  460  473  1
817  769  813  340  1
331  1123  189  188  1
795  574  386  342  1
582  930  610  609  1
671  626  604  740  1
727  1045  896  603  1
547  534  539  604  1
558  978  555  557  1
854  1023  840  837  1
654  645  644  747  1
821  659  921  822  1
798  1029  802  463  1
386  1048  385  342  1
1111  736  974  734  1
924  1038  635  1076  1
826  1058  336  710  1
427  982  442  429  1
465  942  884  454  1
1040  1063  693  612  1
833  844  843  834  1
678  669  614  817  1
619  981  832  554  1
570  975  680  606  1
652  821  657  656  1
982  849  991  442  1
14  373  967  372  1
588  587  589  590  1
356  1057  985  21  1
457  1077  459  458  1
360  999  810  811  1
577  1000  578  536  1
721  1113  823  585  1
389  1048  386  387  1
686  944  673  655  1
429  431  430  428  1
786  1060  702  720  1
508  1002  391  393  1
426  427  428  443  1
873  1004  618  402  1
822  968  683  821  1
842  838  839  851  1
852  495  487  496  1
426  908  424  425  1
510  435  462  511  1
832  994  833  556  1
423  906  425  424  1
930  853  1040  610  1
488  923  496  487  1
621  620  578  622  1
948  920  1035  1102  1
619  554  552  848  1
419  998  421  420  1
609  698  581  582  1
719  332  924  1076  1
551  996  563  549  1
647  658  649  648  1
828  827  883  864  1
438  903  894  420  1
631  942  913  568  1
354  1109  1025  1011  1
522  509  527  575  1
987  933  932  1100  1
439  981  906  423  1
708  707  335  151  1
557  555  556  834  1
715  596  689  1101  1
553  996  551  552  1
760  1014  349  758  1
905  901  438  422  1
930  582  583  910  1
644  645  642  643  1
915  884  942  631  1
849  906  981  619  1
938  1029  722  907  1
1014  1109  354  171  1
392  394  393  391  1
719  1076  795  200  1
912  674  482  399  1
677  909  629  630  1
1030  926  754  937  1
557  560  559  558  1
559  857  562  561  1
901  905  677  630  1
502  883  827  521  1
901  828  903  438  1
420  894  418  419  1
510  1020  691  435  1
836  845  857  560  1
909  677  908  443  1
905  424  908  677  1
844  939  1010  843  1
423  424  422  421  1
607  1106  788  978  1
520  502  521  542  1
894  865  881  418  1
895  915  900  467  1
925  938  443  428  1
579  580  528  514  1
425  982  427  426  1
887  417  888  861  1
536  578  620  846  1
888  881  865  863  1
900  915  631  566  1
864  883  531  863  1
884  915  893  452  1
481  531  883  502  1
881  888  417  415  1
904  453  451  460  1
889  405  869  847  1
466  467  499  846  1
479  531  481  480  1
448  877  858  450  1
861  888  863  862  1
879  886  860  859  1
470  898  885  867  1
531  479  862  863  1
444  466  875  440  1
395  393  394  396  1
835  836  560  834  1
565  566  567  831  1
886  872  887  860  1
535  506  565  850  1
404  870  406  405  1
402  618  404  403  1
877  530  879  858  1
858  879  859  472  1
479  477  476  862  1
886  879  530  874  1
867  885  866  395  1
397  395  396  399  1
407  869  405  406  1
401  867  397  400  1
860  887  861  573  1
872  886  874  411  1
446  895  467  466  1
415  417  413  414  1
403  470  401  402  1
548  540  616  819  1
452  893  449  451  1
889  847  898  470  1
467  900  506  499  1
413  872  411  412  1
909  938  907  629  1
410  471  412  411  1
417  887  872  413  1
474  573  476  475  1
411  874  408  410  1
877  448  445  441  1
485  486  487  495  1
447  895  446  445  1
400  873  402  401  1
472  859  474  473  1
409  530  441  440  1
408  407  406  410  1
399  482  436  400  1
445  446  444  441  1
603  896  520  542  1
407  408  409  440  1
472  460  450  858  1
874  530  409  408  1
573  474  859  860  1
440  875  869  407  1
448  449  447  445  1
855  483  485  495  1
405  889  403  404  1
452  453  454  884  1
499  535  536  846  1
603  542  633  695  1
839  838  837  840  1
573  861  862  476  1
544  543  521  827  1
483  482  484  485  1
451  449  450  460  1
846  620  847  875  1
893  895  447  449  1
759  814  764  758  1
491  1018  493  492  1
828  901  630  827  1
897  508  866  885  1
430  431  432  802  1
837  838  836  835  1
898  847  620  621  1
865  894  903  864  1
455  927  461  457  1
393  395  866  508  1
501  481  502  520  1
544  827  630  629  1
752  1016  634  635  1
701  385  1048  720  1
926  1030  674  912  1
434  464  463  432  1
550  819  848  552  1
390  500  392  391  1
1013  1085  364  1009  1
506  900  566  565  1
562  583  582  581  1
418  881  415  416  1
919  600  598  812  1
691  1020  699  509  1
546  902  543  545  1
699  1052  809  527  1
629  907  545  544  1
597  1041  625  596  1
1000  1060  622  578  1
112  770  360  111  1
515  540  537  532  1
914  1075  931  458  1
344  195  742  1069  1
422  438  420  421  1
714  789  337  197  1
705  16  335  706  1
515  511  803  540  1
566  631  568  567  1
981  439  994  832  1
550  551  549  548  1
934  339  993  638  1
454  455  456  465  1
916  489  486  484  1
910  583  845  856  1
568  587  586  567  1
569  516  570  605  1
412  871  414  413  1
469  975  516  468  1
928  1007  579  514  1
584  721  585  546  1
830  954  660  651  1
489  916  572  491  1
614  532  537  769  1
524  525  564  952  1
730  731  732  940  1
669  928  532  614  1
437  1010  939  416  1
622  1060  786  897  1
615  1065  811  810  1
802  1029  925  430  1
870  471  410  406  1
379  176  371  1034  1
504  957  691  509  1
602  796  523  601  1
545  907  584  546  1
674  916  484  482  1
494  523  796  1114  1
1053  950  1022  359  1
651  659  652  650  1
512  1020  510  511  1
489  491  490  488  1
624  585  725  1107  1
615  528  580  1065  1
785  198  337  751  1
583  562  857  845  1
703  1000  922  704  1
650  745  648  649  1
743  1088  624  1107  1
732  935  918  940  1
334  204  701  702  1
799  541  549  563  1
725  823  613  789  1
396  398  912  399  1
873  400  436  529  1
541  799  769  537  1
554  832  556  555  1
414  437  416  415  1
590  591  592  632  1
698  1105  929  581  1
381  756  129  130  1
1037  687  890  891  1
637  636  612  693  1
956  591  589  661  1
392  500  892  394  1
885  898  621  897  1
522  575  576  1032  1
554  555  553  552  1
954  461  927  800  1
458  931  456  457  1
1005  429  442  984  1
662  959  801  602  1
1072  766  576  575  1
535  850  577  536  1
764  766  761  758  1
598  599  597  595  1
513  512  511  515  1
220  1070  374  221  1
464  504  469  468  1
388  387  386  574  1
613  605  751  789  1
676  1003  746  1041  1
540  548  541  537  1
389  387  390  391  1
724  117  382  1026  1
542  543  902  633  1
561  607  558  559  1
532  928  513  515  1
591  956  623  593  1
11  771  362  119  1
641  772  643  642  1
340  148  880  817  1
110  755  380  109  1
801  934  638  790  1
486  489  488  487  1
595  597  596  594  1
498  524  523  494  1
1005  984  804  1094  1
1061  933  987  370  1
709  1086  813  941  1
1078  816  384  976  1
918  935  936  961  1
948  375  1024  947  1
1079  366  139  138  1
164  365  1082  165  1
882  1121  698  609  1
1027  1051  519  534  1
528  1052  526  514  1
363  1117  1012  1008  1
1083  964  1104  373  1
329  1049  750  211  1
955  850  831  1017  1
606  680  1031  668  1
505  1095  975  469  1
673  1056  645  655  1
748  808  807  1085  1
647  643  772  658  1
179  375  1103  180  1
688  919  812  675  1
792  979  346  186  1
683  682  657  821  1
805  777  1117  363  1
799  941  813  769  1
945  676  639  685  1
374  378  222  221  1
649  830  651  650  1
385  701  203  202  1
368  181  1102  1035  1
670  575  527  809  1
638  993  636  637  1
346  718  717  187  1
765  766  1072  1006  1
793  357  26  215  1
526  1020  512  514  1
741  208  338  787  1
737  665  664  797  1
581  929  561  562  1
658  962  830  649  1
803  804  616  540  1
498  1051  525  524  1
850  955  922  577  1
696  1001  794  980  1
334  703  704  205  1
932  377  972  971  1
786  1002  508  897  1
625  690  689  596  1
990  655  654  1090  1
193  710  336  194  1
823  1113  569  613  1
880  147  744  678  1
338  25  738  825  1
765  988  762  761  1
782  1064  382  118  1
228  227  355  767  1
593  595  594  592  1
601  663  662  602  1
513  928  514  512  1
663  952  953  818  1
367  1071  218  217  1
644  643  646  747  1
225  1021  358  226  1
728  199  785  666  1
782  119  362  944  1
142  364  806  143  1
646  643  647  648  1
736  1112  126  127  1
973  1055  974  361  1
330  759  757  168  1
1011  359  173  172  1
663  818  820  662  1
1068  1074  731  697  1
717  726  331  188  1
695  1058  727  603  1
463  464  468  798  1
224  370  1021  225  1
778  1044  776  350  1
435  957  434  433  1
932  933  125  12  1
729  22  341  1046  1
564  627  628  952  1
739  533  617  753  1
952  663  601  524  1
166  1083  373  167  1
114  876  763  10  1
116  117  724  920  1
377  1112  1111  972  1
917  367  217  216  1
431  429  1005  1094  1
824  1089  756  381  1
539  534  533  739  1
814  1032  576  764  1
715  1092  899  594  1
735  969  971  972  1
657  682  681  656  1
730  940  793  1001  1
985  352  184  21  1
763  876  950  989  1
774  783  333  145  1
1015  595  593  623  1
946  1108  500  390  1
778  780  818  953  1
805  363  161  160  1
518  1018  937  617  1
180  1103  1102  181  1
780  350  159  158  1
459  1077  962  658  1
680  1095  1032  1031  1
790  796  602  801  1
202  201  342  385  1
381  130  383  749  1
494  1114  492  493  1
774  144  348  797  1
433  1094  462  435  1
384  816  108  109  1
131  815  383  130  1
359  1022  174  173  1
384  109  380  748  1
767  351  229  228  1
755  111  360  811  1
517  516  569  1113  1
1036  1057  356  368  1
158  157  328  780  1
890  979  792  352  1
809  1052  615  810  1
564  525  608  627  1
362  945  685  944  1
777  805  775  776  1
999  1099  672  670  1
794  353  214  213  1
687  990  979  890  1
775  17  350  776  1
1009  364  141  140  1
1004  873  529  851  1
150  149  1086  709  1
765  1006  376  988  1
742  194  336  1058  1
374  1115  1042  378  1
757  758  349  169  1
352  792  185  184  1
1039  355  227  226  1
1111  734  733  972  1
398  1066  926  912  1
878  1065  665  808  1
1075  661  995  931  1
357  917  216  26  1
1051  498  497  519  1
788  707  781  996  1
230  351  768  231  1
143  806  773  15  1
756  1089  361  128  1
829  768  351  1050  1
162  363  1008  163  1
165  1082  1083  166  1
965  967  963  9  1
767  969  1050  351  1
775  805  160  17  1
1078  1079  966  816  1
750  347  212  211  1
929  1105  706  1106  1
1090  654  747  726  1
784  1123  331  726  1
699  1020  526  1052  1
818  780  328  820  1
971  969  970  1100  1
746  1068  690  625  1
372  1080  137  136  1
1085  807  806  364  1
163  1008  365  164  1
945  771  1003  676  1
175  1022  371  20  1
1026  1037  891  1057  1
592  594  899  632  1
27  1093  370  224  1
1007  928  669  679  1
354  1011  172  171  1
459  688  675  458  1
1105  698  1121  705  1
673  944  685  1056  1
965  9  108  816  1
170  349  1014  171  1
676  1041  599  639  1
1045  968  503  896  1
345  1097  955  1017  1
518  497  493  1018  1
672  1099  1006  1072  1
1080  1079  138  137  1
712  1091  1046  341  1
958  1087  653  1116  1
121  122  1096  1074  1
366  1009  140  139  1
378  1093  223  222  1
640  1056  685  639  1
807  808  737  1120  1
719  200  24  332  1
461  962  1077  457  1
811  1065  878  755  1
355  1039  970  969  1
1025  989  1053  1011  1
504  509  505  469  1
1113  721  1062  517  1
664  997  783  797  1
1015  1067  812  598  1
1042  1115  960  986  1
12  126  1112  377  1
1050  735  671  829  1
627  1089  824  628  1
776  1044  779  777  1
376  1099  770  113  1
1104  963  967  373  1
178  1033  375  179  1
379  1033  177  176  1
213  212  347  794  1
201  200  795  342  1
339  155  154  983  1
710  1019  1073  826  1
1097  206  205  704  1
984  819  616  804  1
762  1109  760  761  1
1054  974  1055  571  1
353  793  215  214  1
633  911  1069  695  1
682  1073  1019  681  1
957  504  464  434  1
740  1043  829  671  1
686  1064  782  944  1
670  809  810  999  1
770  1099  999  360  1
690  1068  697  696  1
773  806  807  1120  1
752  1038  604  539  1
1088  911  633  902  1
1104  964  815  963  1
953  628  1044  778  1
979  990  718  346  1
522  1095  505  509  1
383  815  1081  977  1
1120  737  797  348  1
947  1024  949  115  1
123  124  960  936  1
571  1027  534  547  1
1115  1070  961  936  1
369  1003  771  120  1
1071  367  918  961  1
1036  724  1026  1057  1
1036  368  1035  724  1
966  1080  372  965  1
1096  732  731  1074  1
911  1088  743  344  1
947  116  920  948  1
1049  329  1092  715  1
123  936  935  122  1
878  808  380  755  1
131  9  963  815  1
1037  382  1064  687  1
1076  635  574  795  1
997  579  1007  679  1
1081  964  1082  365  1
1066  892  1098  754  1
459  658  772  688  1
748  1013  976  384  1
747  1087  784  726  1
539  739  1016  752  1
1049  715  1101  750  1
917  357  940  918  1
789  714  1107  725  1
956  661  1075  914  1
753  1098  1108  694  1
977  1012  749  383  1
1001  793  353  794  1
763  989  988  376  1
1039  226  358  970  1
1073  682  684  826  1
749  1012  1117  777  1
381  749  1110  824  1
1093  378  1061  370  1
1118  709  941  781  1
692  983  1119  882  1
1024  375  1033  379  1
987  358  1021  370  1
948  1102  1103  375  1
2  46  1125  132  2
132  1125  114  10  2
46  47  1126  1125  2
1125  1126  115  114  2
47  48  1127  1126  2
1126  1127  116  115  2
48  49  1128  1127  2
1127  1128  117  116  2
49  50  1129  1128  2
1128  1129  118  117  2
50  51  1130  1129  2
1129  1130  119  118  2
51  3  135  1130  2
1130  135  11  119  2
3  28  1131  135  2
135  1131  120  11  2
28  29  1132  1131  2
1131  1132  121  120  2
29  30  1133  1132  2
1132  1133  122  121  2
30  31  1134  1133  2
1133  1134  123  122  2
31  32  1135  1134  2
1134  1135  124  123  2
32  33  1136  1135  2
1135  1136  125  124  2
33  4  134  1136  2
1136  134  12  125  2
4  34  1137  134  2
134  1137  126  12  2
34  35  1138  1137  2
1137  1138  127  126  2
35  36  1139  1138  2
1138  1139  128  127  2
36  37  1140  1139  2
1139  1140  129  128  2
37  38  1141  1140  2
1140  1141  130  129  2
38  39  1142  1141  2
1141  1142  131  130  2
39  1  133  1142  2
1142  133  9  131  2
1  40  1143  133  2
133  1143  108  9  2
40  41  1144  1143  2
1143  1144  109  108  2
41  42  1145  1144  2
1144  1145  110  109  2
42  43  1146  1145  2
1145  1146  111  110  2
43  44  1147  1146  2
1146  1147  112  111  2
44  45  1148  1147  2
1147  1148  113  112  2
45  2  132  1148  2
1148  132  10  113  2
6  52  1149  83  3
83  1149  1150  82  3
82  1150  1151  81  3
81  1151  1152  80  3
80  1152  1153  79  3
79  1153  1154  78  3
78  1154  1155  77  3
77  1155  1156  76  3
76  1156  46  2  3
52  53  1157  1149  3
1149  1157  1158  1150  3
1150  1158  1159  1151  3
1151  1159  1160  1152  3
1152  1160  1161  1153  3
1153  1161  1162  1154  3
1154  1162  1163  1155  3
1155  1163  1164  1156  3
1156  1164  47  46  3
53  54  1165  1157  3
1157  1165  1166  1158  3
1158  1166  1167  1159  3
1159  1167  1168  1160  3
1160  1168  1169  1161  3
1161  1169  1170  1162  3
1162  1170  1171  1163  3
1163  1171  1172  1164  3
1164  1172  48  47  3
54  55  1173  1165  3
1165  1173  1174  1166  3
1166  1174  1175  1167  3
1167  1175  1176  1168  3
1168  1176  1177  1169  3
1169  1177  1178  1170  3
1170  1178  1179  1171  3
1171  1179  1180  1172  3
1172  1180  49  48  3
55  56  1181  1173  3
1173  1181  1182  1174  3
1174  1182  1183  1175  3
1175  1183  1184  1176  3
1176  1184  1185  1177  3
1177  1185  1186  1178  3
1178  1186  1187  1179  3
1179  1187  1188  1180  3
1180  1188  50  49  3
56  57  1189  1181  3
1181  1189  1190  1182  3
1182  1190  1191  1183  3
1183  1191  1192  1184  3
1184  1192  1193  1185  3
1185  1193  1194  1186  3
1186  1194  1195  1187  3
1187  1195  1196  1188  3
1188  1196  51  50  3
57  7  107  1189  3
1189  107  106  1190  3
1190  106  105  1191  3
1191  105  104  1192  3
1192  104  103  1193  3
1193  103  102  1194  3
1194  102  101  1195  3
1195  101  100  1196  3
1196  100  3  51  3
7  58  1197  107  3
107  1197  1198  106  3
106  1198  1199  105  3
105  1199  1200  104  3
104  1200  1201  103  3
103  1201  1202  102  3
102  1202  1203  101  3
101  1203  1204  100  3
100  1204  28  3  3
58  59  1205  1197  3
1197  1205  1206  1198  3
1198  1206  1207  1199  3
1199  1207  1208  1200  3
1200  1208  1209  1201  3
1201  1209  1210  1202  3
1202  1210  1211  1203  3
1203  1211  1212  1204  3
1204  1212  29  28  3
59  60  1213  1205  3
1205  1213  1214  1206  3
1206  1214  1215  1207  3
1207  1215  1216  1208  3
1208  1216  1217  1209  3
1209  1217  1218  1210  3
1210  1218  1219  1211  3
1211  1219  1220  1212  3
1212  1220  30  29  3
60  61  1221  1213  3
1213  1221  1222  1214  3
1214  1222  1223  1215  3
1215  1223  1224  1216  3
1216  1224  1225  1217  3
1217  1225  1226  1218  3
1218  1226  1227  1219  3
1219  1227  1228  1220  3
1220  1228  31  30  3
61  62  1229  1221  3
1221  1229  1230  1222  3
1222  1230  1231  1223  3
1223  1231  1232  1224  3
1224  1232  1233  1225  3
1225  1233  1234  1226  3
1226  1234  1235  1227  3
1227  1235  1236  1228  3
1228  1236  32  31  3
62  63  1237  1229  3
1229  1237  1238  1230  3
1230  1238  1239  1231  3
1231  1239  1240  1232  3
1232  1240  1241  1233  3
1233  1241  1242  1234  3
1234  1242  1243  1235  3
1235  1243  1244  1236  3
1236  1244  33  32  3
63  8  99  1237  3
1237  99  98  1238  3
1238  98  97  1239  3
1239  97  96  1240  3
1240  96  95  1241  3
1241  95  94  1242  3
1242  94  93  1243  3
1243  93  92  1244  3
1244  92  4  33  3
8  64  1245  99  3
99  1245  1246  98  3
98  1246  1247  97  3
97  1247  1248  96  3
96  1248  1249  95  3
95  1249  1250  94  3
94  1250  1251  93  3
93  1251  1252  92  3
92  1252  34  4  3
64  65  1253  1245  3
1245  1253  1254  1246  3
1246  1254  1255  1247  3
1247  1255  1256  1248  3
1248  1256  1257  1249  3
1249  1257  1258  1250  3
1250  1258  1259  1251  3
1251  1259  1260  1252  3
1252  1260  35  34  3
65  66  1261  1253  3
1253  1261  1262  1254  3
1254  1262  1263  1255  3
1255  1263  1264  1256  3
1256  1264  1265  1257  3
1257  1265  1266  1258  3
1258  1266  1267  1259  3
1259  1267  1268  1260  3
1260  1268  36  35  3
66  67  1269  1261  3
1261  1269  1270  1262  3
1262  1270  1271  1263  3
1263  1271  1272  1264  3
1264  1272  1273  1265  3
1265  1273  1274  1266  3
1266  1274  1275  1267  3
1267  1275  1276  1268  3
1268  1276  37  36  3
67  68  1277  1269  3
1269  1277  1278  1270  3
1270  1278  1279  1271  3
1271  1279  1280  1272  3
1272  1280  1281  1273  3
1273  1281  1282  1274  3
1274  1282  1283  1275  3
1275  1283  1284  1276  3
1276  1284  38  37  3
68  69  1285  1277  3
1277  1285  1286  1278  3
1278  1286  1287  1279  3
1279  1287  1288  1280  3
1280  1288  1289  1281  3
1281  1289  1290  1282  3
1282  1290  1291  1283  3
1283  1291  1292  1284  3
1284  1292  39  38  3
69  5  91  1285  3
1285  91  90  1286  3
1286  90  89  1287  3
1287  89  88  1288  3
1288  88  87  1289  3
1289  87  86  1290  3
1290  86  85  1291  3
1291  85  84  1292  3
1292  84  1  39  3
5  70  1293  91  3
91  1293  1294  90  3
90  1294  1295  89  3
89  1295  1296  88  3
88  1296  1297  87  3
87  1297  1298  86  3
86  1298  1299  85  3
85  1299  1300  84  3
84  1300  40  1  3
70  71  1301  1293  3
1293  1301  1302  1294  3
1294  1302  1303  1295  3
1295  1303  1304  1296  3
1296  1304  1305  1297  3
1297  1305  1306  1298  3
1298  1306  1307  1299  3
1299  1307  1308  1300  3
1300  1308  41  40  3
71  72  1309  1301  3
1301  1309  1310  1302  3
1302  1310  1311  1303  3
1303  1311  1312  1304  3
1304  1312  1313  1305  3
1305  1313  1314  1306  3
1306  1314  1315  1307  3
1307  1315  1316  1308  3
1308  1316  42  41  3
72  73  1317  1309  3
1309  1317  1318  1310  3
1310  1318  1319  1311  3
1311  1319  1320  1312  3
1312  1320  1321  1313  3
1313  1321  1322  1314  3
1314  1322  1323  1315  3
1315  1323  1324  1316  3
1316  1324  43  42  3
73  74  1325  1317  3
1317  1325  1326  1318  3
1318  1326  1327  1319  3
1319  1327  1328  1320  3
1320  1328  1329  1321  3
1321  1329  1330  1322  3
1322  1330  1331  1323  3
1323  1331  1332  1324  3
1324  1332  44  43  3
74  75  1333  1325  3
1325  1333  1334  1326  3
1326  1334  1335  1327  3
1327  1335  1336  1328  3
1328  1336  1337  1329  3
1329  1337  1338  1330  3
1330  1338  1339  1331  3
1331  1339  1340  1332  3
1332  1340  45  44  3
75  6  83  1333  3
1333  83  82  1334  3
1334  82  81  1335  3
1335  81  80  1336  3
1336  80  79  1337  3
1337  79  78  1338  3
1338  78  77  1339  3
1339  77  76  1340  3
1340  76  2  45  3
232  233  1349  1341  4
1341  1349  1350  1342  4
1342  1350  1351  1343  4
1343  1351  1352  1344  4
1344  1352  1353  1345  4
1345  1353  1354  1346  4
1346  1354  1355  1347  4
1347  1355  1356  1348  4
1348  1356  241  240  4
233  234  1357  1349  4
1349  1357  1358  1350  4
1350  1358  1359  1351  4
1351  1359  1360  1352  4
1352  1360  1361  1353  4
1353  1361  1362  1354  4
1354  1362  1363  1355  4
1355  1363  1364  1356  4
1356  1364  242  241  4
234  235  1365  1357  4
1357  1365  1366  1358  4
1358  1366  1367  1359  4
1359  1367  1368  1360  4
1360  1368  1369  1361  4
1361  1369  1370  1362  4
1362  1370  1371  1363  4
1363  1371  1372  1364  4
1364  1372  243  242  4
235  236  1373  1365  4
1365  1373  1374  1366  4
1366  1374  1375  1367  4
1367  1375  1376  1368  4
1368  1376  1377  1369  4
1369  1377  1378  1370  4
1370  1378  1379  1371  4
1371  1379  1380  1372  4
1372  1380  244  243  4
236  237  1381  1373  4
1373  1381  1382  1374  4
1374  1382  1383  1375  4
1375  1383  1384  1376  4
1376  1384  1385  1377  4
1377  1385  1386  1378  4
1378  1386  1387  1379  4
1379  1387  1388  1380  4
1380  1388  245  244  4
237  238  1389  1381  4
1381  1389  1390  1382  4
1382  1390  1391  1383  4
1383  1391  1392  1384  4
1384  1392  1393  1385  4
1385  1393  1394  1386  4
1386  1394  1395  1387  4
1387  1395  1396  1388  4
1388  1396  246  245  4
238  239  1397  1389  4
1389  1397  1398  1390  4
1390  1398  1399  1391  4
1391  1399  1400  1392  4
1392  1400  1401  1393  4
1393  1401  1402  1394  4
1394  1402  1403  1395  4
1395  1403  1404  1396  4
1396  1404  247  246  4
239  14  136  1397  4
1397  136  137  1398  4
1398  137  138  1399  4
1399  138  139  1400  4
1400  139  140  1401  4
1401  140  141  1402  4
1402  141  142  1403  4
1403  142  143  1404  4
1404  143  15  247  4
240  241  1413  1405  4
1405  1413  1414  1406  4
1406  1414  1415  1407  4
1407  1415  1416  1408  4
1408  1416  1417  1409  4
1409  1417  1418  1410  4
1410  1418  1419  1411  4
1411  1419  1420  1412  4
1412  1420  249  248  4
241  242  1421  1413  4
1413  1421  1422  1414  4
1414  1422  1423  1415  4
1415  1423  1424  1416  4
1416  1424  1425  1417  4
1417  1425  1426  1418  4
1418  1426  1427  1419  4
1419  1427  1428  1420  4
1420  1428  250  249  4
242  243  1429  1421  4
1421  1429  1430  1422  4
1422  1430  1431  1423  4
1423  1431  1432  1424  4
1424  1432  1433  1425  4
1425  1433  1434  1426  4
1426  1434  1435  1427  4
1427  1435  1436  1428  4
1428  1436  251  250  4
243  244  1437  1429  4
1429  1437  1438  1430  4
1430  1438  1439  1431  4
1431  1439  1440  1432  4
1432  1440  1441  1433  4
1433  1441  1442  1434  4
1434  1442  1443  1435  4
1435  1443  1444  1436  4
1436  1444  252  251  4
244  245  1445  1437  4
1437  1445  1446  1438  4
1438  1446  1447  1439  4
1439  1447  1448  1440  4
1440  1448  1449  1441  4
1441  1449  1450  1442  4
1442  1450  1451  1443  4
1443  1451  1452  1444  4
1444  1452  253  252  4
245  246  1453  1445  4
1445  1453  1454  1446  4
1446  1454  1455  1447  4
1447  1455  1456  1448  4
1448  1456  1457  1449  4
1449  1457  1458  1450  4
1450  1458  1459  1451  4
1451  1459  1460  1452  4
1452  1460  254  253  4
246  247  1461  1453  4
1453  1461  1462  1454  4
1454  1462  1463  1455  4
1455  1463  1464  1456  4
1456  1464  1465  1457  4
1457  1465  1466  1458  4
1458  1466  1467  1459  4
1459  1467  1468  1460  4
1460  1468  255  254  4
247  15  144  1461  4
1461  144  145  1462  4
1462  145  146  1463  4
1463  146  147  1464  4
1464  147  148  1465  4
1465  148  149  1466  4
1466  149  150  1467  4
1467  150  151  1468  4
1468  151  16  255  4
248  249  1477  1469  4
1469  1477  1478  1470  4
1470  1478  1479  1471  4
1471  1479  1480  1472  4
1472  1480  1481  1473  4
1473  1481  1482  1474  4
1474  1482  1483  1475  4
1475  1483  1484  1476  4
1476  1484  257  256  4
249  250  1485  1477  4
1477  1485  1486  1478  4
1478  1486  1487  1479  4
1479  1487  1488  1480  4
1480  1488  1489  1481  4
1481  1489  1490  1482  4
1482  1490  1491  1483  4
1483  1491  1492  1484  4
1484  1492  258  257  4
250  251  1493  1485  4
1485  1493  1494  1486  4
1486  1494  1495  1487  4
1487  1495  1496  1488  4
1488  1496  1497  1489  4
1489  1497  1498  1490  4
1490  1498  1499  1491  4
1491  1499  1500  1492  4
1492  1500  259  258  4
251  252  1501  1493  4
1493  1501  1502  1494  4
1494  1502  1503  1495  4
1495  1503  1504  1496  4
1496  1504  1505  1497  4
1497  1505  1506  1498  4
1498  1506  1507  1499  4
1499  1507  1508  1500  4
1500  1508  260  259  4
252  253  1509  1501  4
1501  1509  1510  1502  4
1502  1510  1511  1503  4
1503  1511  1512  1504  4
1504  1512  1513  1505  4
1505  1513  1514  1506  4
1506  1514  1515  1507  4
1507  1515  1516  1508  4
1508  1516  261  260  4
253  254  1517  1509  4
1509  1517  1518  1510  4
1510  1518  1519  1511  4
1511  1519  1520  1512  4
1512  1520  1521  1513  4
1513  1521  1522  1514  4
1514  1522  1523  1515  4
1515  1523  1524  1516  4
1516  1524  262  261  4
254  255  1525  1517  4
1517  1525  1526  1518  4
1518  1526  1527  1519  4
1519  1527  1528  1520  4
1520  1528  1529  1521  4
1521  1529  1530  1522  4
1522  1530  1531  1523  4
1523  1531  1532  1524  4
1524  1532  263  262  4
255  16  152  1525  4
1525  152  153  1526  4
1526  153  154  1527  4
1527  154  155  1528  4
1528  155  156  1529  4
1529  156  157  1530  4
1530  157  158  1531  4
1531  158  159  1532  4
1532  159  17  263  4
256  257  1541  1533  4
1533  1541  1542  1534  4
1534  1542  1543  1535  4
1535  1543  1544  1536  4
1536  1544  1545  1537  4
1537  1545  1546  1538  4
1538  1546  1547  1539  4
1539  1547  1548  1540  4
1540  1548  233  232  4
257  258  1549  1541  4
1541  1549  1550  1542  4
1542  1550  1551  1543  4
1543  1551  1552  1544  4
1544  1552  1553  1545  4
1545  1553  1554  1546  4
1546  1554  1555  1547  4
1547  1555  1556  1548  4
1548  1556  234  233  4
258  259  1557  1549  4
1549  1557  1558  1550  4
1550  1558  1559  1551  4
1551  1559  1560  1552  4
1552  1560  1561  1553  4
1553  1561  1562  1554  4
1554  1562  1563  1555  4
1555  1563  1564  1556  4
1556  1564  235  234  4
259  260  1565  1557  4
1557  1565  1566  1558  4
1558  1566  1567  1559  4
1559  1567  1568  1560  4
1560  1568  1569  1561  4
1561  1569  1570  1562  4
1562  1570  1571  1563  4
1563  1571  1572  1564  4
1564  1572  236  235  4
260  261  1573  1565  4
1565  1573  1574  1566  4
1566  1574  1575  1567  4
1567  1575  1576  1568  4
1568  1576  1577  1569  4
1569  1577  1578  1570  4
1570  1578  1579  1571  4
1571  1579  1580  1572  4
1572  1580  237  236  4
261  262  1581  1573  4
1573  1581  1582  1574  4
1574  1582  1583  1575  4
1575  1583  1584  1576  4
1576  1584  1585  1577  4
1577  1585  1586  1578  4
1578  1586  1587  1579  4
1579  1587  1588  1580  4
1580  1588  238  237  4
262  263  1589  1581  4
1581  1589  1590  1582  4
1582  1590  1591  1583  4
1583  1591  1592  1584  4
1584  1592  1593  1585  4
1585  1593  1594  1586  4
1586  1594  1595  1587  4
1587  1595  1596  1588  4
1588  1596  239  238  4
263  17  160  1589  4
1589  160  161  1590  4
1590  161  162  1591  4
1591  162  163  1592  4
1592  163  164  1593  4
1593  164  165  1594  4
1594  165  166  1595  4
1595  166  167  1596  4
1596  167  14  239  4
264  265  1605  1597  5
1597  1605  1606  1598  5
1598  1606  1607  1599  5
1599  1607  1608  1600  5
1600  1608  1609  1601  5
1601  1609  1610  1602  5
1602  1610  1611  1603  5
1603  1611  1612  1604  5
1604  1612  273  272  5
265  266  1613  1605  5
1605  1613  1614  1606  5
1606  1614  1615  1607  5
1607  1615  1616  1608  5
1608  1616  1617  1609  5
1609  1617  1618  1610  5
1610  1618  1619  1611  5
1611  1619  1620  1612  5
1612  1620  274  273  5
266  267  1621  1613  5
1613  1621  1622  1614  5
1614  1622  1623  1615  5
1615  1623  1624  1616  5
1616  1624  1625  1617  5
1617  1625  1626  1618  5
1618  1626  1627  1619  5
1619  1627  1628  1620  5
1620  1628  275  274  5
267  268  1629  1621  5
1621  1629  1630  1622  5
1622  1630  1631  1623  5
1623  1631  1632  1624  5
1624  1632  1633  1625  5
1625  1633  1634  1626  5
1626  1634  1635  1627  5
1627  1635  1636  1628  5
1628  1636  276  275  5
268  269  1637  1629  5
1629  1637  1638  1630  5
1630  1638  1639  1631  5
1631  1639  1640  1632  5
1632  1640  1641  1633  5
1633  1641  1642  1634  5
1634  1642  1643  1635  5
1635  1643  1644  1636  5
1636  1644  277  276  5
269  270  1645  1637  5
1637  1645  1646  1638  5
1638  1646  1647  1639  5
1639  1647  1648  1640  5
1640  1648  1649  1641  5
1641  1649  1650  1642  5
1642  1650  1651  1643  5
1643  1651  1652  1644  5
1644  1652  278  277  5
270  271  1653  1645  5
1645  1653  1654  1646  5
1646  1654  1655  1647  5
1647  1655  1656  1648  5
1648  1656  1657  1649  5
1649  1657  1658  1650  5
1650  1658  1659  1651  5
1651  1659  1660  1652  5
1652  1660  279  278  5
271  19  168  1653  5
1653  168  169  1654  5
1654  169  170  1655  5
1655  170  171  1656  5
1656  171  172  1657  5
1657  172  173  1658  5
1658  173  174  1659  5
1659  174  175  1660  5
1660  175  20  279  5
272  273  1669  1661  5
1661  1669  1670  1662  5
1662  1670  1671  1663  5
1663  1671  1672  1664  5
1664  1672  1673  1665  5
1665  1673  1674  1666  5
1666  1674  1675  1667  5
1667  1675  1676  1668  5
1668  1676  281  280  5
273  274  1677  1669  5
1669  1677  1678  1670  5
1670  1678  1679  1671  5
1671  1679  1680  1672  5
1672  1680  1681  1673  5
1673  1681  1682  1674  5
1674  1682  1683  1675  5
1675  1683  1684  1676  5
1676  1684  282  281  5
274  275  1685  1677  5
1677  1685  1686  1678  5
1678  1686  1687  1679  5
1679  1687  1688  1680  5
1680  1688  1689  1681  5
1681  1689  1690  1682  5
1682  1690  1691  1683  5
1683  1691  1692  1684  5
1684  1692  283  282  5
275  276  1693  1685  5
1685  1693  1694  1686  5
1686  1694  1695  1687  5
1687  1695  1696  1688  5
1688  1696  1697  1689  5
1689  1697  1698  1690  5
1690  1698  1699  1691  5
1691  1699  1700  1692  5
1692  1700  284  283  5
276  277  1701  1693  5
1693  1701  1702  1694  5
1694  1702  1703  1695  5
1695  1703  1704  1696  5
1696  1704  1705  1697  5
1697  1705  1706  1698  5
1698  1706  1707  1699  5
1699  1707  1708  1700  5
1700  1708  285  284  5
277  278  1709  1701  5
1701  1709  1710  1702  5
1702  1710  1711  1703  5
1703  1711  1712  1704  5
1704  1712  1713  1705  5
1705  1713  1714  1706  5
1706  1714  1715  1707  5
1707  1715  1716  1708  5
1708  1716  286  285  5
278  279  1717  1709  5
1709  1717  1718  1710  5
1710  1718  1719  1711  5
1711  1719  1720  1712  5
1712  1720  1721  1713  5
1713  1721  1722  1714  5
1714  1722  1723  1715  5
1715  1723  1724  1716  5
1716  1724  287  286  5
279  20  176  1717  5
1717  176  177  1718  5
1718  177  178  1719  5
1719  178  179  1720  5
1720  179  180  1721  5
1721  180  181  1722  5
1722  181  182  1723  5
1723  182  183  1724  5
1724  183  21  287  5
280  281  1733  1725  5
1725  1733  1734  1726  5
1726  1734  1735  1727  5
1727  1735  1736  1728  5
1728  1736  1737  1729  5
1729  1737  1738  1730  5
1730  1738  1739  1731  5
1731  1739  1740  1732  5
1732  1740  289  288  5
281  282  1741  1733  5
1733  1741  1742  1734  5
1734  1742  1743  1735  5
1735  1743  1744  1736  5
1736  1744  1745  1737  5
1737  1745  1746  1738  5
1738  1746  1747  1739  5
1739  1747  1748  1740  5
1740  1748  290  289  5
282  283  1749  1741  5
1741  1749  1750  1742  5
1742  1750  1751  1743  5
1743  1751  1752  1744  5
1744  1752  1753  1745  5
1745  1753  1754  1746  5
1746  1754  1755  1747  5
1747  1755  1756  1748  5
1748  1756  291  290  5
283  284  1757  1749  5
1749  1757  1758  1750  5
1750  1758  1759  1751  5
1751  1759  1760  1752  5
1752  1760  1761  1753  5
1753  1761  1762  1754  5
1754  1762  1763  1755  5
1755  1763  1764  1756  5
1756  1764  292  291  5
284  285  1765  1757  5
1757  1765  1766  1758  5
1758  1766  1767  1759  5
1759  1767  1768  1760  5
1760  1768  1769  1761  5
1761  1769  1770  1762  5
1762  1770  1771  1763  5
1763  1771  1772  1764  5
1764  1772  293  292  5
285  286  1773  1765  5
1765  1773  1774  1766  5
1766  1774  1775  1767  5
1767  1775  1776  1768  5
1768  1776  1777  1769  5
1769  1777  1778  1770  5
1770  1778  1779  1771  5
1771  1779  1780  1772  5
1772  1780  294  293  5
286  287  1781  1773  5
1773  1781  1782  1774  5
1774  1782  1783  1775  5
1775  1783  1784  1776  5
1776  1784  1785  1777  5
1777  1785  1786  1778  5
1778  1786  1787  1779  5
1779  1787  1788  1780  5
1780  1788  295  294  5
287  21  184  1781  5
1781  184  185  1782  5
1782  185  186  1783  5
1783  186  187  1784  5
1784  187  188  1785  5
1785  188  189  1786  5
1786  189  190  1787  5
1787  190  191  1788  5
1788  191  22  295  5
288  289  1797  1789  5
1789  1797  1798  1790  5
1790  1798  1799  1791  5
1791  1799  1800  1792  5
1792  1800  1801  1793  5
1793  1801  1802  1794  5
1794  1802  1803  1795  5
1795  1803  1804  1796  5
1796  1804  265  264  5
289  290  1805  1797  5
1797  1805  1806  1798  5
1798  1806  1807  1799  5
1799  1807  1808  1800  5
1800  1808  1809  1801  5
1801  1809  1810  1802  5
1802  1810  1811  1803  5
1803  1811  1812  1804  5
1804  1812  266  265  5
290  291  1813  1805  5
1805  1813  1814  1806  5
1806  1814  1815  1807  5
1807  1815  1816  1808  5
1808  1816  1817  1809  5
1809  1817  1818  1810  5
1810  1818  1819  1811  5
1811  1819  1820  1812  5
1812  1820  267  266  5
291  292  1821  1813  5
1813  1821  1822  1814  5
1814  1822  1823  1815  5
1815  1823  1824  1816  5
1816  1824  1825  1817  5
1817  1825  1826  1818  5
1818  1826  1827  1819  5
1819  1827  1828  1820  5
1820  1828  268  267  5
292  293  1829  1821  5
1821  1829  1830  1822  5
1822  1830  1831  1823  5
1823  1831  1832  1824  5
1824  1832  1833  1825  5
1825  1833  1834  1826  5
1826  1834  1835  1827  5
1827  1835  1836  1828  5
1828  1836  269  268  5
293  294  1837  1829  5
1829  1837  1838  1830  5
1830  1838  1839  1831  5
1831  1839  1840  1832  5
1832  1840  1841  1833  5
1833  1841  1842  1834  5
1834  1842  1843  1835  5
1835  1843  1844  1836  5
1836  1844  270  269  5
294  295  1845  1837  5
1837  1845  1846  1838  5
1838  1846  1847  1839  5
1839  1847  1848  1840  5
1840  1848  1849  1841  5
1841  1849  1850  1842  5
1842  1850  1851  1843  5
1843  1851  1852  1844  5
1844  1852  271  270  5
295  22  192  1845  5
1845  192  193  1846  5
1846  193  194  1847  5
1847  194  195  1848  5
1848  195  196  1849  5
1849  196  197  1850  5
1850  197  198  1851  5
1851  198  199  1852  5
1852  199  19  271  5
296  297  1861  1853  6
1853  1861  1862  1854  6
1854  1862  1863  1855  6
1855  1863  1864  1856  6
1856  1864  1865  1857  6
1857  1865  1866  1858  6
1858  1866  1867  1859  6
1859  1867  1868  1860  6
1860  1868  305  304  6
297  298  1869  1861  6
1861  1869  1870  1862  6
1862  1870  1871  1863  6
1863  1871  1872  1864  6
1864  1872  1873  1865  6
1865  1873  1874  1866  6
1866  1874  1875  1867  6
1867  1875  1876  1868  6
1868  1876  306  305  6
298  299  1877  1869  6
1869  1877  1878  1870  6
1870  1878  1879  1871  6
1871  1879  1880  1872  6
1872  1880  1881  1873  6
1873  1881  1882  1874  6
1874  1882  1883  1875  6
1875  1883  1884  1876  6
1876  1884  307  306  6
299  300  1885  1877  6
1877  1885  1886  1878  6
1878  1886  1887  1879  6
1879  1887  1888  1880  6
1880  1888  1889  1881  6
1881  1889  1890  1882  6
1882  1890  1891  1883  6
1883  1891  1892  1884  6
1884  1892  308  307  6
300  301  1893  1885  6
1885  1893  1894  1886  6
1886  1894  1895  1887  6
1887  1895  1896  1888  6
1888  1896  1897  1889  6
1889  1897  1898  1890  6
1890  1898  1899  1891  6
1891  1899  1900  1892  6
1892  1900  309  308  6
301  302  1901  1893  6
1893  1901  1902  1894  6
1894  1902  1903  1895  6
1895  1903  1904  1896  6
1896  1904  1905  1897  6
1897  1905  1906  1898  6
1898  1906  1907  1899  6
1899  1907  1908  1900  6
1900  1908  310  309  6
302  303  1909  1901  6
1901  1909  1910  1902  6
1902  1910  1911  1903  6
1903  1911  1912  1904  6
1904  1912  1913  1905  6
1905  1913  1914  1906  6
1906  1914  1915  1907  6
1907  1915  1916  1908  6
1908  1916  311  310  6
303  24  200  1909  6
1909  200  201  1910  6
1910  201  202  1911  6
1911  202  203  1912  6
1912  203  204  1913  6
1913  204  205  1914  6
1914  205  206  1915  6
1915  206  207  1916  6
1916  207  25  311  6
304  305  1925  1917  6
1917  1925  1926  1918  6
1918  1926  1927  1919  6
1919  1927  1928  1920  6
1920  1928  1929  1921  6
1921  1929  1930  1922  6
1922  1930  1931  1923  6
1923  1931  1932  1924  6
1924  1932  313  312  6
305  306  1933  1925  6
1925  1933  1934  1926  6
1926  1934  1935  1927  6
1927  1935  1936  1928  6
1928  1936  1937  1929  6
1929  1937  1938  1930  6
1930  1938  1939  1931  6
1931  1939  1940  1932  6
1932  1940  314  313  6
306  307  1941  1933  6
1933  1941  1942  1934  6
1934  1942  1943  1935  6
1935  1943  1944  1936  6
1936  1944  1945  1937  6
1937  1945  1946  1938  6
1938  1946  1947  1939  6
1939  1947  1948  1940  6
1940  1948  315  314  6
307  308  1949  1941  6
1941  1949  1950  1942  6
1942  1950  1951  1943  6
1943  1951  1952  1944  6
1944  1952  1953  1945  6
1945  1953  1954  1946  6
1946  1954  1955  1947  6
1947  1955  1956  1948  6
1948  1956  316  315  6
308  309  1957  1949  6
1949  1957  1958  1950  6
1950  1958  1959  1951  6
1951  1959  1960  1952  6
1952  1960  1961  1953  6
1953  1961  1962  1954  6
1954  1962  1963  1955  6
1955  1963  1964  1956  6
1956  1964  317  316  6
309  310  1965  1957  6
1957  1965  1966  1958  6
1958  1966  1967  1959  6
1959  1967  1968  1960  6
1960  1968  1969  1961  6
1961  1969  1970  1962  6
1962  1970  1971  1963  6
1963  1971  1972  1964  6
1964  1972  318  317  6
310  311  1973  1965  6
1965  1973  1974  1966  6
1966  1974  1975  1967  6
1967  1975  1976  1968  6
1968  1976  1977  1969  6
1969  1977  1978  1970  6
1970  1978  1979  1971  6
1971  1979  1980  1972  6
1972  1980  319  318  6
311  25  208  1973  6
1973  208  209  1974  6
1974  209  210  1975  6
1975  210  211  1976  6
1976  211  212  1977  6
1977  212  213  1978  6
1978  213  214  1979  6
1979  214  215  1980  6
1980  215  26  319  6
312  313  1989  1981  6
1981  1989  1990  1982  6
1982  1990  1991  1983  6
1983  1991  1992  1984  6
1984  1992  1993  1985  6
1985  1993  1994  1986  6
1986  1994  1995  1987  6
1987  1995  1996  1988  6
1988  1996  321  320  6
313  314  1997  1989  6
1989  1997  1998  1990  6
1990  1998  1999  1991  6
1991  1999  2000  1992  6
1992  2000  2001  1993  6
1993  2001  2002  1994  6
1994  2002  2003  1995  6
1995  2003  2004  1996  6
1996  2004  322  321  6
314  315  2005  1997  6
1997  2005  2006  1998  6
1998  2006  2007  1999  6
1999  2007  2008  2000  6
2000  2008  2009  2001  6
2001  2009  2010  2002  6
2002  2010  2011  2003  6
2003  2011  2012  2004  6
2004  2012  323  322  6
315  316  2013  2005  6
2005  2013  2014  2006  6
2006  2014  2015  2007  6
2007  2015  2016  2008  6
2008  2016  2017  2009  6
2009  2017  2018  2010  6
2010  2018  2019  2011  6
2011  2019  2020  2012  6
2012  2020  324  323  6
316  317  2021  2013  6
2013  2021  2022  2014  6
2014  2022  2023  2015  6
2015  2023  2024  2016  6
2016  2024  2025  2017  6
2017  2025  2026  2018  6
2018  2026  2027  2019  6
2019  2027  2028  2020  6
2020  2028  325  324  6
317  318  2029  2021  6
2021  2029  2030  2022  6
2022  2030  2031  2023  6
2023  2031  2032  2024  6
2024  2032  2033  2025  6
2025  2033  2034  2026  6
2026  2034  2035  2027  6
2027  2035  2036  2028  6
2028  2036  326  325  6
318  319  2037  2029  6
2029  2037  2038  2030  6
2030  2038  2039  2031  6
2031  2039  2040  2032  6
2032  2040  2041  2033  6
2033  2041  2042  2034  6
2034  2042  2043  2035  6
2035  2043  2044  2036  6
2036  2044  327  326  6
319  26  216  2037  6
2037  216  217  2038  6
2038  217  218  2039  6
2039  218  219  2040  6
2040  219  220  2041  6
2041  220  221  2042  6
2042  221  222  2043  6
2043  222  223  2044  6
2044  223  27  327  6
320  321  2053  2045  6
2045  2053  2054  2046  6
2046  2054  2055  2047  6
2047  2055  2056  2048  6
2048  2056  2057  2049  6
2049  2057  2058  2050  6
2050  2058  2059  2051  6
2051  2059  2060  2052  6
2052  2060  297  296  6
321  322  2061  2053  6
2053  2061  2062  2054  6
2054  2062  2063  2055  6
2055  2063  2064  2056  6
2056  2064  2065  2057  6
2057  2065  2066  2058  6
2058  2066  2067  2059  6
2059  2067  2068  2060  6
2060  2068  298  297  6
322  323  2069  2061  6
2061  2069  2070  2062  6
2062  2070  2071  2063  6
2063  2071  2072  2064  6
2064  2072  2073  2065  6
2065  2073  2074  2066  6
2066  2074  2075  2067  6
2067  2075  2076  2068  6
2068  2076  299  298  6
323  324  2077  2069  6
2069  2077  2078  2070  6
2070  2078  2079  2071  6
2071  2079  2080  2072  6
2072  2080  2081  2073  6
2073  2081  2082  2074  6
2074  2082  2083  2075  6
2075  2083  2084  2076  6
2076  2084  300  299  6
324  325  2085  2077  6
2077  2085  2086  2078  6
2078  2086  2087  2079  6
2079  2087  2088  2080  6
2080  2088  2089  2081  6
2081  2089  2090  2082  6
2082  2090  2091  2083  6
2083  2091  2092  2084  6
2084  2092  301  300  6
325  326  2093  2085  6
2085  2093  2094  2086  6
2086  2094  2095  2087  6
2087  2095  2096  2088  6
2088  2096  2097  2089  6
2089  2097  2098  2090  6
2090  2098  2099  2091  6
2091  2099  2100  2092  6
2092  2100  302  301  6
326  327  2101  2093  6
2093  2101  2102  2094  6
2094  2102  2103  2095  6
2095  2103  2104  2096  6
2096  2104  2105  2097  6
2097  2105  2106  2098  6
2098  2106  2107  2099  6
2099  2107  2108  2100  6
2100  2108  303  302  6
327  27  224  2101  6
2101  224  225  2102  6
2102  225  226  2103  6
2103  226  227  2104  6
2104  227  228  2105  6
2105  228  229  2106  6
2106  229  230  2107  6
2107  230  231  2108  6
2108  231  24  303  6
End
