MeshVersionFormatted 1
Dimension 
2
Vertices
2220
1.080000000000000e-01  0.000000000000000e+00  2
0.000000000000000e+00  1.080000000000000e-01  2
-1.080000000000000e-01  0.000000000000000e+00  2
0.000000000000000e+00  -1.080000000000000e-01  2
1.000000000000000e+01  0.000000000000000e+00  3
0.000000000000000e+00  1.000000000000000e+01  3
-1.000000000000000e+01  0.000000000000000e+00  3
0.000000000000000e+00  -1.000000000000000e+01  3
9.200000000000000e-02  0.000000000000000e+00  1
0.000000000000000e+00  9.200000000000000e-02  1
-9.200000000000000e-02  0.000000000000000e+00  1
0.000000000000000e+00  -9.200000000000000e-02  1
5.000000000000000e-02  0.000000000000000e+00  0
6.750000000000000e-02  0.000000000000000e+00  4
5.000000000000000e-02  1.750000000000000e-02  4
3.250000000000000e-02  0.000000000000000e+00  4
5.000000000000000e-02  -1.750000000000000e-02  4
-2.499999999999999e-02  4.330127018922194e-02  0
-7.499999999999989e-03  4.330127018922194e-02  5
-2.499999999999999e-02  6.080127018922194e-02  5
-4.250000000000000e-02  4.330127018922194e-02  5
-2.499999999999999e-02  2.580127018922194e-02  5
-2.499999999999999e-02  -4.330127018922194e-02  0
-7.499999999999989e-03  -4.330127018922194e-02  6
-2.499999999999999e-02  -2.580127018922194e-02  6
-4.250000000000000e-02  -4.330127018922194e-02  6
-2.499999999999999e-02  -6.080127018922194e-02  6
-1.052922145024082e-01  -2.403226092524098e-02  2
-9.730463767346507e-02  -4.685944394927965e-02  2
-8.443779997598024e-02  -6.733689876446905e-02  2
-6.733689843234285e-02  -8.443780024084203e-02  2
-4.685944368105096e-02  -9.730463780263721e-02  2
-2.403226078535084e-02  -1.052922145343372e-01  2
2.403226092524098e-02  -1.052922145024082e-01  2
4.685944394927965e-02  -9.730463767346507e-02  2
6.733689876446905e-02  -8.443779997598024e-02  2
8.443780024084203e-02  -6.733689843234285e-02  2
9.730463780263721e-02  -4.685944368105096e-02  2
1.052922145343372e-01  -2.403226078535084e-02  2
1.052922145024082e-01  2.403226092524098e-02  2
9.730463767346507e-02  4.685944394927965e-02  2
8.443779997598024e-02  6.733689876446905e-02  2
6.733689843234285e-02  8.443780024084203e-02  2
4.685944368105096e-02  9.730463780263721e-02  2
2.403226078535084e-02  1.052922145343372e-01  2
-2.403226092524098e-02  1.052922145024082e-01  2
-4.685944394927965e-02  9.730463767346507e-02  2
-6.733689876446905e-02  8.443779997598024e-02  2
-8.443780024084203e-02  6.733689843234285e-02  2
-9.730463780263721e-02  4.685944368105096e-02  2
-1.052922145343372e-01  2.403226078535084e-02  2
-2.225209345503646e+00  9.749279120462354e+00  3
-4.338837403715518e+00  9.009688672985277e+00  3
-6.234898033855629e+00  7.818314812504240e+00  3
-7.818314836307194e+00  6.234898004007668e+00  3
-9.009688684593396e+00  4.338837379611008e+00  3
-9.749279123411531e+00  2.225209332582465e+00  3
-9.749279120462354e+00  -2.225209345503646e+00  3
-9.009688672985277e+00  -4.338837403715518e+00  3
-7.818314812504240e+00  -6.234898033855629e+00  3
-6.234898004007668e+00  -7.818314836307194e+00  3
-4.338837379611008e+00  -9.009688684593396e+00  3
-2.225209332582465e+00  -9.749279123411531e+00  3
2.225209345503646e+00  -9.749279120462354e+00  3
4.338837403715518e+00  -9.009688672985277e+00  3
6.234898033855629e+00  -7.818314812504240e+00  3
7.818314836307194e+00  -6.234898004007668e+00  3
9.009688684593396e+00  -4.338837379611008e+00  3
9.749279123411531e+00  -2.225209332582465e+00  3
9.749279120462354e+00  2.225209345503646e+00  3
9.009688672985277e+00  4.338837403715518e+00  3
7.818314812504240e+00  6.234898033855629e+00  3
6.234898004007668e+00  7.818314836307194e+00  3
4.338837379611008e+00  9.009688684593396e+00  3
2.225209332582465e+00  9.749279123411531e+00  3
0.000000000000000e+00  8.689230769215619e-01  0
0.000000000000000e+00  1.629846153843107e+00  0
0.000000000000000e+00  2.390769230763942e+00  0
0.000000000000000e+00  3.151692307684755e+00  0
0.000000000000000e+00  3.912615384605676e+00  0
0.000000000000000e+00  4.673538461526457e+00  0
0.000000000000000e+00  5.434461538449797e+00  0
0.000000000000000e+00  6.195384615374484e+00  0
0.000000000000000e+00  6.956307692299583e+00  0
0.000000000000000e+00  7.717230769225070e+00  0
0.000000000000000e+00  8.478153846149532e+00  0
0.000000000000000e+00  9.239076923074766e+00  0
8.689230769215619e-01  0.000000000000000e+00  0
1.629846153843107e+00  0.000000000000000e+00  0
2.390769230763942e+00  0.000000000000000e+00  0
3.151692307684755e+00  0.000000000000000e+00  0
3.912615384605676e+00  0.000000000000000e+00  0
4.673538461526457e+00  0.000000000000000e+00  0
5.434461538449797e+00  0.000000000000000e+00  0
6.195384615374484e+00  0.000000000000000e+00  0
6.956307692299583e+00  0.000000000000000e+00  0
7.717230769225070e+00  0.000000000000000e+00  0
8.478153846149532e+00  0.000000000000000e+00  0
9.239076923074766e+00  0.000000000000000e+00  0
0.000000000000000e+00  -8.689230769215619e-01  0
0.000000000000000e+00  -1.629846153843107e+00  0
0.000000000000000e+00  -2.390769230763942e+00  0
0.000000000000000e+00  -3.151692307684755e+00  0
0.000000000000000e+00  -3.912615384605676e+00  0
0.000000000000000e+00  -4.673538461526457e+00  0
0.000000000000000e+00  -5.434461538449797e+00  0
0.000000000000000e+00  -6.195384615374484e+00  0
0.000000000000000e+00  -6.956307692299583e+00  0
0.000000000000000e+00  -7.717230769225070e+00  0
0.000000000000000e+00  -8.478153846149532e+00  0
0.000000000000000e+00  -9.239076923074766e+00  0
-8.689230769215619e-01  0.000000000000000e+00  0
-1.629846153843107e+00  0.000000000000000e+00  0
-2.390769230763942e+00  0.000000000000000e+00  0
-3.151692307684755e+00  0.000000000000000e+00  0
-3.912615384605676e+00  0.000000000000000e+00  0
-4.673538461526457e+00  0.000000000000000e+00  0
-5.434461538449797e+00  0.000000000000000e+00  0
-6.195384615374484e+00  0.000000000000000e+00  0
-6.956307692299583e+00  0.000000000000000e+00  0
-7.717230769225070e+00  0.000000000000000e+00  0
-8.478153846149532e+00  0.000000000000000e+00  0
-9.239076923074766e+00  0.000000000000000e+00  0
8.969336790901071e-02  2.047192597531671e-02  1
8.288913579626503e-02  3.991730410421442e-02  1
7.192849627255651e-02  5.736106191458473e-02  1
5.736106162235475e-02  7.192849650560215e-02  1
3.991730387915233e-02  8.288913590464923e-02  1
2.047192585889986e-02  8.969336793558209e-02  1
-2.047192597531671e-02  8.969336790901071e-02  1
-3.991730410421442e-02  8.288913579626503e-02  1
-5.736106191458473e-02  7.192849627255651e-02  1
-7.192849650560215e-02  5.736106162235475e-02  1
-8.288913590464923e-02  3.991730387915233e-02  1
-8.969336793558209e-02  2.047192585889986e-02  1
-8.969336790901071e-02  -2.047192597531671e-02  1
-8.288913579626503e-02  -3.991730410421442e-02  1
-7.192849627255651e-02  -5.736106191458473e-02  1
-5.736106162235475e-02  -7.192849650560215e-02  1
-3.991730387915233e-02  -8.288913590464923e-02  1
-2.047192585889986e-02  -8.969336793558209e-02  1
2.047192597531671e-02  -8.969336790901071e-02  1
3.991730410421442e-02  -8.288913579626503e-02  1
5.736106191458473e-02  -7.192849627255651e-02  1
7.192849650560215e-02  -5.736106162235475e-02  1
8.288913590464923e-02  -3.991730387915233e-02  1
8.969336793558209e-02  -2.047192585889986e-02  1
0.000000000000000e+00  9.999999999998102e-02  0
9.999999999998102e-02  0.000000000000000e+00  0
0.000000000000000e+00  -9.999999999998102e-02  0
-9.999999999998102e-02  0.000000000000000e+00  0
6.723413567674238e-02  3.038843114679562e-03  4
6.644462085883261e-02  5.985352521718964e-03  4
6.515544455529090e-02  8.750000018943046e-03  4
6.340577772955830e-02  1.124878319933667e-02  4
6.124878314666014e-02  1.340577777375915e-02  4
5.874999998093501e-02  1.515544457723486e-02  4
5.598535249159738e-02  1.644462086979597e-02  4
5.303884310435090e-02  1.723413567856361e-02  4
4.696115688252856e-02  1.723413567625010e-02  4
4.401464747513355e-02  1.644462085768702e-02  4
4.124999997479287e-02  1.515544455167433e-02  4
3.875121679885440e-02  1.340577772804042e-02  4
3.659422222602763e-02  1.124878314640603e-02  4
3.484455542201854e-02  8.749999979641850e-03  4
3.355537913072064e-02  5.985352493016728e-03  4
3.276586432088636e-02  3.038843101231510e-03  4
3.276586432340391e-02  -3.038843115509188e-03  4
3.355537914105673e-02  -5.985352521414908e-03  4
3.484455544501082e-02  -8.750000019465647e-03  4
3.659422226847098e-02  -1.124878319698804e-02  4
3.875121685212866e-02  -1.340577777274284e-02  4
4.125000001803803e-02  -1.515544457664194e-02  4
4.401464750765975e-02  -1.644462086952558e-02  4
4.696115689525984e-02  -1.723413567849497e-02  4
5.303884311658932e-02  -1.723413567640564e-02  4
5.598535252318303e-02  -1.644462085829973e-02  4
5.875000002287996e-02  -1.515544455301793e-02  4
6.124878319840092e-02  -1.340577773034348e-02  4
6.340577777120168e-02  -1.124878314970802e-02  4
6.515544457903244e-02  -8.749999977821518e-03  4
6.644462086951103e-02  -5.985352492380231e-03  4
6.723413567934683e-02  -3.038843099909025e-03  4
-7.765864323935352e-03  4.634011330774518e-02  5
-8.555379141227264e-03  4.928662271110543e-02  5
-9.844555442734616e-03  5.205127020474511e-02  5
-1.159422226776080e-02  5.455005338536364e-02  5
-1.375121685739031e-02  5.670704796637983e-02  5
-1.625000002528925e-02  5.845671477005038e-02  5
-1.901464751127211e-02  5.974589106006232e-02  5
-2.196115689944465e-02  6.053540586845481e-02  5
-2.803884311849244e-02  6.053540586529201e-02  5
-3.098535252671530e-02  5.974589104623602e-02  5
-3.375000003002160e-02  5.845671473811664e-02  5
-3.624878319827344e-02  5.670704791967238e-02  5
-3.840577778148281e-02  5.455005332667737e-02  5
-4.015544458228604e-02  5.205127016140802e-02  5
-4.144462086946461e-02  4.928662268172970e-02  5
-4.223413567810120e-02  4.634011329619522e-02  5
-4.223413567573225e-02  4.026242706881367e-02  5
-4.144462085739169e-02  3.731591766354411e-02  5
-4.015544455687860e-02  3.455127017302886e-02  5
-3.840577773275733e-02  3.205248699369774e-02  5
-3.624878314681623e-02  2.989549241559377e-02  5
-3.374999997965533e-02  2.814582561124826e-02  5
-3.098535249503275e-02  2.685664932067634e-02  5
-2.803884310154096e-02  2.606713451016287e-02  5
-2.196115688125734e-02  2.606713451319599e-02  5
-1.901464747243922e-02  2.685664933251558e-02  5
-1.624999997359746e-02  2.814582563823777e-02  5
-1.375121679947327e-02  2.989549246066222e-02  5
-1.159422222329184e-02  3.205248704607629e-02  5
-9.844555419782457e-03  3.455127021345308e-02  5
-8.555379131087632e-03  3.731591769519686e-02  5
-7.765864321887115e-03  4.026242708231481e-02  5
-7.765864324091740e-03  -4.026242706981176e-02  6
-8.555379141843324e-03  -3.731591766564584e-02  6
-9.844555444085541e-03  -3.455127017135890e-02  6
-1.159422227007642e-02  -3.205248699032059e-02  6
-1.375121685579441e-02  -2.989549241340317e-02  6
-1.625000002299519e-02  -2.814582560971798e-02  6
-1.901464750900973e-02  -2.685664931920500e-02  6
-2.196115689906045e-02  -2.606713451005682e-02  6
-2.803884311819464e-02  -2.606713451309936e-02  6
-3.098535252651498e-02  -2.685664933213494e-02  6
-3.375000002949356e-02  -2.814582564002238e-02  6
-3.624878319964960e-02  -2.989549245992623e-02  6
-3.840577778027910e-02  -3.205248705033199e-02  6
-4.015544458158380e-02  -3.455127021581954e-02  6
-4.144462086914436e-02  -3.731591769583432e-02  6
-4.223413567801990e-02  -4.026242708178760e-02  6
-4.223413567571123e-02  -4.634011330974945e-02  6
-4.144462085730888e-02  -4.928662271512731e-02  6
-4.015544455669699e-02  -5.205127020572957e-02  6
-3.840577773244604e-02  -5.455005338511712e-02  6
-3.624878314562704e-02  -5.670704796384796e-02  6
-3.374999998020366e-02  -5.845671476687904e-02  6
-3.098535249622631e-02  -5.974589105733312e-02  6
-2.803884310276255e-02  -6.053540586806562e-02  6
-2.196115688095954e-02  -6.053540586519538e-02  6
-1.901464747223889e-02  -5.974589104585539e-02  6
-1.624999997306943e-02  -5.845671473990125e-02  6
-1.375121680084943e-02  -5.670704791893640e-02  6
-1.159422222208813e-02  -5.455005333093307e-02  6
-9.844555419080218e-03  -5.205127016377448e-02  6
-8.555379130767395e-03  -4.928662268236718e-02  6
-7.765864321805822e-03  -4.634011329566802e-02  6
5.726716290782463e-02  0.000000000000000e+00  0
6.154196468889618e-02  0.000000000000000e+00  0
6.405655403867247e-02  0.000000000000000e+00  0
6.553572432159112e-02  0.000000000000000e+00  0
6.640582447025356e-02  0.000000000000000e+00  0
6.691764819035567e-02  0.000000000000000e+00  0
6.721872093675900e-02  0.000000000000000e+00  0
6.739582255059254e-02  0.000000000000000e+00  0
5.000000000000000e-02  7.267162907826461e-03  0
5.000000000000000e-02  1.154196468890499e-02  0
5.000000000000000e-02  1.405655403867326e-02  0
5.000000000000000e-02  1.553572432159545e-02  0
5.000000000000000e-02  1.640582447025531e-02  0
5.000000000000000e-02  1.691764819035734e-02  0
5.000000000000000e-02  1.721872093676020e-02  0
5.000000000000000e-02  1.739582255059346e-02  0
4.273283709217716e-02  0.000000000000000e+00  0
3.845803531110592e-02  0.000000000000000e+00  0
3.594344596133214e-02  0.000000000000000e+00  0
3.446427567841151e-02  0.000000000000000e+00  0
3.359417552974696e-02  0.000000000000000e+00  0
3.308235180964375e-02  0.000000000000000e+00  0
3.278127906324031e-02  0.000000000000000e+00  0
3.260417744940663e-02  0.000000000000000e+00  0
5.000000000000000e-02  -7.267162907826461e-03  0
5.000000000000000e-02  -1.154196468890499e-02  0
5.000000000000000e-02  -1.405655403867326e-02  0
5.000000000000000e-02  -1.553572432159545e-02  0
5.000000000000000e-02  -1.640582447025531e-02  0
5.000000000000000e-02  -1.691764819035734e-02  0
5.000000000000000e-02  -1.721872093676020e-02  0
5.000000000000000e-02  -1.739582255059346e-02  0
-1.773283709217421e-02  4.330127018922194e-02  0
-1.345803531109556e-02  4.330127018922194e-02  0
-1.094344596132701e-02  4.330127018922194e-02  0
-9.464275678404681e-03  4.330127018922194e-02  0
-8.594175529744740e-03  4.330127018922194e-02  0
-8.082351809642674e-03  4.330127018922194e-02  0
-7.781279063239804e-03  4.330127018922194e-02  0
-7.604177449406533e-03  4.330127018922194e-02  0
-2.499999999999999e-02  5.056843309706123e-02  0
-2.499999999999999e-02  5.484323487813329e-02  0
-2.499999999999999e-02  5.735782422790268e-02  0
-2.499999999999999e-02  5.883699451082207e-02  0
-2.499999999999999e-02  5.970709465947911e-02  0
-2.499999999999999e-02  6.021891837958020e-02  0
-2.499999999999999e-02  6.051999112598259e-02  0
-2.499999999999999e-02  6.069709273981548e-02  0
-3.226716290782244e-02  4.330127018922194e-02  0
-3.654196468889967e-02  4.330127018922194e-02  0
-3.905655403867005e-02  4.330127018922194e-02  0
-4.053572432158785e-02  4.330127018922194e-02  0
-4.140582447025279e-02  4.330127018922194e-02  0
-4.191764819035625e-02  4.330127018922194e-02  0
-4.221872093675961e-02  4.330127018922194e-02  0
-4.239582255059336e-02  4.330127018922194e-02  0
-2.499999999999999e-02  3.603410679468379e-02  0
-2.499999999999999e-02  3.175930490246077e-02  0
-2.499999999999999e-02  2.924471557770260e-02  0
-2.499999999999999e-02  2.776554546372476e-02  0
-2.499999999999999e-02  2.689544534995122e-02  0
-2.499999999999999e-02  2.638362176431793e-02  0
-2.499999999999999e-02  2.608254910049528e-02  0
-2.499999999999999e-02  2.590544753646613e-02  0
-1.773283709217421e-02  -4.330127018922194e-02  0
-1.345803531109556e-02  -4.330127018922194e-02  0
-1.094344596132701e-02  -4.330127018922194e-02  0
-9.464275678404681e-03  -4.330127018922194e-02  0
-8.594175529744740e-03  -4.330127018922194e-02  0
-8.082351809642674e-03  -4.330127018922194e-02  0
-7.781279063239804e-03  -4.330127018922194e-02  0
-7.604177449406533e-03  -4.330127018922194e-02  0
-2.499999999999999e-02  -3.603410679468379e-02  0
-2.499999999999999e-02  -3.175930490246077e-02  0
-2.499999999999999e-02  -2.924471557770260e-02  0
-2.499999999999999e-02  -2.776554546372476e-02  0
-2.499999999999999e-02  -2.689544534995122e-02  0
-2.499999999999999e-02  -2.638362176431793e-02  0
-2.499999999999999e-02  -2.608254910049528e-02  0
-2.499999999999999e-02  -2.590544753646613e-02  0
-3.226716290782244e-02  -4.330127018922194e-02  0
-3.654196468889967e-02  -4.330127018922194e-02  0
-3.905655403867005e-02  -4.330127018922194e-02  0
-4.053572432158785e-02  -4.330127018922194e-02  0
-4.140582447025279e-02  -4.330127018922194e-02  0
-4.191764819035625e-02  -4.330127018922194e-02  0
-4.221872093675961e-02  -4.330127018922194e-02  0
-4.239582255059336e-02  -4.330127018922194e-02  0
-2.499999999999999e-02  -5.056843309706123e-02  0
-2.499999999999999e-02  -5.484323487813329e-02  0
-2.499999999999999e-02  -5.735782422790268e-02  0
-2.499999999999999e-02  -5.883699451082207e-02  0
-2.499999999999999e-02  -5.970709465947911e-02  0
-2.499999999999999e-02  -6.021891837958020e-02  0
-2.499999999999999e-02  -6.051999112598259e-02  0
-2.499999999999999e-02  -6.069709273981548e-02  0
4.110290758847863e-02  -1.843536201140736e-02  0
-3.673741930895728e-02  -2.666832048557425e-02  0
-4.792357448118779e-03  4.489182933057007e-02  0
-3.648165708164287e-02  2.686224951828244e-02  0
-5.021963358305592e-03  -4.417525007259503e-02  0
4.154777498913270e-02  1.801597333288063e-02  0
-1.302725156242036e-02  -2.694820007055636e-02  0
2.965521211531416e-02  1.555039427053469e-03  0
-1.664340381334396e-02  2.525156576640885e-02  0
-6.622637827700050e-03  3.510139532004242e-02  0
-2.700542411895707e-02  -2.347742791615096e-02  0
3.249403773295587e-02  -1.179826139514937e-02  0
3.322502197713666e-02  1.199413927205598e-02  0
-2.684979034066061e-02  2.321859881913448e-02  0
-6.538087762104257e-03  -3.534395409631495e-02  0
3.099231476656071e-02  -5.424608593389722e-03  0
-1.053207061047474e-02  2.838778746712320e-02  0
-2.024946850529963e-02  -2.388695155104205e-02  0
-4.193435573830159e-02  3.167333722848653e-02  0
-4.118871114368931e-02  -3.077829931974926e-02  0
4.833002808021949e-02  2.077974911829708e-02  0
-7.263431513475160e-03  5.214568698546888e-02  0
4.744687279839478e-02  -2.062657516043438e-02  0
-6.468733359624120e-03  -5.196416530049670e-02  0
-4.491488764921502e-02  3.819574658278702e-02  0
-4.363683312726359e-02  -3.732447921754178e-02  0
-1.012328435312535e-02  5.759723819106018e-02  0
-1.127703815974192e-02  -5.819839893215249e-02  0
-4.511535783482852e-02  4.635749534756115e-02  0
-4.539346776263542e-02  -4.440304128938638e-02  0
-1.619024477019938e-02  -6.298486508284443e-02  0
-1.558874398559343e-02  6.141009593862962e-02  0
3.902707199035105e-02  6.255951727873243e-02  0
3.952762413910361e-02  -6.015389346071529e-02  0
-7.419204540889338e-02  8.648498839575186e-03  0
5.819647687730486e-02  -1.841472697842971e-02  0
5.819721555227120e-02  1.860791064841355e-02  0
6.588622384648352e-02  -1.382403405226539e-02  0
6.550535242264330e-02  1.411247122721286e-02  0
-4.350391933583805e-02  -5.083730596428438e-02  0
-4.547499392717697e-02  5.037989489297941e-02  0
-7.242838017820509e-02  -2.302386450825800e-02  0
-2.266297655983297e-02  -6.452080743903556e-02  0
-2.361890521620725e-02  6.468372637182770e-02  0
7.113299766644150e-02  3.401912571235033e-03  0
7.098338561756024e-02  -4.302060067450702e-03  0
-3.516594844986067e-02  -6.113020711516965e-02  0
-3.776793139947224e-02  6.076105101632210e-02  0
8.603438122276633e-03  7.230810993253795e-02  0
5.249989566050716e-03  -7.724864965155828e-02  0
-3.089687209202412e-02  -6.376730360107699e-02  0
-3.084130594397043e-02  6.442862465433201e-02  0
6.450779871340034e-02  3.838815623830059e-02  0
6.313393318964627e-02  -4.052470542635093e-02  0
-6.454885642190916e-02  4.115717807333644e-02  0
7.179059032906145e-02  -2.601693572595530e-02  0
7.224532451625450e-02  2.556548812594567e-02  0
-8.180847332352227e-03  -3.259032902765247e-02  0
-4.406769421809376e-03  -3.345919305193334e-02  0
-2.317287565098782e-03  -3.157874686624381e-02  0
-3.788642793010587e-04  -3.393262741901846e-02  0
-3.906736592386144e-03  -2.920922648077372e-02  0
-2.104972740437456e-04  -2.981901238376284e-02  0
-1.511574827902843e-03  -2.704289245577018e-02  0
7.897845674005012e-04  -2.671324222774544e-02  0
-8.900600375495034e-04  -2.389597698007572e-02  0
2.001651937339100e-03  -2.474206969649244e-02  0
-6.871559778667861e-05  -2.091847741162929e-02  0
2.727570980186439e-03  -2.191178501013863e-02  0
1.781117919802190e-03  -1.860116423236088e-02  0
4.643542987894406e-03  -2.347271545157439e-02  0
4.831505077349564e-03  -1.955412128411041e-02  0
3.801490853810749e-03  -1.612079163518655e-02  0
7.812686939967826e-04  -1.540307811607227e-02  0
1.509427854196448e-03  -1.306887339591281e-02  0
-8.694193599649746e-04  -1.281970287728588e-02  0
-3.141690707674689e-04  -1.064797973475934e-02  0
-2.955984677764375e-03  -1.064815373671256e-02  0
-2.373952534106911e-03  -8.098909349577759e-03  0
-5.246733816877291e-03  -8.051277649439690e-03  0
-5.120199104461314e-03  -5.513516713770529e-03  0
-7.301995495856337e-03  -5.584572562444941e-03  0
-2.216602308393011e-03  -5.486550553897727e-03  0
-2.775143797645591e-03  -2.827966464637106e-03  0
3.533069027494058e-04  -2.624991733676330e-03  0
-9.063816912790047e-04  1.688135658304461e-05  0
2.096723076239876e-03  2.696682853686505e-04  0
6.750434980999999e-04  2.815216364485991e-03  0
3.617162389913035e-03  3.053148880656607e-03  0
-2.330270318670106e-03  2.613712888826058e-03  0
2.207512211547662e-03  5.583405621546697e-03  0
5.074243815592062e-03  5.959111216725504e-03  0
3.534689382074530e-03  8.502265233315931e-03  0
6.052811557314331e-03  9.297056371098624e-03  0
4.395667668909285e-03  1.142585108663080e-02  0
8.450569964015857e-03  1.039351142198618e-02  0
6.476930007157169e-03  1.302388901290807e-02  0
9.398246409773008e-03  1.384061528884570e-02  0
8.270027636646658e-03  1.605080493952010e-02  0
1.035974278687663e-02  1.698291237256572e-02  0
9.155028175797013e-03  1.954951221083134e-02  0
1.266147049938800e-02  1.896288828116776e-02  0
9.830466965514118e-03  2.208373092766711e-02  0
1.249643138462551e-02  2.217007302668351e-02  0
1.205572785852310e-02  2.527170482594110e-02  0
1.506592233911020e-02  2.577290012285796e-02  0
1.338701760440657e-02  2.816160497453484e-02  0
1.804376972090471e-02  2.767334246131588e-02  0
7.129126857103095e-03  -1.539726289948839e-02  0
4.963493833793899e-03  5.870839930228087e-04  0
2.143479179031072e-03  1.090629956006713e-02  0
1.015595353280299e-02  8.314593234688052e-03  0
-8.458287779086438e-03  -7.684556154272659e-03  0
-1.099080642277878e-02  -5.713370852325564e-03  0
1.421675916144632e-02  1.622546034900678e-02  0
6.384125603234820e-03  1.808227531567553e-02  0
-1.135615089304943e-02  -8.113945044993942e-03  0
-1.383523066240213e-02  -5.893485058868373e-03  0
-1.377196299807011e-02  -8.114325493140862e-03  0
-1.573888230339921e-02  -6.055212179351397e-03  0
-1.405703081804528e-02  -3.785121633892547e-03  0
-1.662237284358594e-02  -4.072304028304049e-03  0
-1.505180439815054e-02  -1.854999102576679e-03  0
-1.859547313093392e-02  -2.358021987694435e-03  0
-1.997620913913455e-02  -4.632933339773698e-03  0
-2.121020182482459e-02  -2.137949911010019e-03  0
-2.311346810376197e-02  -4.712214040594010e-03  0
-2.434503698266499e-02  -1.804145252844112e-03  0
-2.653845398050038e-02  -4.486212652422370e-03  0
-2.790620055068860e-02  -8.135884809977085e-04  0
-3.134121916564565e-02  -3.608963804634531e-03  0
-3.263287988636119e-02  1.276893453093206e-03  0
-1.692561342127291e-02  9.681868635895209e-05  0
-2.625957541948496e-02  2.823750824004775e-03  0
1.906002285447952e-02  2.416647910088253e-02  0
9.638504689853085e-03  2.687749351816218e-02  0
1.095942979326445e-02  2.959449547745381e-02  0
-2.483835318922779e-02  -6.664327666642591e-03  0
-1.247240711042761e-02  -1.045528069487337e-02  0
-1.547353843463140e-02  -1.135245007422559e-02  0
7.614439009238895e-03  3.086950465657878e-02  0
9.752122570529839e-03  3.462247173020572e-02  0
-2.184106696168461e-03  -1.526761906184344e-02  0
1.274127371630405e-03  -5.678632240678148e-03  0
-1.369161579931457e-02  9.809018188704909e-04  0
-1.555398560569897e-02  3.246784681318515e-03  0
-1.225659305385560e-02  3.850157997468400e-03  0
-1.415213691636182e-02  6.130837086575923e-03  0
-1.085836362207222e-02  6.713458933772841e-03  0
-1.280131767978311e-02  9.021205282223575e-03  0
-1.614192679299308e-02  9.853870935601963e-03  0
-9.662091292284276e-03  9.864143988804711e-03  0
-1.172554151118161e-02  1.204575692732768e-02  0
-9.171879064232563e-03  1.340434486370943e-02  0
8.603599701693153e-03  -1.807021469140387e-02  0
9.944160595392926e-03  -1.527411555490788e-02  0
1.165735380269902e-02  -1.813782667928034e-02  0
1.215893262866035e-02  -1.590302891751731e-02  0
1.390733774629872e-02  -1.741772381534882e-02  0
1.591950399434027e-02  -1.606627507720276e-02  0
1.722045023640889e-02  -1.825383222788453e-02  0
1.507728227947508e-02  -1.956104084356681e-02  0
1.956131741333967e-02  -2.013773559298274e-02  0
1.668155384204015e-02  -2.230730970406200e-02  0
2.015549714553072e-02  -2.329247813233914e-02  0
1.994271833320614e-02  -2.654976735795660e-02  0
2.418058023546500e-02  -2.635038386872800e-02  0
1.415960917035370e-02  -1.332505547120333e-02  0
1.819571863397888e-02  -1.481002685513316e-02  0
1.955761399490359e-02  -3.050023380131734e-02  0
2.443715242151581e-02  -3.065004653247351e-02  0
-1.462957432444567e-02  -1.385043208387747e-02  0
1.878609905690679e-03  -2.834568219644052e-02  0
-1.122912544810923e-02  1.475551589431854e-02  0
-7.635844627438096e-03  1.536311675652068e-02  0
-1.369146725956364e-02  1.538150156090073e-02  0
1.290662752974132e-02  3.275846214930979e-02  0
1.117292013197797e-02  3.734728003205304e-02  0
-1.671103595623820e-02  -1.459591703742351e-02  0
2.272744271061373e-02  -1.987007751433676e-02  0
-3.482980956505029e-03  -2.302612412140505e-02  0
1.577676646656868e-02  3.734280607631878e-02  0
2.119573701199156e-02  2.792839460309518e-02  0
2.261184837614534e-02  2.484389407137253e-02  0
2.601027254793728e-02  2.719037531302310e-02  0
2.737057438754399e-02  2.438778208165664e-02  0
3.054170622623539e-02  2.932804455305246e-02  0
2.555387168936965e-02  2.203147352489078e-02  0
4.497493650382260e-03  3.314450760551654e-02  0
4.118848008323201e-03  2.989252283697328e-02  0
1.537961316958529e-02  -2.997285823750185e-02  0
1.885021746268176e-02  -3.472158096356785e-02  0
-1.003126424229644e-02  1.694845257222163e-02  0
-6.068837923245963e-03  1.747912295809653e-02  0
1.196282670315949e-02  4.254267624058251e-02  0
2.808211636151737e-02  -2.547036996157359e-02  0
3.039502596591860e-02  -2.990200624857950e-02  0
3.033273268193300e-02  -3.720578944313958e-02  0
2.733804232914677e-02  3.290670891024575e-02  0
2.002067746505809e-02  4.260558968671528e-02  0
3.363884235136425e-02  3.441690993313253e-02  0
7.379473994936357e-03  -1.272413269560966e-02  0
-8.868360805400453e-03  -3.642149242207891e-03  0
-7.503916591502407e-03  1.128764695503830e-02  0
2.833182184014445e-02  1.980842678067586e-02  0
1.335973759697043e-02  -3.413050760377274e-02  0
1.547273498882744e-02  -4.001215686946559e-02  0
-1.510375813785057e-02  -1.619894777218862e-02  0
-1.304955706790071e-02  -1.731784509282449e-02  0
2.641683922214485e-02  1.667273222651941e-02  0
-1.888947423787798e-02  4.055085144791121e-03  0
8.736584643665456e-03  -4.027132286273512e-02  0
2.289090767817401e-02  1.851470139146777e-02  0
2.510568387922691e-02  1.388568080356364e-02  0
-8.670901485183700e-03  1.987249880458266e-02  0
-5.035967569664971e-03  2.048163996727842e-02  0
-2.246740630150591e-03  1.889250779289055e-02  0
-2.074125074390850e-03  2.163249961190550e-02  0
-2.731251956464627e-03  2.460062413964487e-02  0
1.442721735462492e-02  -4.752576818529344e-02  0
2.230876839204380e-02  1.430427539378745e-02  0
2.371897421346997e-02  1.162810113250037e-02  0
2.051921617080391e-02  1.199170043103182e-02  0
2.209728826538286e-02  1.008337021303098e-02  0
1.922056404971200e-02  9.388084457010571e-03  0
2.065947783946252e-02  6.392900941390547e-03  0
1.638099181079088e-02  7.679471015094046e-03  0
1.767766850113515e-02  4.562707605655676e-03  0
1.455754147020880e-02  4.354384840988217e-03  0
1.727885613604948e-02  1.511156555172702e-03  0
1.957849125412232e-02  9.091340340719485e-04  0
1.913345918152104e-02  -1.197070924592048e-03  0
1.625621270066564e-02  -1.364579581770654e-03  0
2.146982144840319e-02  -1.556730454522221e-03  0
2.032634983458443e-02  -4.040834075185368e-03  0
2.546367959320641e-02  1.019516955117056e-02  0
3.611183925282427e-02  -3.568659931886167e-02  0
-1.828636250426338e-02  -1.596251975062656e-02  0
-1.989300415106461e-02  -1.393661173797547e-02  0
-2.203438166397833e-02  -1.614173267964398e-02  0
-2.336687951823978e-02  -1.320870677830438e-02  0
1.541803904275420e-03  3.246070993866587e-02  0
3.118770102449370e-03  3.585053226501012e-02  0
2.095585443558265e-02  -4.774693201493383e-02  0
1.332822028455578e-02  -2.296141391061148e-02  0
-9.644582037127467e-03  4.452189291858416e-03  0
-2.440875198862182e-03  -3.605273889877383e-02  0
1.478723378281249e-02  4.813773130827857e-02  0
7.894264647377049e-03  4.883628619910579e-02  0
-1.441390202425329e-02  -1.958626818152816e-02  0
-1.089072458481689e-02  -1.894239468112441e-02  0
3.561049322517986e-02  2.724462202461895e-02  0
3.834485351896878e-02  3.191850946649032e-02  0
2.311848346798476e-02  -4.421838891042769e-03  0
2.198788415908446e-02  -7.056868382101115e-03  0
1.901496953882325e-02  -6.716822981590148e-03  0
5.318106798132431e-04  2.474017293134554e-02  0
-1.933448453766118e-03  2.779009430729702e-02  0
-2.459824024842528e-02  -1.680957271511590e-02  0
-2.627777422713379e-02  -1.407549085141737e-02  0
-2.682462225097897e-02  -1.755952721867527e-02  0
-2.937908139516415e-02  -1.435981306786971e-02  0
-2.990700906538254e-02  -1.747067543565290e-02  0
-3.247168616930908e-02  -1.455975163671076e-02  0
-3.518180102409506e-02  -1.684695939906894e-02  0
-3.607467547439019e-02  -1.365020970378398e-02  0
-3.901633929787140e-02  -1.863276191628772e-02  0
-4.078434037334591e-02  -1.303247971423475e-02  0
-4.553078112428072e-02  -2.001086735293154e-02  0
-4.654649134045851e-02  -1.416008627997945e-02  0
-4.305514079340960e-02  -7.054853697514079e-03  0
-4.899820969994716e-02  -8.666085926166273e-03  0
-4.568769854962733e-02  -1.794479807274516e-03  0
3.222168650325945e-02  -2.498441224422622e-02  0
3.201767985330772e-02  -2.127039050694284e-02  0
-1.188672282603199e-02  2.057204077240375e-02  0
7.112670427268378e-03  -4.576465098443863e-02  0
2.246085487758504e-05  3.504765331848180e-02  0
1.217137442638606e-03  3.831702822189099e-02  0
2.205864174108400e-02  7.477149957776300e-04  0
3.406249460238724e-02  -4.337963340288686e-02  0
2.525429360183450e-02  -7.608097261790997e-03  0
2.329899169967541e-02  -1.005742973144272e-02  0
2.605522936880255e-02  -1.047740683612836e-02  0
2.446402350544641e-02  -1.266922509607511e-02  0
-1.175252552166822e-03  3.242739172465829e-02  0
3.090170578526108e-02  1.779125058385080e-02  0
3.481876952677921e-02  4.065187767313498e-02  0
1.998300006388512e-02  1.773329933894663e-02  0
1.084828680545270e-02  -3.004362816221861e-02  0
2.001841344334517e-03  -1.086171607419850e-02  0
1.483583985002986e-02  1.023046500895696e-02  0
-9.052705367593580e-03  -1.639432227675509e-02  0
-7.214291699220500e-03  -1.841932244165897e-02  0
-8.891850527427851e-03  -2.062240427028058e-02  0
-3.543605053041046e-02  -1.082472519478138e-02  0
-4.732742783390578e-03  2.708005578103833e-02  0
-5.219945953266277e-02  -2.001816434478953e-02  0
8.670251130761714e-03  -5.289074195613172e-02  0
4.003035936868970e-02  -3.976864616058246e-02  0
4.549260451858030e-02  -3.282419752244188e-02  0
5.893390110383271e-04  1.863348305647912e-02  0
4.251480744305809e-04  1.587191430920821e-02  0
-2.152401530788453e-02  -1.137730340458476e-02  0
-3.290719322444575e-02  -1.978080361464579e-02  0
-8.903379046541555e-03  2.321943467597474e-02  0
1.799256052233221e-03  -3.576036047905762e-02  0
1.882487373315200e-04  -3.877627285915141e-02  0
2.681523866161271e-02  -1.275554579260992e-02  0
2.636193265087184e-02  -1.513464987488136e-02  0
2.931777182137454e-02  -1.503699914349718e-02  0
-5.274849049630872e-02  -1.927242524253763e-03  0
-4.828079794241189e-02  3.496150196062137e-03  0
-4.304661781840346e-02  4.869384019202829e-03  0
-4.438311030941748e-02  1.001910396811540e-02  0
-3.897874787019264e-02  1.170374006147305e-02  0
-4.166133443790604e-02  1.568339519469152e-02  0
-4.635294135630433e-02  1.587037196777556e-02  0
-3.640311415212033e-02  1.572794995026062e-02  0
-3.480347721499862e-02  1.060520549723748e-02  0
-3.273190459620790e-02  1.370034073336242e-02  0
-2.994317237361526e-02  1.023945590431591e-02  0
-2.690108705049369e-02  1.319133808877122e-02  0
-2.543820405538276e-02  9.978646777675546e-03  0
-2.370792889466983e-02  1.373305094587754e-02  0
-3.371394294519201e-02  1.782828738329075e-02  0
-4.449008459699133e-02  2.131190944265881e-02  0
-5.216927323301811e-02  2.223267228527406e-02  0
-2.432081742708855e-02  1.670651201323181e-02  0
-2.180020865494467e-02  1.649110936596583e-02  0
-3.296822447765834e-02  6.601801418897897e-03  0
-2.240488126648310e-02  1.137355314410591e-02  0
-2.329692031177521e-02  8.377388609540928e-03  0
-2.896888321975941e-02  -1.101535529612106e-02  0
3.572050463750779e-02  -2.065858012404957e-02  0
3.625486923972247e-02  -2.457436592490403e-02  0
4.230713228150609e-02  2.804377006752752e-02  0
4.653137766545065e-02  3.150484599206596e-02  0
-2.820892485068512e-03  3.925175285747568e-02  0
-2.330952753675286e-02  -1.900020479647654e-02  0
-2.268804828750741e-04  4.168019891814268e-02  0
3.296440619864358e-02  1.987774283947295e-02  0
2.180986588017468e-02  5.220933883518361e-02  0
2.163545349577080e-03  -5.235783039020086e-02  0
1.829644471522199e-02  5.697434313020221e-02  0
-5.566342156517601e-02  1.588302724206852e-02  0
9.544127588180599e-03  -2.111748465047110e-02  0
-3.550180640195958e-02  -3.352604300429505e-03  0
-6.015111645640459e-02  -7.119082599502376e-03  0
3.281185498198707e-03  1.582300340991026e-02  0
3.555386541837252e-02  1.726746732765343e-02  0
3.633052842474612e-02  2.132208232924657e-02  0
4.439195347394222e-03  3.963391127660182e-02  0
-2.273876077896618e-02  1.963596146128588e-02  0
-2.005188864369201e-02  1.829520624370205e-02  0
-1.906107985376310e-02  1.628540160780691e-02  0
-1.727641130526639e-02  1.882255024903620e-02  0
-5.890116664367587e-02  5.860003632542546e-03  0
-5.999347996177015e-02  2.349105163737106e-02  0
-5.357222993641877e-02  3.193889914749816e-02  0
-3.669216346966821e-02  7.983803930694255e-04  0
-4.666599562055627e-02  -2.513943694796241e-02  0
-5.216480617984337e-02  -2.549028126431883e-02  0
1.827619245269999e-02  3.198374028493872e-02  0
2.891946108523871e-02  -9.673253543924541e-03  0
2.365396901074745e-02  -1.486605660802551e-02  0
3.865047212247480e-03  -3.323512615129749e-02  0
-1.168040493596550e-02  2.335178212736682e-02  0
-5.062145172091320e-02  -3.095540579363851e-02  0
-5.631119482891204e-02  -3.292037696650609e-02  0
2.598905069387791e-02  -4.705568578622677e-03  0
2.237292732170237e-02  3.718912695209860e-02  0
3.543275184702025e-02  -1.453018926677250e-02  0
-1.023504257419080e-02  -2.997316869159854e-02  0
-1.061798558047595e-02  -2.680218210043961e-02  0
-1.315269913625220e-02  -2.455326179616918e-02  0
-1.565392386369956e-02  -2.458539903798463e-02  0
2.952911496393580e-02  -2.247663288782719e-03  0
2.784732776707099e-02  -1.905309950957247e-04  0
2.757178853367251e-02  3.817469927786201e-03  0
3.002943435162668e-02  5.175178113926024e-03  0
3.067895134900243e-02  7.959911967097387e-03  0
-1.897145532841824e-02  2.421717213707782e-02  0
-3.045593510362811e-02  2.412528332108463e-02  0
-2.928229711951691e-02  2.139594052346436e-02  0
-3.269298475109159e-02  2.331977123682195e-02  0
-7.659756156237377e-03  3.139358145484340e-02  0
-4.023685532513385e-02  -2.366385724023231e-02  0
-3.373265767053499e-02  -2.509849315150898e-02  0
-3.939933324319542e-02  2.862653861243038e-02  0
-4.226635575483641e-02  2.882259676240437e-02  0
-5.120540051198118e-03  -4.167506557037026e-02  0
-7.773020623718409e-03  -2.773921848082136e-02  0
1.010715215920162e-03  2.732480631848936e-02  0
3.339782735388773e-03  2.455542768565149e-02  0
3.829267155102672e-02  -1.677433361387450e-02  0
-5.495228425456725e-02  5.319331002062990e-02  0
-3.563273151901972e-03  3.004713538602135e-02  0
-3.882884742627395e-02  2.499990973990770e-02  0
-1.441938056077970e-02  2.083888161310954e-02  0
-4.810755514245891e-03  4.152638544735623e-02  0
-2.316969387370676e-02  2.337188992352120e-02  0
-5.313198618034520e-02  -3.802335023297872e-02  0
-5.977179823027542e-02  -3.786650250355043e-02  0
-5.918107244781835e-02  -4.536411231559447e-02  0
7.455859053816027e-03  -5.950724544519024e-02  0
1.517124897104882e-02  -5.891934757885575e-02  0
6.922390121913108e-04  -5.836620119671519e-02  0
2.812146648384839e-02  -7.028351611005954e-02  0
4.901899037377160e-02  2.661046763421981e-02  0
-2.342899504257417e-02  -2.310331043417708e-02  0
8.561098912057263e-03  -3.572572225741353e-02  0
2.012206317351068e-03  -4.769191321851052e-02  0
-3.054995314284187e-02  -2.388301299218974e-02  0
-1.376766727628527e-02  2.659686935559053e-02  0
-7.930108112743833e-03  2.868015275073469e-02  0
3.848691213064509e-02  1.669284619875762e-02  0
-2.940779131598189e-02  1.628712452457143e-02  0
-5.924640850054386e-02  -1.850888033428688e-02  0
-3.939663246615126e-02  1.948655015938154e-02  0
6.394066286754443e-02  2.818849829717256e-02  0
6.187821892930040e-02  -2.958108328430313e-02  0
-3.982671088446645e-02  -2.817407798122931e-02  0
-3.641198106979080e-03  3.606586251757259e-02  0
4.421119305001626e-03  -3.951982339858944e-02  0
7.266709811122944e-03  -3.202565172645531e-02  0
8.115929799327338e-03  -2.716107830216711e-02  0
5.675403300588756e-02  4.934206886237073e-02  0
5.931790915982988e-02  -5.231449709994997e-02  0
-5.521920141467312e-03  4.851140472615570e-02  0
-2.786179471987686e-03  5.148793165768798e-02  0
-2.496041353297622e-03  4.688995003108338e-02  0
-4.763879700248607e-03  5.549613972429124e-02  0
-4.883045098380333e-04  5.683644115427511e-02  0
-3.624928593159142e-03  6.068119039193066e-02  0
-4.609887565162940e-03  7.727518140048678e-02  0
2.674208209685739e-03  4.990424721597184e-02  0
4.543487033993319e-03  6.058789054078643e-02  0
5.957158359045109e-03  5.429117780808814e-02  0
-9.021986075744526e-03  -5.571326378036461e-02  0
-4.976149030645209e-03  -4.925859470667200e-02  0
2.933745126305799e-02  1.439759141824867e-02  0
3.039192471756331e-02  7.282870653494307e-02  0
-7.686973345034641e-02  -4.772616298628011e-03  0
-3.800961470349658e-02  5.769100923167883e-03  0
5.182866280197491e-02  2.032652660256725e-02  0
4.459192177728149e-02  1.952886498086090e-02  0
5.173999635122709e-02  -2.041174830664665e-02  0
5.060908859658750e-02  -2.302679820554702e-02  0
5.539022518592913e-02  -2.463402739512186e-02  0
4.537468788356211e-02  -2.427209075064940e-02  0
5.212600721927978e-02  -2.960004303415417e-02  0
4.329022201925977e-02  -2.027311498909866e-02  0
2.728643743543443e-02  6.754176010244922e-03  0
-7.253492261707911e-02  2.610171563886002e-02  0
4.170703511906373e-02  2.116305053693801e-02  0
-3.617772968623356e-02  2.388155716762504e-02  0
-5.694162277062518e-03  3.824181414829256e-02  0
-7.356233005606711e-03  -2.434358495341593e-02  0
-2.923624641215070e-02  -2.132617553719198e-02  0
2.416549277314155e-02  4.061782840535951e-03  0
-4.401294587321685e-03  3.278155754948701e-02  0
2.908169765370721e-02  -1.784342496643316e-02  0
-2.060343062577116e-02  7.715930545995783e-03  0
-4.323270652982141e-02  3.572369211616556e-02  0
-4.579609484030985e-02  -3.979969106387134e-02  0
-4.381380780215820e-02  -3.407470702825615e-02  0
-4.804888808054873e-03  -3.799992604335111e-02  0
2.767317157607143e-02  -2.144518916604816e-02  0
4.537364377068599e-02  2.345494466762832e-02  0
6.903574785874434e-03  2.715052746155237e-02  0
2.700314477809341e-02  1.233969179249082e-02  0
-2.195387060504102e-02  4.833208200840934e-03  0
3.218772778266252e-02  -1.784294093464759e-02  0
9.322828557238873e-03  2.427383837192986e-02  0
2.071800517502173e-02  2.148611025473978e-02  0
1.852704679345516e-02  1.962457689763042e-02  0
5.434679690971347e-02  -2.002613875919720e-02  0
5.431310558504488e-02  2.003298549735729e-02  0
5.498451662706027e-02  2.415674192932453e-02  0
5.435293879641301e-02  3.202228413716370e-02  0
2.560350847781350e-02  4.543260589666006e-02  0
3.303109723539367e-02  4.827288203655870e-02  0
4.298116222323456e-02  5.065904214785686e-02  0
-3.921879746574278e-02  -4.268610411253650e-03  0
3.066110661271077e-02  1.149668600115365e-02  0
1.812005637033240e-03  4.594400382181168e-02  0
7.701282819561291e-02  -1.648272639847925e-02  0
7.660375138684836e-02  1.642490410223607e-02  0
3.307441187654377e-02  1.492134255124149e-02  0
4.011984535686027e-02  -2.296009923619192e-02  0
1.865957201050065e-02  1.488894551000110e-02  0
3.891213928122046e-02  -1.957736271998926e-02  0
-2.072175271183279e-02  1.457055064088734e-02  0
-1.784024828899874e-02  1.341256753241045e-02  0
-1.073336109589054e-03  3.023935634348831e-02  0
5.279192619449406e-02  -3.840390108121697e-02  0
-2.571840795750617e-02  -2.073645083298185e-02  0
-1.730263409080253e-02  2.148888096377423e-02  0
-2.974150228629114e-03  1.566476223385678e-02  0
-1.291860188976029e-03  1.274605240403757e-02  0
-1.983273239558564e-03  -5.136662211641561e-02  0
-2.738744830324951e-02  7.612911510834516e-03  0
-1.970682442694997e-02  -1.806078209885695e-02  0
1.370754728806659e-02  6.767327366840211e-03  0
1.191438472684426e-02  4.091501491837361e-03  0
1.373042194712584e-02  1.382602762241058e-03  0
1.155247204686757e-02  -1.434422323482810e-03  0
1.382857653997318e-02  -3.267859576018034e-03  0
9.848277455404470e-03  -3.477028889620593e-03  0
1.142812373567193e-02  -5.930734537428248e-03  0
8.295779192038092e-03  -6.517621288575412e-03  0
7.381720373034085e-03  -4.185060548870808e-03  0
5.596896232103664e-03  -7.176633173527437e-03  0
1.115899749281399e-02  -9.510456841703676e-03  0
1.025065894176333e-02  1.327620442943027e-03  0
9.341322281495578e-03  3.719293750121982e-03  0
1.566577795196467e-02  -5.917694852303234e-03  0
-1.170678241592712e-02  -1.419218205783892e-02  0
-6.321980681643637e-03  -1.390683232751517e-02  0
1.697920229733946e-02  1.170029616126244e-02  0
1.327941873735483e-02  1.261587674413463e-02  0
-1.685255546891140e-02  -1.844789955295938e-02  0
7.431041619381309e-03  -9.506191146008093e-03  0
1.775312056135817e-02  -1.239488849087294e-02  0
2.031809484371552e-02  -1.190013638759397e-02  0
8.572763594935248e-03  -1.302784059392702e-03  0
1.054268071516935e-02  -1.266970621167156e-02  0
1.470074946092038e-02  -9.543284785780893e-03  0
1.791572221881803e-02  -3.356783647861651e-03  0
-1.267927361506155e-02  -1.222887305906401e-03  0
-1.110080661087479e-02  1.581715299394686e-03  0
-8.243462102821794e-03  2.009194223854816e-03  0
-6.759234042401200e-03  4.927804165758777e-03  0
-8.259923836828088e-03  7.502046340118208e-03  0
-5.136635015404332e-03  8.469181867247710e-03  0
-2.922661334932020e-03  1.078762487475155e-02  0
-1.645273437391734e-03  7.872854711038902e-03  0
-2.513026145620860e-03  -2.107547389109965e-02  0
-8.478046752050830e-04  -1.792714783689408e-02  0
-1.746469549313713e-02  6.959496624038924e-03  0
-5.555232396275803e-03  -1.059065400129669e-02  0
9.675243843125190e-05  -8.407408137753598e-03  0
3.352933337858451e-03  -2.274116341567363e-03  0
-3.956631928799369e-03  -2.222013920515809e-04  0
4.319781304753374e-03  -1.301164098035704e-02  0
-5.845858981452746e-03  -3.060846101273398e-03  0
-8.823598802150336e-03  -1.124374609336101e-02  0
-1.930810249966623e-02  7.572630953855797e-02  0
-1.197588053491934e-02  -3.346951295312006e-03  0
5.134962575105347e-02  4.012146626603380e-02  0
-9.899517447982941e-03  -8.706929216490915e-04  0
3.595783344747763e-02  1.423486262923300e-02  0
-6.887819904648775e-04  5.430111284693158e-03  0
2.847553052424895e-02  -7.270123815323808e-03  0
-5.340613110659173e-03  1.319454600879995e-02  0
-2.148623244584638e-02  -6.725097773916935e-03  0
-3.523245714262508e-03  -1.933496908148520e-02  0
-6.978010237614675e-03  -5.422140605598780e-04  0
-5.324098195481079e-03  2.333634988460645e-03  0
-3.716515919972652e-03  5.280104288771560e-03  0
-3.276720628136810e-03  -1.303703560864150e-02  0
-4.823782812892567e-02  3.573926625280260e-02  0
-5.027383822550628e-02  3.973000401116967e-02  0
3.930206960886503e-03  -2.688105107018796e-02  0
-1.840167525069102e-02  -6.156725552977578e-03  0
9.286840536346362e-04  8.135566553315069e-03  0
-1.709285441510329e-02  -8.657498704395685e-03  0
-1.261625593067380e-02  1.791081483777414e-02  0
-5.989464597091329e-03  -2.135815729486218e-02  0
-4.850776124351116e-03  -1.687693040121183e-02  0
-3.560994958416797e-02  -2.149140328847056e-02  0
-1.788893387563196e-02  -1.232088059872761e-02  0
1.098495131738763e-03  1.329728053018716e-02  0
-6.015245959587611e-03  2.362534987081393e-02  0
9.223852796453376e-06  1.042905557248445e-02  0
-2.014920424145898e-02  1.005005049789951e-03  0
3.485696248192593e-03  1.359877682514970e-02  0
1.087905480329347e-02  1.150378470333402e-02  0
1.325072980524667e-03  2.185942183782692e-02  0
5.868782837132234e-03  1.561321772982664e-02  0
3.376419739875396e-03  1.819170050652997e-02  0
1.804108824023337e-02  -9.568124110791902e-03  0
-9.253689679366239e-03  2.575938055847186e-02  0
6.806936006591805e-03  -2.213254435914058e-02  0
-2.491435513279416e-02  -1.086957941521595e-02  0
-3.215579900369748e-02  -7.764048526836281e-03  0
-1.939793729008841e-02  -9.218762246382935e-03  0
1.241633628752478e-02  -2.043310712814444e-02  0
-4.477432995721711e-02  -4.754566744195778e-02  0
-4.802766975862467e-02  -5.104462654860331e-02  0
-4.116743758696457e-02  -1.875037523063962e-04  0
-5.133762338528065e-02  6.070136519401841e-02  0
-1.921762015018427e-02  1.060297899175087e-02  0
-1.532532704373787e-02  -2.199754901178810e-02  0
1.995664111231838e-02  -1.694429395692858e-02  0
-1.819170228354978e-03  -4.349600598594443e-02  0
7.565128898747603e-03  2.149416961654577e-02  0
8.039547281848324e-03  -2.433873733706267e-02  0
-2.323655291160668e-02  1.726149968153820e-03  0
3.075776744328158e-02  2.339095631964035e-02  0
2.410071086310964e-02  -1.890652033609859e-03  0
2.096597847836908e-02  -9.652099139638447e-03  0
-2.848771761539497e-02  -6.457675778524105e-03  0
-7.349434880420255e-03  -7.572555754506602e-02  0
-2.024190344384918e-02  -7.537555366570692e-02  0
3.246853791707396e-02  -1.475331231545976e-02  0
-5.607678581235150e-02  -5.437365647344095e-02  0
-4.798741226130653e-02  -6.332617264979902e-02  0
1.154292593230780e-02  -2.650022880191542e-02  0
4.818660156626705e-03  2.075344476728936e-02  0
6.462888363338340e-03  3.413894547843061e-03  0
-5.080912608125986e-02  -4.383902175956687e-02  0
2.833539002554737e-02  9.662889209296571e-03  0
-2.317243555809565e-02  -8.940944664127036e-03  0
-1.487555271639598e-02  1.267754665153520e-02  0
-6.428931947410932e-02  1.622656604704604e-02  0
-6.582424313230271e-02  4.255615095927777e-04  0
1.290408502935583e-03  -3.187152932465336e-02  0
-4.305041650369291e-02  6.940709571961597e-02  0
-4.414996493696571e-02  6.217505055410617e-02  0
-3.066799666865277e-02  7.381979918811132e-02  0
-1.651738213442219e-02  6.746208323364519e-02  0
2.563545993187874e-02  -1.814079831941326e-02  0
3.741111209516629e-02  -3.029090730512466e-02  0
4.224240808145942e-02  -2.656845379255117e-02  0
-2.473134774186690e-02  5.892108572653877e-03  0
-1.770463599898586e-02  -2.153126863190290e-02  0
-3.237843806522094e-02  -1.103598568292233e-02  0
1.519301386325497e-02  3.036997890427169e-02  0
-3.200147683091004e-02  2.116337808453678e-02  0
3.545619249606367e-02  -1.738119603519581e-02  0
-4.047532446047611e-02  -7.053445170454152e-02  0
-4.424278588316688e-02  -5.642213122878672e-02  0
-2.906766676110040e-02  4.449002260104146e-03  0
7.888695988419087e-02  -6.726798488193859e-03  0
7.146080931737858e-02  -1.196341098238856e-02  0
7.791928287036123e-02  6.178287659259606e-03  0
7.245884464329172e-02  1.031611057688680e-02  0
7.554242954193287e-02  -9.560662041262105e-04  0
-1.663612527772959e-02  1.629138231898706e-02  0
-6.617752304350250e-03  -6.004007970496703e-02  0
-1.193763330976038e-02  -6.276105731110017e-02  0
-4.368851387191264e-03  -6.723663244295390e-02  0
4.665699035363112e-03  -6.665448875228815e-02  0
3.617672092576471e-02  -4.986058558596558e-02  0
2.547509661289378e-02  -5.744667400622859e-02  0
6.260224042563919e-03  3.639561876574880e-02  0
6.735075245062855e-02  2.013354821499778e-02  0
6.699756518166727e-02  -2.035647563783773e-02  0
2.114894278693558e-02  3.311259895561160e-03  0
-4.508687046255631e-02  3.299212177347573e-02  0
-4.534478673003660e-02  -2.952770495029575e-02  0
1.240137263635360e-02  9.174546923435148e-03  0
1.182452317546838e-02  1.495750892337550e-02  0
3.187013683836301e-02  -8.741021160268017e-03  0
1.644555016800303e-02  1.777288045074475e-02  0
-4.632903958462234e-02  4.132854966177140e-02  0
-3.299853298452327e-02  -7.262352566737150e-02  0
-1.716444515385749e-02  -6.756239659210266e-02  0
2.132360860347747e-05  6.504545858491638e-02  0
-7.966587543413806e-03  6.715713178329431e-02  0
-4.670827840424100e-02  2.848967264288937e-02  0
1.541447259992806e-02  1.396212543190081e-02  0
3.052333291202408e-03  -8.473387275507137e-03  0
2.934996068853301e-02  -1.228695583498731e-02  0
1.131530667977817e-02  6.215409622017658e-03  0
-2.665879818480806e-02  -8.847272482786510e-03  0
2.395098597106447e-02  7.490112417238614e-03  0
3.908628884403711e-02  2.451791447693829e-02  0
8.170604614325349e-03  6.643695571115107e-03  0
2.883015602350526e-02  5.680524561333758e-02  0
-1.270223059248881e-02  -2.152097240897742e-02  0
-4.852558673896751e-02  -3.580097963808478e-02  0
-4.736979243981910e-03  -2.603861020016873e-02  0
-6.724078871298181e-02  -1.393393557036209e-02  0
4.413333029824671e-03  -1.059966853478873e-02  0
1.507396892045964e-02  1.954352982722335e-02  0
1.066992407632703e-02  6.212747322486243e-02  0
3.422293244266494e-02  2.417959694092611e-02  0
6.281462914663612e-02  -1.725368369102041e-02  0
6.296669663953186e-02  1.732772033655255e-02  0
7.653328977901124e-03  9.394616360465586e-04  0
-1.177689508716342e-02  6.006594451417824e-02  0
6.237615679637058e-02  -2.247823042662873e-02  0
6.366270267627920e-02  2.216204599739540e-02  0
-7.689060474110289e-03  5.467008473591684e-02  0
-3.851480868717198e-02  -9.464902704507264e-03  0
4.848694177825830e-03  -3.635421277618474e-02  0
-2.090169081866457e-02  -2.114936133722882e-02  0
1.537137946508820e-02  -2.603345809980722e-02  0
-2.110016672957243e-02  2.190580979526998e-02  0
2.305367339274764e-02  3.144157990549297e-02  0
-1.901555107546705e-02  -6.234587839768332e-02  0
-1.939364174946261e-02  6.328599313600632e-02  0
6.125934731497625e-03  -1.799843923679972e-03  0
-3.569820868737401e-02  6.756452660562895e-02  0
-7.732203293296257e-03  6.167680383884053e-02  0
-5.637303914038917e-02  4.568122429353797e-02  0
2.339532021670348e-02  -4.174316789502085e-02  0
4.486306326004182e-03  -4.833794794972541e-03  0
6.324407125144460e-03  2.388282011334728e-02  0
1.063792974487987e-02  -2.379546661891671e-02  0
3.162839000391495e-03  4.233077455908450e-02  0
6.833454960966394e-03  4.435837714417063e-02  0
-3.332775483289575e-02  6.103394882666340e-02  0
-2.631578861243228e-02  6.842628964963444e-02  0
-4.752959015981191e-02  5.502374825378654e-02  0
-4.982554242513794e-02  4.935211195960869e-02  0
-5.543486814705118e-02  3.888094198521913e-02  0
2.059802937105551e-03  -4.299304607076689e-02  0
-1.282957607329721e-02  -5.983704159273726e-02  0
2.261003868017973e-02  -1.204474665125152e-02  0
-5.378973284467817e-02  -1.330956504544116e-02  0
-3.417023781018405e-02  -6.672724842684319e-02  0
-2.125845073156308e-03  -4.720762106623953e-02  0
4.836702994230838e-02  -2.651098763051974e-02  0
-1.494913979167505e-02  1.865016680323106e-02  0
-2.495533615785011e-02  2.132393888262085e-02  0
-3.103363028674680e-03  4.311668238337071e-02  0
-6.057254483992445e-03  -3.072341767406539e-02  0
-3.875820095772089e-02  -2.633660714292902e-02  0
-3.711695828448758e-03  -5.462738072962624e-02  0
2.359777766215798e-02  -3.534590417226714e-02  0
2.818018146399528e-02  3.804809003587609e-02  0
-1.313706122893786e-02  6.374572201164123e-02  0
1.884036323299562e-02  -5.246651627337733e-02  0
2.832281155259394e-02  -4.849024109488895e-02  0
-5.141157583974575e-02  1.027090093267509e-02  0
-4.955140281542383e-02  4.503249269521507e-02  0
-1.472859266795839e-02  2.384821774000975e-02  0
3.926932668133670e-02  1.921076914283031e-02  0
-1.021645496655710e-02  -2.360935556050680e-02  0
-2.651834367695530e-02  -6.813319204150248e-02  0
3.910888754860891e-03  2.724741310502904e-02  0
2.108296714757332e-02  -1.412109397108248e-02  0
-6.297874928928435e-02  3.022467003463339e-02  0
4.318927057832220e-02  3.879631352481471e-02  0
5.797905373347323e-03  -2.540375326524033e-02  0
-3.597567385513174e-02  -7.201256574439476e-03  0
-6.090841394550784e-02  -2.645065961675313e-02  0
-1.162132481026996e-02  2.592425166956738e-02  0
-3.917777274467354e-02  -5.853852517159552e-02  0
-4.192924693987787e-02  -5.336502967924409e-02  0
1.284696794770215e-02  5.578431095385846e-02  0
-1.954043296029910e-02  2.067115285102855e-02  0
-7.150143912745957e-02  -3.380661279527909e-02  0
-2.990721092919826e-02  -8.259497586441334e-03  0
-3.038782982308200e-03  -4.062884517568979e-02  0
-2.998818459352018e-02  1.694737512564054e-03  0
6.932529084095618e-02  1.616822956442260e-02  0
6.845182183452247e-02  1.136016812866077e-02  0
6.971770202297507e-02  7.314338814823091e-03  0
6.950512825951838e-02  -1.630696271632657e-02  0
6.747050725992920e-02  -1.076169593365008e-02  0
6.898458448252690e-02  -7.790559700850029e-03  0
-3.293106114499420e-02  -2.297550043660698e-02  0
5.933266445006015e-02  2.321399835369489e-02  0
3.247873377457969e-02  9.744828176118728e-03  0
-3.489687384061023e-02  2.119106850582901e-02  0
-6.975066698317577e-03  2.630422407322794e-02  0
4.678800157722499e-02  -4.791347420353573e-02  0
-4.323318027366511e-02  2.521389192935213e-02  0
-2.697842929594074e-02  1.885918692586971e-02  0
-3.642449566797705e-02  -2.414440975483209e-02  0
-2.663568555149387e-02  -6.256361003091980e-02  0
1.603081282787714e-02  2.224401569694273e-02  0
8.611611316548745e-03  3.994782102515057e-02  0
-6.670466099322607e-02  -4.526869326491452e-02  0
-1.829477364025840e-02  -2.427097906885376e-02  0
5.618273703889213e-03  -2.914851867368812e-02  0
2.054772939854599e-02  6.449448103664311e-02  0
-1.135202212281556e-02  -6.775583504663471e-02  0
-4.266303156876024e-02  -2.634694181974037e-02  0
-4.298508269934796e-02  5.658953610667316e-02  0
-3.985185935694198e-02  5.718115998425310e-02  0
7.379859964708527e-02  -7.898730872922324e-03  0
2.656119729068829e-02  -2.378935404584194e-03  0
2.504594363047177e-02  1.000922009869228e-03  0
-5.557328106039077e-03  2.920329548388437e-02  0
3.285272033149932e-03  -3.035823210367470e-02  0
-7.090832883800788e-03  5.784294790969319e-02  0
5.525395354632463e-02  -3.262506800509313e-02  0
1.516102543176525e-02  -6.745418695499032e-02  0
1.657469991412973e-02  -7.741569718234978e-02  0
1.410282551591959e-03  3.001223732210673e-02  0
2.354522602884259e-02  -2.270057843839816e-02  0
-3.864019462766265e-02  -6.408982079234285e-02  0
-3.120518934396579e-02  1.883610869525875e-02  0
5.887982493292033e-02  -2.196550607251785e-02  0
2.892577001361880e-02  6.566155786780143e-03  0
3.043517833531846e-02  -7.026916616068827e-03  0
5.100432260726372e-02  2.304912495109911e-02  0
2.875168112249229e-02  -4.924568107359882e-03  0
2.279106623487489e-02  -1.719904701157387e-02  0
-3.433037116496407e-02  2.560194261474788e-02  0
-9.497245017756800e-04  4.425460375657798e-02  0
-2.225209345027463e-02  9.749279120569095e-02  0
-4.338837402673880e-02  9.009688673484795e-02  0
-6.234898033951506e-02  7.818314812425353e-02  0
-7.818314837320725e-02  6.234898002733696e-02  0
-9.009688685362613e-02  4.338837378009341e-02  0
-9.749279123494115e-02  2.225209332212112e-02  0
-9.749279120569095e-02  -2.225209345027463e-02  0
-9.009688673484795e-02  -4.338837402673880e-02  0
-7.818314812425353e-02  -6.234898033951506e-02  0
-6.234898002733696e-02  -7.818314837320725e-02  0
-4.338837378009341e-02  -9.009688685362613e-02  0
-2.225209332212112e-02  -9.749279123494115e-02  0
2.225209345027463e-02  -9.749279120569095e-02  0
4.338837402673880e-02  -9.009688673484795e-02  0
6.234898033951506e-02  -7.818314812425353e-02  0
7.818314837320725e-02  -6.234898002733696e-02  0
9.009688685362613e-02  -4.338837378009341e-02  0
9.749279123494115e-02  -2.225209332212112e-02  0
9.749279120569095e-02  2.225209345027463e-02  0
9.009688673484795e-02  4.338837402673880e-02  0
7.818314812425353e-02  6.234898033951506e-02  0
6.234898002733696e-02  7.818314837320725e-02  0
4.338837378009341e-02  9.009688685362613e-02  0
2.225209332212112e-02  9.749279123494115e-02  0
-2.055888031304828e+00  9.007433973847951e+00  0
-1.886566717106008e+00  8.265588827233541e+00  0
-1.717245402907362e+00  7.523743680619887e+00  0
-1.547924088708486e+00  6.781898534005236e+00  0
-1.378602774509697e+00  6.040053387390959e+00  0
-1.209281460311001e+00  5.298208240777086e+00  0
-1.039960146112603e+00  4.556363094164527e+00  0
-8.706388319147752e-01  3.814517947554461e+00  0
-7.013175177169158e-01  3.072672800944259e+00  0
-5.319962035190806e-01  2.330827654334163e+00  0
-3.626748893212408e-01  1.588982507724044e+00  0
-1.933535751232427e-01  8.471373611132348e-01  0
-4.008685252963333e+00  8.324120670267039e+00  0
-3.678533102211148e+00  7.638552667548802e+00  0
-3.348380951459298e+00  6.952984664831262e+00  0
-3.018228800707003e+00  6.267416662112798e+00  0
-2.688076649954876e+00  5.581848659394683e+00  0
-2.357924499202929e+00  4.896280656676940e+00  0
-2.027772348451566e+00  4.210712653960409e+00  0
-1.697620197701313e+00  3.525144651246184e+00  0
-1.367468046950999e+00  2.839576648531834e+00  0
-1.037315896200732e+00  2.154008645817580e+00  0
-7.071637454504558e-01  1.468440643103306e+00  0
-3.770115946998715e-01  7.828726403883932e-01  0
-5.760470254231887e+00  7.223401196154225e+00  0
-5.286042474608145e+00  6.628487579804212e+00  0
-4.811614694984885e+00  6.033573963454800e+00  0
-4.337186915360986e+00  5.438660347104589e+00  0
-3.862759135737328e+00  4.843746730754679e+00  0
-3.388331356113927e+00  4.248833114405094e+00  0
-2.913903576491366e+00  3.653919498056560e+00  0
-2.439475796870400e+00  3.059005881710029e+00  0
-1.965048017249348e+00  2.464092265363386e+00  0
-1.490620237628362e+00  1.869178649016828e+00  0
-1.016192458007363e+00  1.274265032670253e+00  0
-5.417646783859213e-01  6.793514163231233e-01  0
-7.223401218146557e+00  5.760470226654375e+00  0
-6.628487599985921e+00  5.286042449301082e+00  0
-6.033573981825887e+00  4.811614671948269e+00  0
-5.438660363665054e+00  4.337186894594819e+00  0
-4.843746745504522e+00  3.862759117241611e+00  0
-4.248833127344314e+00  3.388331339888659e+00  0
-3.653919509185157e+00  2.913903562536547e+00  0
-3.059005891028003e+00  2.439475785186031e+00  0
-2.464092272870738e+00  1.965048007835426e+00  0
-1.869178654713558e+00  1.490620230484890e+00  0
-1.274265036556360e+00  1.016192453134339e+00  0
-6.793514183986078e-01  5.417646757833464e-01  0
-8.324120680992163e+00  4.008685230692384e+00  0
-7.638552677390930e+00  3.678533081773758e+00  0
-6.952984673790393e+00  3.348380932855468e+00  0
-6.267416670188934e+00  3.018228783936734e+00  0
-5.581848666587823e+00  2.688076635018167e+00  0
-4.896280662987083e+00  2.357924486099780e+00  0
-4.210712659387555e+00  2.027772337181977e+00  0
-3.525144655790337e+00  1.697620188265284e+00  0
-2.839576652192989e+00  1.367468039348530e+00  0
-2.154008648595740e+00  1.037315890431823e+00  0
-1.468440644998470e+00  7.071637415151069e-01  0
-7.828726414005615e-01  3.770115925980826e-01  0
-9.007433976572718e+00  2.055888019366823e+00  0
-8.265588829733909e+00  1.886566706151179e+00  0
-7.523743682895853e+00  1.717245392935709e+00  0
-6.781898536056795e+00  1.547924079720010e+00  0
-6.040053389218117e+00  1.378602766504397e+00  0
-5.298208242379840e+00  1.209281453288876e+00  0
-4.556363095542875e+00  1.039960140073655e+00  0
-3.814517948708408e+00  8.706388268590037e-01  0
-3.072672801873803e+00  7.013175136443208e-01  0
-2.330827655039302e+00  5.319962004296617e-01  0
-1.588982508204781e+00  3.626748872149980e-01  0
-8.471373613695673e-01  1.933535740001764e-01  0
-9.007433973847951e+00  -2.055888031304828e+00  0
-8.265588827233541e+00  -1.886566717106008e+00  0
-7.523743680619887e+00  -1.717245402907362e+00  0
-6.781898534005236e+00  -1.547924088708486e+00  0
-6.040053387390959e+00  -1.378602774509697e+00  0
-5.298208240777086e+00  -1.209281460311001e+00  0
-4.556363094164527e+00  -1.039960146112603e+00  0
-3.814517947554461e+00  -8.706388319147752e-01  0
-3.072672800944259e+00  -7.013175177169158e-01  0
-2.330827654334163e+00  -5.319962035190806e-01  0
-1.588982507724044e+00  -3.626748893212408e-01  0
-8.471373611132348e-01  -1.933535751232427e-01  0
-8.324120670267039e+00  -4.008685252963333e+00  0
-7.638552667548802e+00  -3.678533102211148e+00  0
-6.952984664831262e+00  -3.348380951459298e+00  0
-6.267416662112798e+00  -3.018228800707003e+00  0
-5.581848659394683e+00  -2.688076649954876e+00  0
-4.896280656676940e+00  -2.357924499202929e+00  0
-4.210712653960409e+00  -2.027772348451566e+00  0
-3.525144651246184e+00  -1.697620197701313e+00  0
-2.839576648531834e+00  -1.367468046950999e+00  0
-2.154008645817580e+00  -1.037315896200732e+00  0
-1.468440643103306e+00  -7.071637454504558e-01  0
-7.828726403883932e-01  -3.770115946998715e-01  0
-7.223401196154225e+00  -5.760470254231887e+00  0
-6.628487579804212e+00  -5.286042474608145e+00  0
-6.033573963454800e+00  -4.811614694984885e+00  0
-5.438660347104589e+00  -4.337186915360986e+00  0
-4.843746730754679e+00  -3.862759135737328e+00  0
-4.248833114405094e+00  -3.388331356113927e+00  0
-3.653919498056560e+00  -2.913903576491366e+00  0
-3.059005881710029e+00  -2.439475796870400e+00  0
-2.464092265363386e+00  -1.965048017249348e+00  0
-1.869178649016828e+00  -1.490620237628362e+00  0
-1.274265032670253e+00  -1.016192458007363e+00  0
-6.793514163231233e-01  -5.417646783859213e-01  0
-5.760470226654375e+00  -7.223401218146557e+00  0
-5.286042449301082e+00  -6.628487599985921e+00  0
-4.811614671948269e+00  -6.033573981825887e+00  0
-4.337186894594819e+00  -5.438660363665054e+00  0
-3.862759117241611e+00  -4.843746745504522e+00  0
-3.388331339888659e+00  -4.248833127344314e+00  0
-2.913903562536547e+00  -3.653919509185157e+00  0
-2.439475785186031e+00  -3.059005891028003e+00  0
-1.965048007835426e+00  -2.464092272870738e+00  0
-1.490620230484890e+00  -1.869178654713558e+00  0
-1.016192453134339e+00  -1.274265036556360e+00  0
-5.417646757833464e-01  -6.793514183986078e-01  0
-4.008685230692384e+00  -8.324120680992163e+00  0
-3.678533081773758e+00  -7.638552677390930e+00  0
-3.348380932855468e+00  -6.952984673790393e+00  0
-3.018228783936734e+00  -6.267416670188934e+00  0
-2.688076635018167e+00  -5.581848666587823e+00  0
-2.357924486099780e+00  -4.896280662987083e+00  0
-2.027772337181977e+00  -4.210712659387555e+00  0
-1.697620188265284e+00  -3.525144655790337e+00  0
-1.367468039348530e+00  -2.839576652192989e+00  0
-1.037315890431823e+00  -2.154008648595740e+00  0
-7.071637415151069e-01  -1.468440644998470e+00  0
-3.770115925980826e-01  -7.828726414005615e-01  0
-2.055888019366823e+00  -9.007433976572718e+00  0
-1.886566706151179e+00  -8.265588829733909e+00  0
-1.717245392935709e+00  -7.523743682895853e+00  0
-1.547924079720010e+00  -6.781898536056795e+00  0
-1.378602766504397e+00  -6.040053389218117e+00  0
-1.209281453288876e+00  -5.298208242379840e+00  0
-1.039960140073655e+00  -4.556363095542875e+00  0
-8.706388268590037e-01  -3.814517948708408e+00  0
-7.013175136443208e-01  -3.072672801873803e+00  0
-5.319962004296617e-01  -2.330827655039302e+00  0
-3.626748872149980e-01  -1.588982508204781e+00  0
-1.933535740001764e-01  -8.471373613695673e-01  0
2.055888031304828e+00  -9.007433973847951e+00  0
1.886566717106008e+00  -8.265588827233541e+00  0
1.717245402907362e+00  -7.523743680619887e+00  0
1.547924088708486e+00  -6.781898534005236e+00  0
1.378602774509697e+00  -6.040053387390959e+00  0
1.209281460311001e+00  -5.298208240777086e+00  0
1.039960146112603e+00  -4.556363094164527e+00  0
8.706388319147752e-01  -3.814517947554461e+00  0
7.013175177169158e-01  -3.072672800944259e+00  0
5.319962035190806e-01  -2.330827654334163e+00  0
3.626748893212408e-01  -1.588982507724044e+00  0
1.933535751232427e-01  -8.471373611132348e-01  0
4.008685252963333e+00  -8.324120670267039e+00  0
3.678533102211148e+00  -7.638552667548802e+00  0
3.348380951459298e+00  -6.952984664831262e+00  0
3.018228800707003e+00  -6.267416662112798e+00  0
2.688076649954876e+00  -5.581848659394683e+00  0
2.357924499202929e+00  -4.896280656676940e+00  0
2.027772348451566e+00  -4.210712653960409e+00  0
1.697620197701313e+00  -3.525144651246184e+00  0
1.367468046950999e+00  -2.839576648531834e+00  0
1.037315896200732e+00  -2.154008645817580e+00  0
7.071637454504558e-01  -1.468440643103306e+00  0
3.770115946998715e-01  -7.828726403883932e-01  0
5.760470254231887e+00  -7.223401196154225e+00  0
5.286042474608145e+00  -6.628487579804212e+00  0
4.811614694984885e+00  -6.033573963454800e+00  0
4.337186915360986e+00  -5.438660347104589e+00  0
3.862759135737328e+00  -4.843746730754679e+00  0
3.388331356113927e+00  -4.248833114405094e+00  0
2.913903576491366e+00  -3.653919498056560e+00  0
2.439475796870400e+00  -3.059005881710029e+00  0
1.965048017249348e+00  -2.464092265363386e+00  0
1.490620237628362e+00  -1.869178649016828e+00  0
1.016192458007363e+00  -1.274265032670253e+00  0
5.417646783859213e-01  -6.793514163231233e-01  0
7.223401218146557e+00  -5.760470226654375e+00  0
6.628487599985921e+00  -5.286042449301082e+00  0
6.033573981825887e+00  -4.811614671948269e+00  0
5.438660363665054e+00  -4.337186894594819e+00  0
4.843746745504522e+00  -3.862759117241611e+00  0
4.248833127344314e+00  -3.388331339888659e+00  0
3.653919509185157e+00  -2.913903562536547e+00  0
3.059005891028003e+00  -2.439475785186031e+00  0
2.464092272870738e+00  -1.965048007835426e+00  0
1.869178654713558e+00  -1.490620230484890e+00  0
1.274265036556360e+00  -1.016192453134339e+00  0
6.793514183986078e-01  -5.417646757833464e-01  0
8.324120680992163e+00  -4.008685230692384e+00  0
7.638552677390930e+00  -3.678533081773758e+00  0
6.952984673790393e+00  -3.348380932855468e+00  0
6.267416670188934e+00  -3.018228783936734e+00  0
5.581848666587823e+00  -2.688076635018167e+00  0
4.896280662987083e+00  -2.357924486099780e+00  0
4.210712659387555e+00  -2.027772337181977e+00  0
3.525144655790337e+00  -1.697620188265284e+00  0
2.839576652192989e+00  -1.367468039348530e+00  0
2.154008648595740e+00  -1.037315890431823e+00  0
1.468440644998470e+00  -7.071637415151069e-01  0
7.828726414005615e-01  -3.770115925980826e-01  0
9.007433976572718e+00  -2.055888019366823e+00  0
8.265588829733909e+00  -1.886566706151179e+00  0
7.523743682895853e+00  -1.717245392935709e+00  0
6.781898536056795e+00  -1.547924079720010e+00  0
6.040053389218117e+00  -1.378602766504397e+00  0
5.298208242379840e+00  -1.209281453288876e+00  0
4.556363095542875e+00  -1.039960140073655e+00  0
3.814517948708408e+00  -8.706388268590037e-01  0
3.072672801873803e+00  -7.013175136443208e-01  0
2.330827655039302e+00  -5.319962004296617e-01  0
1.588982508204781e+00  -3.626748872149980e-01  0
8.471373613695673e-01  -1.933535740001764e-01  0
9.007433973847951e+00  2.055888031304828e+00  0
8.265588827233541e+00  1.886566717106008e+00  0
7.523743680619887e+00  1.717245402907362e+00  0
6.781898534005236e+00  1.547924088708486e+00  0
6.040053387390959e+00  1.378602774509697e+00  0
5.298208240777086e+00  1.209281460311001e+00  0
4.556363094164527e+00  1.039960146112603e+00  0
3.814517947554461e+00  8.706388319147752e-01  0
3.072672800944259e+00  7.013175177169158e-01  0
2.330827654334163e+00  5.319962035190806e-01  0
1.588982507724044e+00  3.626748893212408e-01  0
8.471373611132348e-01  1.933535751232427e-01  0
8.324120670267039e+00  4.008685252963333e+00  0
7.638552667548802e+00  3.678533102211148e+00  0
6.952984664831262e+00  3.348380951459298e+00  0
6.267416662112798e+00  3.018228800707003e+00  0
5.581848659394683e+00  2.688076649954876e+00  0
4.896280656676940e+00  2.357924499202929e+00  0
4.210712653960409e+00  2.027772348451566e+00  0
3.525144651246184e+00  1.697620197701313e+00  0
2.839576648531834e+00  1.367468046950999e+00  0
2.154008645817580e+00  1.037315896200732e+00  0
1.468440643103306e+00  7.071637454504558e-01  0
7.828726403883932e-01  3.770115946998715e-01  0
7.223401196154225e+00  5.760470254231887e+00  0
6.628487579804212e+00  5.286042474608145e+00  0
6.033573963454800e+00  4.811614694984885e+00  0
5.438660347104589e+00  4.337186915360986e+00  0
4.843746730754679e+00  3.862759135737328e+00  0
4.248833114405094e+00  3.388331356113927e+00  0
3.653919498056560e+00  2.913903576491366e+00  0
3.059005881710029e+00  2.439475796870400e+00  0
2.464092265363386e+00  1.965048017249348e+00  0
1.869178649016828e+00  1.490620237628362e+00  0
1.274265032670253e+00  1.016192458007363e+00  0
6.793514163231233e-01  5.417646783859213e-01  0
5.760470226654375e+00  7.223401218146557e+00  0
5.286042449301082e+00  6.628487599985921e+00  0
4.811614671948269e+00  6.033573981825887e+00  0
4.337186894594819e+00  5.438660363665054e+00  0
3.862759117241611e+00  4.843746745504522e+00  0
3.388331339888659e+00  4.248833127344314e+00  0
2.913903562536547e+00  3.653919509185157e+00  0
2.439475785186031e+00  3.059005891028003e+00  0
1.965048007835426e+00  2.464092272870738e+00  0
1.490620230484890e+00  1.869178654713558e+00  0
1.016192453134339e+00  1.274265036556360e+00  0
5.417646757833464e-01  6.793514183986078e-01  0
4.008685230692384e+00  8.324120680992163e+00  0
3.678533081773758e+00  7.638552677390930e+00  0
3.348380932855468e+00  6.952984673790393e+00  0
3.018228783936734e+00  6.267416670188934e+00  0
2.688076635018167e+00  5.581848666587823e+00  0
2.357924486099780e+00  4.896280662987083e+00  0
2.027772337181977e+00  4.210712659387555e+00  0
1.697620188265284e+00  3.525144655790337e+00  0
1.367468039348530e+00  2.839576652192989e+00  0
1.037315890431823e+00  2.154008648595740e+00  0
7.071637415151069e-01  1.468440644998470e+00  0
3.770115925980826e-01  7.828726414005615e-01  0
2.055888019366823e+00  9.007433976572718e+00  0
1.886566706151179e+00  8.265588829733909e+00  0
1.717245392935709e+00  7.523743682895853e+00  0
1.547924079720010e+00  6.781898536056795e+00  0
1.378602766504397e+00  6.040053389218117e+00  0
1.209281453288876e+00  5.298208242379840e+00  0
1.039960140073655e+00  4.556363095542875e+00  0
8.706388268590037e-01  3.814517948708408e+00  0
7.013175136443208e-01  3.072672801873803e+00  0
5.319962004296617e-01  2.330827655039302e+00  0
3.626748872149980e-01  1.588982508204781e+00  0
1.933535740001764e-01  8.471373613695673e-01  0
5.715675837362511e-02  1.261929598040065e-03  0
5.682889935648842e-02  2.485516104919873e-03  0
5.629354768707444e-02  3.633581461779336e-03  0
5.556696975238787e-02  4.671242287108263e-03  0
5.467124226523266e-02  5.566969770744007e-03  0
5.363358144599526e-02  6.293547696188252e-03  0
5.248551609241099e-02  6.828899361042572e-03  0
5.126192959375071e-02  7.156758374383028e-03  0
6.136661630997751e-02  2.004241138556795e-03  0
6.084589904428180e-02  3.947584426074870e-03  0
5.999563462295381e-02  5.770982356944737e-03  0
5.884165789610016e-02  7.419031913134913e-03  0
5.741903187838867e-02  8.841657925257311e-03  0
5.577098233187394e-02  9.995634637432601e-03  0
5.394758440620649e-02  1.084589905151944e-02  0
5.200424113174364e-02  1.136661631118651e-02  0
6.384300339713958e-02  2.440894997516718e-03  0
6.320884009986633e-02  4.807624637831440e-03  0
6.217333287837434e-02  7.028277034552151e-03  0
6.076794509062675e-02  9.035378794902463e-03  0
5.903537875259066e-02  1.076794512613071e-02  0
5.702827700402263e-02  1.217333289600095e-02  0
5.480762461363665e-02  1.320884010867308e-02  0
5.244089498922032e-02  1.384300339860313e-02  0
6.529970175970103e-02  2.697750222070593e-03  0
6.459880549919489e-02  5.313530671141877e-03  0
6.345433191898048e-02  7.767862177613797e-03  0
6.190105526416819e-02  9.986171127901369e-03  0
5.998617108113554e-02  1.190105530341016e-02  0
5.776786214387050e-02  1.345433193846424e-02  0
5.531353064440030e-02  1.459880550893103e-02  0
5.269775021290078e-02  1.529970176132167e-02  0
6.615658313195256e-02  2.848841527547137e-03  0
6.541643218799303e-02  5.611122449366722e-03  0
6.420786075101501e-02  8.202912252886007e-03  0
6.256759064676387e-02  1.054546072412962e-02  0
6.054546067474587e-02  1.256759068820207e-02  0
5.820291221725381e-02  1.420786077158809e-02  0
5.561112242112808e-02  1.541643219827228e-02  0
5.284884151786407e-02  1.615658313366149e-02  0
6.666063109965627e-02  2.937718783990670e-03  0
6.589738916077226e-02  5.786176471868919e-03  0
6.465111309456302e-02  8.458824113491064e-03  0
6.295967036267271e-02  1.087445467062710e-02  0
6.087445461970276e-02  1.295967040540360e-02  0
5.845882407674727e-02  1.465111311577785e-02  0
5.578617644274932e-02  1.589738917137209e-02  0
5.293771877400553e-02  1.666063110141838e-02  0
6.695712987451827e-02  2.989999517843499e-03  0
6.618030499880254e-02  5.889149415977729e-03  0
6.491184974114728e-02  8.609360487018471e-03  0
6.319030546659904e-02  1.106798050214232e-02  0
6.106798045031192e-02  1.319030551009010e-02  0
5.860936044962094e-02  1.491184976273934e-02  0
5.588914938634001e-02  1.618030500959064e-02  0
5.298999950768071e-02  1.695712987631126e-02  0
6.713154091688267e-02  3.020752890403280e-03  0
6.634672607840142e-02  5.949721735461043e-03  0
6.506522423766767e-02  8.697911294126854e-03  0
6.332597317349037e-02  1.118181922547169e-02  0
6.118181917310832e-02  1.332597321742861e-02  0
5.869791125634477e-02  1.506522425948162e-02  0
5.594972170551857e-02  1.634672608930023e-02  0
5.302075288013600e-02  1.713154091869386e-02  0
4.873807040080085e-02  7.156758373422480e-03  0
4.751448389377368e-02  6.828899356014427e-03  0
4.636641853562030e-02  6.293547685574189e-03  0
4.532875771214180e-02  5.566969751758939e-03  0
4.443303022916908e-02  4.671242265128304e-03  0
4.370645230350376e-02  3.633581445459173e-03  0
4.317110063917448e-02  2.485516093001017e-03  0
4.284324162539160e-02  1.261929592455655e-03  0
4.799575885960250e-02  1.136661630966150e-02  0
4.605241557185061e-02  1.084589904353452e-02  0
4.422901763892601e-02  9.995634620576146e-03  0
4.258096808567512e-02  8.841657895105793e-03  0
4.115834207460627e-02  7.419031878226737e-03  0
4.000436536208050e-02  5.770982331025461e-03  0
3.915410094882834e-02  3.947584407145628e-03  0
3.863338368845957e-02  2.004241129687806e-03  0
4.755910500024132e-02  1.384300339674493e-02  0
4.519237535964150e-02  1.320884009894691e-02  0
4.297172296041799e-02  1.217333287547008e-02  0
4.096462120364679e-02  1.076794508940815e-02  0
3.923205487370086e-02  9.035378752387047e-03  0
3.782666710340280e-02  7.028277002984319e-03  0
3.679115989174594e-02  4.807624614776991e-03  0
3.615699660095979e-02  2.440894986714866e-03  0
4.730224977545140e-02  1.529970175926825e-02  0
4.468646932606495e-02  1.459880549818194e-02  0
4.223213781682682e-02  1.345433191577360e-02  0
4.001382887049497e-02  1.190105526282400e-02  0
3.809894469640351e-02  9.986171080912747e-03  0
3.654566806087673e-02  7.767862142724660e-03  0
3.540119449153230e-02  5.313530645661825e-03  0
3.470029823819581e-02  2.697750210132280e-03  0
4.715115846983568e-02  1.615658313149280e-02  0
4.438887754768288e-02  1.541643218692072e-02  0
4.179708774124202e-02  1.420786074762607e-02  0
3.945453927417521e-02  1.256759064534224e-02  0
3.743240931159893e-02  1.054546067450877e-02  0
3.579213922771316e-02  8.202912216042385e-03  0
3.458356780221351e-02  5.611122422459284e-03  0
3.384341686582472e-02  2.848841514940025e-03  0
4.706228121331037e-02  1.666063109918203e-02  0
4.421382352508839e-02  1.589738915966636e-02  0
4.154117588045340e-02  1.465111309106824e-02  0
3.912554532762431e-02  1.295967036120661e-02  0
3.704032959439053e-02  1.087445461945818e-02  0
3.534888688350079e-02  8.458824075497985e-03  0
3.410261082912791e-02  5.786176444122016e-03  0
3.333936889805071e-02  2.937718770990238e-03  0
4.701000047940949e-02  1.695712987403505e-02  0
4.411085058092534e-02  1.618030499767651e-02  0
4.139063950681810e-02  1.491184973758989e-02  0
3.893201949607782e-02  1.319030546510646e-02  0
3.680969448970013e-02  1.106798045006267e-02  0
3.508815023652616e-02  8.609360448349167e-03  0
3.381969499091787e-02  5.889149387736970e-03  0
3.304287012314789e-02  2.989999504611674e-03  0
4.697924710682142e-02  1.713154091639422e-02  0
4.405027826141013e-02  1.634672607726351e-02  0
4.130208869964620e-02  1.506522423407343e-02  0
3.881818077273001e-02  1.332597317198224e-02  0
3.667402678235929e-02  1.118181917285632e-02  0
3.493477573977611e-02  8.697911255059775e-03  0
3.365327391121323e-02  5.949721706929784e-03  0
3.286845908075937e-02  3.020752877035342e-03  0
4.284324162643741e-02  -1.261929598384470e-03  0
4.317110064346729e-02  -2.485516104793395e-03  0
4.370645231305240e-02  -3.633581461996058e-03  0
4.443303024679514e-02  -4.671242286132598e-03  0
4.532875773426553e-02  -5.566969770321591e-03  0
4.636641855357917e-02  -6.293547695941679e-03  0
4.751448390728114e-02  -6.828899360930001e-03  0
4.873807040608795e-02  -7.156758374354352e-03  0
3.863338369012105e-02  -2.004241139103836e-03  0
3.915410095564718e-02  -3.947584425874081e-03  0
4.000436537724703e-02  -5.770982357289066e-03  0
4.115834210260168e-02  -7.419031911585475e-03  0
4.258096812081383e-02  -8.841657924586570e-03  0
4.422901766744979e-02  -9.995634637041128e-03  0
4.605241559330428e-02  -1.084589905134077e-02  0
4.799575886799999e-02  -1.136661631114103e-02  0
3.615699660298248e-02  -2.440894998182811e-03  0
3.679115990004910e-02  -4.807624637586660e-03  0
3.782666712187200e-02  -7.028277034971151e-03  0
3.923205490779384e-02  -9.035378793015050e-03  0
4.096462124643944e-02  -1.076794512531341e-02  0
4.297172299515479e-02  -1.217333289552378e-02  0
4.519237538576823e-02  -1.320884010845515e-02  0
4.755910501046780e-02  -1.384300339854756e-02  0
3.470029824043143e-02  -2.697750222806934e-03  0
3.540119450070935e-02  -5.313530670871635e-03  0
3.654566808128965e-02  -7.767862178077302e-03  0
3.809894473408430e-02  -9.986171125815834e-03  0
4.001382891779089e-02  -1.190105530250737e-02  0
4.223213785521911e-02  -1.345433193793735e-02  0
4.468646935494110e-02  -1.459880550869057e-02  0
4.730224978675410e-02  -1.529970176126048e-02  0
3.384341686818507e-02  -2.848841528324860e-03  0
3.458356781190372e-02  -5.611122449081617e-03  0
3.579213924926831e-02  -8.202912253375848e-03  0
3.743240935138903e-02  -1.054546072192773e-02  0
3.945453932411899e-02  -1.256759068724919e-02  0
4.179708778178370e-02  -1.420786077103214e-02  0
4.438887757817569e-02  -1.541643219801872e-02  0
4.715115848177109e-02  -1.615658313359709e-02  0
3.333936890048457e-02  -2.937718784792726e-03  0
3.410261083912022e-02  -5.786176471575052e-03  0
3.534888690572816e-02  -8.458824113996373e-03  0
3.704032963542171e-02  -1.087445466835674e-02  0
3.912554537912597e-02  -1.295967040442123e-02  0
4.154117592225965e-02  -1.465111311520478e-02  0
4.421382355653233e-02  -1.589738917111080e-02  0
4.706228122561806e-02  -1.666063110135209e-02  0
3.304287012562501e-02  -2.989999518659833e-03  0
3.381969500108791e-02  -5.889149415678641e-03  0
3.508815025914898e-02  -8.609360487532788e-03  0
3.680969453146140e-02  -1.106798049983157e-02  0
3.893201954849590e-02  -1.319030550909027e-02  0
4.139063954936826e-02  -1.491184976215609e-02  0
4.411085061292880e-02  -1.618030500932471e-02  0
4.701000049193616e-02  -1.695712987624379e-02  0
3.286845908326194e-02  -3.020752891228019e-03  0
3.365327392148781e-02  -5.949721735158897e-03  0
3.493477576263153e-02  -8.697911294646483e-03  0
3.667402682455000e-02  -1.118181922313720e-02  0
3.881818082568716e-02  -1.332597321641852e-02  0
4.130208874263398e-02  -1.506522425889239e-02  0
4.405027829374271e-02  -1.634672608903159e-02  0
4.697924711947691e-02  -1.713154091862571e-02  0
5.126192959883304e-02  -7.156758373487071e-03  0
5.248551610552767e-02  -6.828899356268866e-03  0
5.363358146341390e-02  -6.293547686132141e-03  0
5.467124228671922e-02  -5.566969752715325e-03  0
5.556696976968134e-02  -4.671242266499509e-03  0
5.629354769693388e-02  -3.633581444703250e-03  0
5.682889936092311e-02  -2.485516092736701e-03  0
5.715675837470684e-02  -1.261929591906471e-03  0
5.200424113981594e-02  -1.136661630976409e-02  0
5.394758442703957e-02  -1.084589904393862e-02  0
5.577098235953983e-02  -9.995634621462305e-03  0
5.741903191251557e-02  -8.841657896624760e-03  0
5.884165792356752e-02  -7.419031880404531e-03  0
5.999563463861407e-02  -5.770982329824877e-03  0
6.084589905132608e-02  -3.947584406725832e-03  0
6.136661631169611e-02  -2.004241128815573e-03  0
5.244089499905065e-02  -1.384300339686986e-02  0
5.480762463900734e-02  -1.320884009943907e-02  0
5.702827703771428e-02  -1.217333287654930e-02  0
5.903537879415065e-02  -1.076794509125804e-02  0
6.076794512407619e-02  -9.035378755039309e-03  0
6.217333289744446e-02  -7.028277001522172e-03  0
6.320884010844371e-02  -4.807624614265737e-03  0
6.384300339923162e-02  -2.440894985652605e-03  0
5.269775022376577e-02  -1.529970175940634e-02  0
5.531353067244116e-02  -1.459880549872588e-02  0
5.776786218110811e-02  -1.345433191696639e-02  0
5.998617112706957e-02  -1.190105526486856e-02  0
6.190105530113826e-02  -9.986171083844104e-03  0
6.345433194005803e-02  -7.767862141108648e-03  0
6.459880550867539e-02  -5.313530645096770e-03  0
6.529970176201355e-02  -2.697750208958236e-03  0
5.284884152933740e-02  -1.615658313163861e-02  0
5.561112245073907e-02  -1.541643218749512e-02  0
5.820291225657648e-02  -1.420786074888566e-02  0
6.054546072325195e-02  -1.256759064750131e-02  0
6.256759068580389e-02  -1.054546067760431e-02  0
6.420786077327247e-02  -8.202912214335868e-03  0
6.541643219800408e-02  -5.611122421862584e-03  0
6.615658313439435e-02  -2.848841513700228e-03  0
5.293771878583680e-02  -1.666063109933239e-02  0
5.578617647328410e-02  -1.589738916025869e-02  0
5.845882411729671e-02  -1.465111309236713e-02  0
6.087445466972208e-02  -1.295967036343304e-02  0
6.295967040293066e-02  -1.087445462265028e-02  0
6.465111311751484e-02  -8.458824073738228e-03  0
6.589738917109560e-02  -5.786176443506698e-03  0
6.666063110217423e-02  -2.937718769711761e-03  0
5.298999951972252e-02  -1.695712987418809e-02  0
5.588914941741814e-02  -1.618030499827938e-02  0
5.860936049089192e-02  -1.491184973891189e-02  0
6.106798050122130e-02  -1.319030546737251e-02  0
6.319030550757332e-02  -1.106798045331158e-02  0
6.491184976450748e-02  -8.609360446558093e-03  0
6.618030500930953e-02  -5.889149387110704e-03  0
6.695712987708094e-02  -2.989999503310444e-03  0
5.302075289230163e-02  -1.713154091654884e-02  0
5.594972173691630e-02  -1.634672607787258e-02  0
5.869791129804018e-02  -1.506522423540904e-02  0
6.118181922454127e-02  -1.332597317427159e-02  0
6.332597321488603e-02  -1.118181917613865e-02  0
6.506522426126807e-02  -8.697911253250276e-03  0
6.634672608901640e-02  -5.949721706297076e-03  0
6.713154091947168e-02  -3.020752875720729e-03  0
-1.784324162665519e-02  4.456319978885966e-02  0
-1.817110064353535e-02  4.578678629421312e-02  0
-1.870645231210462e-02  4.693485164958558e-02  0
-1.943303024649796e-02  4.797251247500936e-02  0
-2.032875773644862e-02  4.886823996138469e-02  0
-2.136641855658888e-02  4.959481788691127e-02  0
-2.251448390878022e-02  5.013016955070838e-02  0
-2.373807040782525e-02  5.045802856389441e-02  0
-1.363338369046135e-02  4.530551133031503e-02  0
-1.415410095574993e-02  4.724885461540773e-02  0
-1.500436537573680e-02  4.907225254391462e-02  0
-1.615834210212536e-02  5.072030210025411e-02  0
-1.758096812427746e-02  5.214292811672613e-02  0
-1.922901767222708e-02  5.329690482903054e-02  0
-2.105241559568322e-02  5.414716924143649e-02  0
-2.299575887075824e-02  5.466788650085630e-02  0
-1.115699660340430e-02  4.574216518982688e-02  0
-1.179115990018126e-02  4.810889482718726e-02  0
-1.282666712003924e-02  5.032954722102971e-02  0
-1.423205490721947e-02  5.233664898156151e-02  0
-1.596462125066247e-02  5.406921531808689e-02  0
-1.797172300097664e-02  5.547460308811446e-02  0
-2.019237538866803e-02  5.651011029873982e-02  0
-2.255910501382830e-02  5.714427358836934e-02  0
-9.700298240896514e-03  4.599902041470556e-02  0
-1.040119450085434e-02  4.861480086051143e-02  0
-1.154566807926302e-02  5.106913236380196e-02  0
-1.309894473344862e-02  5.328744131428988e-02  0
-1.501382892245757e-02  5.520232549565282e-02  0
-1.723213786165302e-02  5.675560213088037e-02  0
-1.968646935814566e-02  5.790007569908448e-02  0
-2.230224979046802e-02  5.860097195114231e-02  0
-8.843416868681122e-03  4.615011172037273e-02  0
-9.583567812061506e-03  4.891239263874352e-02  0
-1.079213924713250e-02  5.150418243890280e-02  0
-1.243240935072156e-02  5.384673091035752e-02  0
-1.445453932905024e-02  5.586886088061165e-02  0
-1.679708778858044e-02  5.750913096418050e-02  0
-1.938887758156142e-02  5.871770238847505e-02  0
-2.215115848569387e-02  5.945785332351265e-02  0
-8.339368900997284e-03  4.623898897692859e-02  0
-9.102610839284073e-03  4.908744666125030e-02  0
-1.034888690352678e-02  5.176009429940752e-02  0
-1.204032963473435e-02  5.417572485676111e-02  0
-1.412554538421185e-02  5.626094059791202e-02  0
-1.654117592926905e-02  5.795238330847473e-02  0
-1.921382356002412e-02  5.919865936160466e-02  0
-2.206228122966343e-02  5.996190129128828e-02  0
-8.042870126147430e-03  4.629126971084745e-02  0
-8.819695001255234e-03  4.919041960536178e-02  0
-1.008815025690893e-02  5.191063067287585e-02  0
-1.180969453076225e-02  5.436925068822107e-02  0
-1.393201955367266e-02  5.649157570265666e-02  0
-1.639063955650269e-02  5.821311995549764e-02  0
-1.911085061648293e-02  5.948157519984075e-02  0
-2.201000049605362e-02  6.025840006619222e-02  0
-7.868459083790136e-03  4.632202308344609e-02  0
-8.653273921657240e-03  4.925099192484666e-02  0
-9.934775760368796e-03  5.199918147994945e-02  0
-1.167402682384399e-02  5.448308941151789e-02  0
-1.381818083091742e-02  5.662724341002930e-02  0
-1.630208874984198e-02  5.836649445227599e-02  0
-1.905027829733353e-02  5.964799627956058e-02  0
-2.197924712363680e-02  6.043281110858124e-02  0
-2.626192959962389e-02  5.045802856258229e-02  0
-2.748551610699554e-02  5.013016954496897e-02  0
-2.863358146638099e-02  4.959481787365295e-02  0
-2.967124228666786e-02  4.886823994199151e-02  0
-3.056696977395224e-02  4.797251245064160e-02  0
-3.129354769828609e-02  4.693485163159140e-02  0
-3.182889936090422e-02  4.578678628201599e-02  0
-3.215675837418884e-02  4.456319978406419e-02  0
-2.700424114107190e-02  5.466788649877096e-02  0
-2.894758442937079e-02  5.414716923231860e-02  0
-3.077098236425225e-02  5.329690480797032e-02  0
-3.241903191243432e-02  5.214292808592211e-02  0
-3.384165793035163e-02  5.072030206154948e-02  0
-3.499563464076355e-02  4.907225251533320e-02  0
-3.584589905129921e-02  4.724885459603406e-02  0
-3.636661631087826e-02  4.530551132269778e-02  0
-2.744089500057949e-02  5.714427358582962e-02  0
-2.980762464184493e-02  5.651011028763535e-02  0
-3.202827704345110e-02  5.547460306246581e-02  0
-3.403537879404866e-02  5.406921528057163e-02  0
-3.576794513233456e-02  5.233664893442440e-02  0
-3.717333290005774e-02  5.032954718622129e-02  0
-3.820884010840575e-02  4.810889480359266e-02  0
-3.884300339822965e-02  4.574216518055008e-02  0
-2.769775022545521e-02  5.860097194833498e-02  0
-3.031353067557679e-02  5.790007568681088e-02  0
-3.276786218744781e-02  5.675560210253196e-02  0
-3.498617112695587e-02  5.520232545418904e-02  0
-3.690105531026455e-02  5.328744126219175e-02  0
-3.845433194294520e-02  5.106913232533003e-02  0
-3.959880550863241e-02  4.861480083443354e-02  0
-4.029970176090528e-02  4.599902040445233e-02  0
-2.784884153112156e-02  5.945785332054777e-02  0
-3.061112245405053e-02  5.871770237551353e-02  0
-3.320291226327164e-02  5.750913093424379e-02  0
-3.554546072313246e-02  5.586886083682494e-02  0
-3.756759069544216e-02  5.384673085534094e-02  0
-3.920786077632250e-02  5.150418239827566e-02  0
-4.041643219796027e-02  4.891239261120471e-02  0
-4.115658313322610e-02  4.615011170954507e-02  0
-2.793771878767670e-02  5.996190128823081e-02  0
-3.078617647669906e-02  5.919865934823862e-02  0
-3.345882412420102e-02  5.795238327760383e-02  0
-3.587445466959929e-02  5.626094055275908e-02  0
-3.795967041287018e-02  5.417572480002796e-02  0
-3.965111312066073e-02  5.176009425751273e-02  0
-4.089738917105133e-02  4.908744663285224e-02  0
-4.166063110097064e-02  4.623898896576303e-02  0
-2.798999952159513e-02  6.025840006308030e-02  0
-3.088914942089382e-02  5.948157518623676e-02  0
-3.360936049791904e-02  5.821311992407726e-02  0
-3.606798050109623e-02  5.649157565670002e-02  0
-3.819030551768963e-02  5.436925063047816e-02  0
-3.991184976770927e-02  5.191063063023540e-02  0
-4.118030500926441e-02  4.919041957645828e-02  0
-4.195712987585593e-02  4.629126969948318e-02  0
-2.802075289419351e-02  6.043281110543726e-02  0
-3.094972174042773e-02  5.964799626581659e-02  0
-3.369791130513958e-02  5.836649442053236e-02  0
-3.618181922441494e-02  5.662724336359990e-02  0
-3.832597322510643e-02  5.448308935318100e-02  0
-4.006522426450286e-02  5.199918143687038e-02  0
-4.134672608897093e-02  4.925099189564582e-02  0
-4.213154091823421e-02  4.632202307196490e-02  0
-3.215675837320348e-02  4.203934053472398e-02  0
-3.182889935588802e-02  4.081575397450020e-02  0
-3.129354768773186e-02  3.966768856634770e-02  0
-3.056696975371464e-02  3.863002768738099e-02  0
-2.967124226529606e-02  3.773430014813740e-02  0
-2.863358144546276e-02  3.700772216825285e-02  0
-2.748551609383683e-02  3.647237045014542e-02  0
-2.626192959258346e-02  3.614451138200075e-02  0
-3.636661630931473e-02  4.129702898045814e-02  0
-3.584589904333474e-02  3.935368562767869e-02  0
-3.499563462400397e-02  3.753028763480494e-02  0
-3.384165789821272e-02  3.588223801288695e-02  0
-3.241903187849387e-02  3.445961193190795e-02  0
-3.077098233103170e-02  3.330563515273056e-02  0
-2.894758440847346e-02  3.245537067352735e-02  0
-2.700424112989098e-02  3.193465334628059e-02  0
-3.884300339632581e-02  4.086037512345432e-02  0
-3.820884009870669e-02  3.849364542091178e-02  0
-3.717333287964754e-02  3.627299296593036e-02  0
-3.576794509319447e-02  3.426589114278400e-02  0
-3.403537875271447e-02  3.253332474494912e-02  0
-3.202827700299354e-02  3.112793691073064e-02  0
-2.980762461639523e-02  3.009242963600664e-02  0
-2.744089498696288e-02  2.945826628102455e-02  0
-4.029970175880104e-02  4.060351991718788e-02  0
-3.959880549791262e-02  3.798773942481000e-02  0
-3.845433192038714e-02  3.553340787941607e-02  0
-3.690105526700566e-02  3.331509888519387e-02  0
-3.498617108127203e-02  3.140021466153889e-02  0
-3.276786214273283e-02  2.984693798083463e-02  0
-3.031353064744897e-02  2.870246436725567e-02  0
-2.769775021040568e-02  2.800156806843697e-02  0
-4.115658313100485e-02  4.045242861530261e-02  0
-4.041643218664150e-02  3.769014765414055e-02  0
-3.920786075250277e-02  3.509835781590894e-02  0
-3.756759064976230e-02  3.275580930465972e-02  0
-3.554546067489171e-02  3.073367929613426e-02  0
-3.320291221605377e-02  2.909340917093109e-02  0
-3.061112242434839e-02  2.788483770510999e-02  0
-2.784884151522970e-02  2.714468672708234e-02  0
-4.166063109868033e-02  4.036355137363240e-02  0
-4.089738915937983e-02  3.751509366140435e-02  0
-3.965111309609838e-02  3.484244600020701e-02  0
-3.795967036576572e-02  3.242681541803737e-02  0
-3.587445461985403e-02  3.034159965364113e-02  0
-3.345882407551047e-02  2.865015691636529e-02  0
-3.078617644607057e-02  2.740388083663333e-02  0
-2.793771877128921e-02  2.664063887883859e-02  0
-4.195712987352495e-02  4.031127064885661e-02  0
-4.118030499738537e-02  3.741212073557858e-02  0
-3.991184974271000e-02  3.469190965425364e-02  0
-3.819030546974711e-02  3.223328962329004e-02  0
-3.606798045046590e-02  3.011096459483477e-02  0
-3.360936044836214e-02  2.838942032444455e-02  0
-3.088914938972039e-02  2.712096506266534e-02  0
-2.798999950491605e-02  2.634414017734181e-02  0
-4.213154091587935e-02  4.028051728177261e-02  0
-4.134672607696985e-02  3.735154842712277e-02  0
-4.006522423924663e-02  3.460335886377444e-02  0
-3.832597317667098e-02  3.211945092213438e-02  0
-3.618181917326402e-02  2.997529691516650e-02  0
-3.369791125507312e-02  2.823604586089751e-02  0
-3.094972170893377e-02  2.695454402170491e-02  0
-2.802075287734293e-02  2.616972917922451e-02  0
-2.373807036983511e-02  3.614451133657510e-02  0
-2.251448383434709e-02  3.647237037625536e-02  0
-2.136641845400428e-02  3.700772208242966e-02  0
-2.032875761586154e-02  3.773430006440457e-02  0
-1.943303012558395e-02  3.863002761259531e-02  0
-1.870645220554299e-02  3.966768850201525e-02  0
-1.817110056051874e-02  4.081575392933699e-02  0
-1.784324157911973e-02  4.203934050989280e-02  0
-2.299575882137476e-02  3.193465329093487e-02  0
-2.105241549844935e-02  3.245537058453317e-02  0
-1.922901753849144e-02  3.330563505134233e-02  0
-1.758096796749800e-02  3.445961183578923e-02  0
-1.615834194695406e-02  3.588223792885101e-02  0
-1.500436524141095e-02  3.753028756182279e-02  0
-1.415410085226054e-02  3.935368557693240e-02  0
-1.363338363176472e-02  4.129702895197419e-02  0
-2.255910496339555e-02  2.945826622851379e-02  0
-2.019237528885042e-02  3.009242955276348e-02  0
-1.797172286398176e-02  3.112793681820696e-02  0
-1.596462109052151e-02  3.253332466057111e-02  0
-1.423205475092280e-02  3.426589107123537e-02  0
-1.282666698740142e-02  3.627299290292550e-02  0
-1.179115979928446e-02  3.849364537771012e-02  0
-1.115699654681232e-02  4.086037509847456e-02  0
-2.230224974906328e-02  2.800156803238712e-02  0
-1.968646927528494e-02  2.870246431236711e-02  0
-1.723213774844636e-02  2.984693792427187e-02  0
-1.501382879093020e-02  3.140021461653025e-02  0
-1.309894460895418e-02  3.331509885158058e-02  0
-1.154566797836575e-02  3.553340784798469e-02  0
-1.040119442645511e-02  3.798773940452242e-02  0
-9.700298200336374e-03  4.060351990391430e-02  0
-2.215115844556656e-02  2.714468669453005e-02  0
-1.938887750094923e-02  2.788483765645950e-02  0
-1.679708767861806e-02  2.909340912266615e-02  0
-1.445453920156272e-02  3.073367926071068e-02  0
-1.243240923135933e-02  3.275580928057115e-02  0
-1.079213915204896e-02  3.509835779230269e-02  0
-9.583567742806769e-03  3.769014763960665e-02  0
-8.843416831365400e-03  4.045242860488230e-02  0
-2.206228119741348e-02  2.664063885927323e-02  0
-1.921382349438526e-02  2.740388081010182e-02  0
-1.654117584020629e-02  2.865015689569751e-02  0
-1.412554528170139e-02  3.034159964784013e-02  0
-1.204032954237572e-02  3.242681542215195e-02  0
-1.034888683457947e-02  3.484244600019473e-02  0
-9.102610791505268e-03  3.751509366390543e-02  0
-8.339368876519754e-03  4.036355137201635e-02  0
-2.201000046865510e-02  2.634414016574968e-02  0
-1.911085056006894e-02  2.712096504970855e-02  0
-1.639063948031399e-02  2.838942032070429e-02  0
-1.393201946654501e-02  3.011096460719145e-02  0
-1.180969445502079e-02  3.223328964468508e-02  0
-1.008815020402984e-02  3.469190966870028e-02  0
-8.819694966672953e-03  3.741212074851723e-02  0
-8.042870109555660e-03  4.031127065263718e-02  0
-2.197924709916882e-02  2.616972917244027e-02  0
-1.905027824649297e-02  2.695454401693205e-02  0
-1.630208868143085e-02  2.823604586735937e-02  0
-1.381818075308195e-02  2.997529693846260e-02  0
-1.167402675813571e-02  3.211945095393788e-02  0
-9.934775717186317e-03  3.460335888693093e-02  0
-8.653273895036367e-03  3.735154844634823e-02  0
-7.868459071954799e-03  4.028051728880446e-02  0
-1.784324162672013e-02  -4.203934053513827e-02  0
-1.817110064379117e-02  -4.081575397537257e-02  0
-1.870645231266561e-02  -3.966768856565368e-02  0
-1.943303024745956e-02  -3.863002768597792e-02  0
-2.032875773578589e-02  -3.773430014722702e-02  0
-2.136641855563623e-02  -3.700772216761671e-02  0
-2.251448390784073e-02  -3.647237044953389e-02  0
-2.373807040766570e-02  -3.614451138195640e-02  0
-1.363338369056449e-02  -4.129702898111613e-02  0
-1.415410095615624e-02  -3.935368562906429e-02  0
-1.500436537662779e-02  -3.753028763370274e-02  0
-1.615834210365260e-02  -3.588223801065864e-02  0
-1.758096812322489e-02  -3.445961193046216e-02  0
-1.922901767071404e-02  -3.330563515172033e-02  0
-2.105241559419109e-02  -3.245537067255617e-02  0
-2.299575887050485e-02  -3.193465334621019e-02  0
-1.115699660352992e-02  -4.086037512425584e-02  0
-1.179115990067610e-02  -3.849364542259960e-02  0
-1.282666712112435e-02  -3.627299296458851e-02  0
-1.423205490907945e-02  -3.426589114007078e-02  0
-1.596462124938058e-02  -3.253332474318896e-02  0
-1.797172299913397e-02  -3.112793690950089e-02  0
-2.019237538685081e-02  -3.009242963482434e-02  0
-2.255910501351969e-02  -2.945826628093909e-02  0
-9.700298241035349e-03  -4.060351991807348e-02  0
-1.040119450140125e-02  -3.798773942667494e-02  0
-1.154566808046231e-02  -3.553340787793232e-02  0
-1.309894473550431e-02  -3.331509888219431e-02  0
-1.501382892104079e-02  -3.140021465959262e-02  0
-1.723213785961646e-02  -2.984693797947464e-02  0
-1.968646935613722e-02  -2.870246436594827e-02  0
-2.230224979012694e-02  -2.800156806834211e-02  0
-8.843416868827728e-03  -4.045242861623814e-02  0
-9.583567812639048e-03  -3.769014765611057e-02  0
-1.079213924839896e-02  -3.509835781434301e-02  0
-1.243240935289239e-02  -3.275580930149323e-02  0
-1.445453932755412e-02  -3.073367929408011e-02  0
-1.679708778642980e-02  -2.909340916949601e-02  0
-1.938887757944049e-02  -2.788483770373025e-02  0
-2.215115848533369e-02  -2.714468672698269e-02  0
-8.339368901148466e-03  -4.036355137459723e-02  0
-9.102610839879628e-03  -3.751509366343601e-02  0
-1.034888690483275e-02  -3.484244599859244e-02  0
-1.204032963697291e-02  -3.242681541477238e-02  0
-1.412554538266905e-02  -3.034159965152322e-02  0
-1.654117592705132e-02  -2.865015691488572e-02  0
-1.921382355783701e-02  -2.740388083521078e-02  0
-2.206228122929202e-02  -2.664063887873597e-02  0
-8.042870126301302e-03  -4.031127064983864e-02  0
-8.819695001861392e-03  -3.741212073764646e-02  0
-1.008815025823815e-02  -3.469190965261042e-02  0
-1.180969453304065e-02  -3.223328961996706e-02  0
-1.393201955210241e-02  -3.011096459267926e-02  0
-1.639063955424550e-02  -2.838942032293875e-02  0
-1.911085061425692e-02  -2.712096506121755e-02  0
-2.201000049567560e-02  -2.634414017723742e-02  0
-7.868459083945595e-03  -4.028051728276479e-02  0
-8.653273922269632e-03  -3.735154842921196e-02  0
-9.934775761711678e-03  -3.460335886211439e-02  0
-1.167402682614582e-02  -3.211945091877731e-02  0
-1.381818082933102e-02  -2.997529691298892e-02  0
-1.630208874756157e-02  -2.823604585937631e-02  0
-1.905027829508461e-02  -2.695454402024230e-02  0
-2.197924712325489e-02  -2.616972917911908e-02  0
-2.626192962993694e-02  -3.614451133653497e-02  0
-2.748551616521787e-02  -3.647237037609730e-02  0
-2.863358154727819e-02  -3.700772208317075e-02  0
-2.967124238377272e-02  -3.773430006409893e-02  0
-3.056696987589708e-02  -3.863002761436257e-02  0
-3.129354779502214e-02  -3.966768850299796e-02  0
-3.182889943957500e-02  -4.081575392960170e-02  0
-3.215675842083868e-02  -4.203934050967387e-02  0
-2.700424117826326e-02  -3.193465329087114e-02  0
-2.894758450085984e-02  -3.245537058428212e-02  0
-3.077098246354562e-02  -3.330563505251936e-02  0
-3.241903203192137e-02  -3.445961183530381e-02  0
-3.384165805539847e-02  -3.588223793165782e-02  0
-3.499563475948698e-02  -3.753028756338356e-02  0
-3.584589914788876e-02  -3.935368557735283e-02  0
-3.636661636816974e-02  -4.129702895162648e-02  0
-2.744089503616394e-02  -2.945826622843618e-02  0
-2.980762471030890e-02  -3.009242955245774e-02  0
-3.202827713850007e-02  -3.112793681964041e-02  0
-3.403537890877265e-02  -3.253332465997994e-02  0
-3.576794525194386e-02  -3.426589107465367e-02  0
-3.717333301369405e-02  -3.627299290482631e-02  0
-3.820884020089960e-02  -3.849364537822213e-02  0
-3.884300345311038e-02  -4.086037509805109e-02  0
-2.769775025044938e-02  -2.800156803230133e-02  0
-3.031353072378498e-02  -2.870246431202918e-02  0
-3.276786225429523e-02  -2.984693792585617e-02  0
-3.498617120828781e-02  -3.140021461587687e-02  0
-3.690105539421180e-02  -3.331509885535860e-02  0
-3.845433202284217e-02  -3.553340785008552e-02  0
-3.959880557374504e-02  -3.798773940508832e-02  0
-4.029970179957446e-02  -4.060351990344627e-02  0
-2.784884155391941e-02  -2.714468669443946e-02  0
-3.061112249806980e-02  -2.788483765610267e-02  0
-3.320291232427888e-02  -2.909340912433919e-02  0
-3.554546079761388e-02  -3.073367926002070e-02  0
-3.756759077198697e-02  -3.275580928456077e-02  0
-3.920786084923025e-02  -3.509835779452118e-02  0
-4.041643225740881e-02  -3.769014764020424e-02  0
-4.115658316854525e-02  -4.045242860438807e-02  0
-2.793771880205662e-02  -2.664063885917982e-02  0
-3.078617650460350e-02  -2.740388080973386e-02  0
-3.345882416278152e-02  -2.865015689742275e-02  0
-3.587445471745019e-02  -3.034159964712863e-02  0
-3.795967046107580e-02  -3.242681542626603e-02  0
-3.965111316674061e-02  -3.484244600248244e-02  0
-4.089738920871818e-02  -3.751509366452167e-02  0
-4.166063112338940e-02  -4.036355137150668e-02  0
-2.798999953080562e-02  -2.634414016565460e-02  0
-3.088914943890193e-02  -2.712096504933404e-02  0
-3.360936052272717e-02  -2.838942032246022e-02  0
-3.606798053259170e-02  -3.011096460646730e-02  0
-3.819030554849243e-02  -3.223328964887237e-02  0
-3.991184979731407e-02  -3.469190967102870e-02  0
-4.118030503355485e-02  -3.741212074914444e-02  0
-4.195712989035234e-02  -4.031127065211844e-02  0
-2.802075290028642e-02  -2.616972917234422e-02  0
-3.094972175246744e-02  -2.695454401655367e-02  0
-3.369791132164175e-02  -2.823604586913335e-02  0
-3.618181924604609e-02  -2.997529693773100e-02  0
-3.832597324541392e-02  -3.211945095816826e-02  0
-4.006522428417174e-02  -3.460335888928330e-02  0
-4.134672610519415e-02  -3.735154844698189e-02  0
-4.213154092795269e-02  -4.028051728828037e-02  0
-3.215675837319476e-02  -4.456319978969175e-02  0
-3.182889935585362e-02  -4.578678629588288e-02  0
-3.129354768765646e-02  -4.693485164999385e-02  0
-3.056696975358537e-02  -4.797251247490633e-02  0
-2.967124226480224e-02  -4.886823996033260e-02  0
-2.863358144569046e-02  -4.959481788559365e-02  0
-2.748551609433247e-02  -5.013016954957449e-02  0
-2.626192959309075e-02  -5.045802856373245e-02  0
-3.636661630930086e-02  -4.530551133163662e-02  0
-3.584589904328012e-02  -4.724885461805974e-02  0
-3.499563462388419e-02  -4.907225254456313e-02  0
-3.384165789800740e-02  -5.072030210009056e-02  0
-3.241903187770955e-02  -5.214292811505527e-02  0
-3.077098233139334e-02  -5.329690482693796e-02  0
-2.894758440926067e-02  -5.414716923963570e-02  0
-2.700424113069666e-02  -5.466788650059916e-02  0
-3.884300339630894e-02  -4.574216519143660e-02  0
-3.820884009864016e-02  -4.810889483041741e-02  0
-3.717333287950166e-02  -5.032954722181997e-02  0
-3.576794509294442e-02  -5.233664898136292e-02  0
-3.403537875175927e-02  -5.406921531605259e-02  0
-3.202827700343398e-02  -5.547460308556654e-02  0
-2.980762461735393e-02  -5.651011029654716e-02  0
-2.744089498794409e-02  -5.714427358805646e-02  0
-4.029970175878239e-02  -4.599902041648439e-02  0
-3.959880549783910e-02  -4.861480086408097e-02  0
-3.845433192022594e-02  -5.106913236467470e-02  0
-3.690105526672929e-02  -5.328744131406953e-02  0
-3.498617108021632e-02  -5.520232549340358e-02  0
-3.276786214321960e-02  -5.675560212806349e-02  0
-3.031353064850855e-02  -5.790007569666041e-02  0
-2.769775021149016e-02  -5.860097195079610e-02  0
-4.115658313098514e-02  -4.615011172225154e-02  0
-4.041643218656385e-02  -4.891239264251364e-02  0
-3.920786075233251e-02  -5.150418243982530e-02  0
-3.756759064947046e-02  -5.384673091012591e-02  0
-3.554546067377688e-02  -5.586886087823754e-02  0
-3.320291221656781e-02  -5.750913096120696e-02  0
-3.061112242546732e-02  -5.871770238591609e-02  0
-2.784884151637491e-02  -5.945785332314756e-02  0
-4.166063109866001e-02  -4.623898897886611e-02  0
-4.089738915929977e-02  -4.908744666513822e-02  0
-3.965111309592282e-02  -5.176009430035902e-02  0
-3.795967036546478e-02  -5.417572485652260e-02  0
-3.587445461870441e-02  -5.626094059546419e-02  0
-3.345882407604055e-02  -5.795238330540870e-02  0
-3.078617644722441e-02  -5.919865935896611e-02  0
-2.793771877247014e-02  -5.996190129091195e-02  0
-4.195712987350427e-02  -4.629126971281948e-02  0
-4.118030499730390e-02  -4.919041960931896e-02  0
-3.991184974253132e-02  -5.191063067384438e-02  0
-3.819030546944081e-02  -5.436925068797839e-02  0
-3.606798044929582e-02  -5.649157570016536e-02  0
-3.360936044890165e-02  -5.821311995237716e-02  0
-3.088914939089477e-02  -5.948157519715531e-02  0
-2.798999950611801e-02  -6.025840006580924e-02  0
-4.213154091585845e-02  -4.632202308543841e-02  0
-4.134672607688752e-02  -4.925099192884458e-02  0
-4.006522423906612e-02  -5.199918148092804e-02  0
-3.832597317636154e-02  -5.448308941127281e-02  0
-3.618181917208191e-02  -5.662724340751248e-02  0
-3.369791125561819e-02  -5.836649444912349e-02  0
-3.094972171012023e-02  -5.964799627684761e-02  0
-2.802075287855725e-02  -6.043281110819436e-02  0
-2.373807040014816e-02  -5.045802856254217e-02  0
-2.251448389256942e-02  -5.013016954481092e-02  0
-2.136641853490149e-02  -4.959481787439404e-02  0
-2.032875771296641e-02  -4.886823994168588e-02  0
-1.943303022752879e-02  -4.797251245240886e-02  0
-1.870645230227905e-02  -4.693485163257411e-02  0
-1.817110063918952e-02  -4.578678628228070e-02  0
-1.784324162576957e-02  -4.456319978384526e-02  0
-2.299575885856613e-02  -5.466788649870723e-02  0
-2.105241556993840e-02  -5.414716923206758e-02  0
-1.922901763778482e-02  -5.329690480914735e-02  0
-1.758096808698506e-02  -5.214292808543670e-02  0
-1.615834207200091e-02  -5.072030206435629e-02  0
-1.500436536013438e-02  -4.907225251689398e-02  0
-1.415410094885010e-02  -4.724885459645450e-02  0
-1.363338368905617e-02  -4.530551132235007e-02  0
-2.255910499897999e-02  -5.714427358575201e-02  0
-2.019237535731439e-02  -5.651011028732961e-02  0
-1.797172295903073e-02  -5.547460306389927e-02  0
-1.596462120524550e-02  -5.406921527998044e-02  0
-1.423205487053210e-02  -5.233664893784271e-02  0
-1.282666710103774e-02  -5.032954718812210e-02  0
-1.179115989177831e-02  -4.810889480410471e-02  0
-1.115699660169306e-02  -4.574216518012661e-02  0
-2.230224977405745e-02  -5.860097194824919e-02  0
-1.968646932349312e-02  -5.790007568647296e-02  0
-1.723213781529378e-02  -5.675560210411627e-02  0
-1.501382887226211e-02  -5.520232545353566e-02  0
-1.309894469290142e-02  -5.328744126596978e-02  0
-1.154566805826274e-02  -5.106913232743087e-02  0
-1.040119449156775e-02  -4.861480083499946e-02  0
-9.700298239005554e-03  -4.599902040398429e-02  0
-2.215115846836441e-02  -5.945785332045721e-02  0
-1.938887754496849e-02  -5.871770237515672e-02  0
-1.679708773962530e-02  -5.750913093591681e-02  0
-1.445453927604416e-02  -5.586886083613498e-02  0
-1.243240930790413e-02  -5.384673085933057e-02  0
-1.079213922495670e-02  -5.150418240049416e-02  0
-9.583567802255322e-03  -4.891239261180235e-02  0
-8.843416866684550e-03  -4.615011170905083e-02  0
-2.206228121179340e-02  -5.996190128813741e-02  0
-1.921382352228970e-02  -5.919865934787066e-02  0
-1.654117587878679e-02  -5.795238327932906e-02  0
-1.412554532955230e-02  -5.626094055204757e-02  0
-1.204032959058134e-02  -5.417572480414205e-02  0
-1.034888688065935e-02  -5.176009425980044e-02  0
-9.102610829172126e-03  -4.908744663346850e-02  0
-8.339368898938528e-03  -4.623898896525339e-02  0
-2.201000047786560e-02  -6.025840006298522e-02  0
-1.911085057807705e-02  -5.948157518586224e-02  0
-1.639063950512212e-02  -5.821311992583318e-02  0
-1.393201949804047e-02  -5.649157565597587e-02  0
-1.180969448582359e-02  -5.436925063466545e-02  0
-1.008815023363464e-02  -5.191063063256382e-02  0
-8.819694990963415e-03  -4.919041957708550e-02  0
-8.042870124052083e-03  -4.629126969896445e-02  0
-2.197924710526172e-02  -6.043281110534121e-02  0
-1.905027825853266e-02  -5.964799626543824e-02  0
-1.630208869793301e-02  -5.836649442230635e-02  0
-1.381818077471311e-02  -5.662724336286830e-02  0
-1.167402677844319e-02  -5.448308935741136e-02  0
-9.934775736855202e-03  -5.199918143922273e-02  0
-8.653273911259623e-03  -4.925099189627949e-02  0
-7.868459081673277e-03  -4.632202307144084e-02  0
Edges
192
3  28  2
28  29  2
29  30  2
30  31  2
31  32  2
32  33  2
4  33  2
4  34  2
34  35  2
35  36  2
36  37  2
37  38  2
38  39  2
1  39  2
1  40  2
40  41  2
41  42  2
42  43  2
43  44  2
44  45  2
2  45  2
2  46  2
46  47  2
47  48  2
48  49  2
49  50  2
50  51  2
3  51  2
6  52  3
52  53  3
53  54  3
54  55  3
55  56  3
56  57  3
7  57  3
7  58  3
58  59  3
59  60  3
60  61  3
61  62  3
62  63  3
8  63  3
8  64  3
64  65  3
65  66  3
66  67  3
67  68  3
68  69  3
5  69  3
5  70  3
70  71  3
71  72  3
72  73  3
73  74  3
74  75  3
6  75  3
9  124  1
124  125  1
125  126  1
126  127  1
127  128  1
128  129  1
10  129  1
10  130  1
130  131  1
131  132  1
132  133  1
133  134  1
134  135  1
11  135  1
11  136  1
136  137  1
137  138  1
138  139  1
139  140  1
140  141  1
12  141  1
12  142  1
142  143  1
143  144  1
144  145  1
145  146  1
146  147  1
9  147  1
14  152  4
152  153  4
153  154  4
154  155  4
155  156  4
156  157  4
157  158  4
158  159  4
15  159  4
15  160  4
160  161  4
161  162  4
162  163  4
163  164  4
164  165  4
165  166  4
166  167  4
16  167  4
16  168  4
168  169  4
169  170  4
170  171  4
171  172  4
172  173  4
173  174  4
174  175  4
17  175  4
17  176  4
176  177  4
177  178  4
178  179  4
179  180  4
180  181  4
181  182  4
182  183  4
14  183  4
19  184  5
184  185  5
185  186  5
186  187  5
187  188  5
188  189  5
189  190  5
190  191  5
20  191  5
20  192  5
192  193  5
193  194  5
194  195  5
195  196  5
196  197  5
197  198  5
198  199  5
21  199  5
21  200  5
200  201  5
201  202  5
202  203  5
203  204  5
204  205  5
205  206  5
206  207  5
22  207  5
22  208  5
208  209  5
209  210  5
210  211  5
211  212  5
212  213  5
213  214  5
214  215  5
19  215  5
24  216  6
216  217  6
217  218  6
218  219  6
219  220  6
220  221  6
221  222  6
222  223  6
25  223  6
25  224  6
224  225  6
225  226  6
226  227  6
227  228  6
228  229  6
229  230  6
230  231  6
26  231  6
26  232  6
232  233  6
233  234  6
234  235  6
235  236  6
236  237  6
237  238  6
238  239  6
27  239  6
27  240  6
240  241  6
241  242  6
242  243  6
243  244  6
244  245  6
245  246  6
246  247  6
24  247  6
Triangles
356
392  1022  1115  1
12  393  948  1
968  644  969  1
644  795  1060  1
606  648  803  1
966  387  1038  1
767  353  805  1
133  134  398  1
767  682  801  1
1005  966  1069  1
812  806  967  1
948  987  1116  1
549  534  633  1
752  377  990  1
662  664  669  1
764  396  824  1
703  671  1006  1
648  915  1100  1
220  219  717  1
168  16  721  1
213  212  730  1
209  208  726  1
750  990  1070  1
448  479  818  1
718  717  736  1
226  225  732  1
1043  587  1071  1
927  360  1085  1
378  787  961  1
207  206  727  1
585  621  629  1
666  668  672  1
484  532  533  1
694  833  896  1
681  753  824  1
557  564  565  1
780  592  782  1
741  601  839  1
668  675  837  1
539  540  617  1
185  184  773  1
610  612  731  1
630  785  833  1
527  478  819  1
675  667  676  1
567  566  568  1
803  354  841  1
989  377  1105  1
566  564  835  1
572  849  850  1
863  885  891  1
581  847  866  1
562  601  640  1
576  573  850  1
575  576  873  1
206  205  1139  1
853  851  870  1
851  850  859  1
515  522  551  1
855  857  867  1
583  602  683  1
204  203  733  1
482  862  891  1
493  495  496  1
489  490  491  1
491  492  493  1
880  879  881  1
496  497  517  1
456  457  460  1
413  415  416  1
460  462  482  1
417  486  883  1
169  168  359  1
224  25  354  1
221  220  350  1
214  213  353  1
22  207  357  1
16  167  351  1
212  211  360  1
411  413  883  1
211  210  758  1
852  854  861  1
476  488  489  1
457  546  893  1
844  880  919  1
452  498  499  1
465  464  466  1
486  419  905  1
501  500  502  1
25  223  754  1
412  410  414  1
637  638  913  1
625  626  627  1
442  459  924  1
208  22  745  1
559  560  561  1
1084  385  1090  1
438  440  921  1
621  586  622  1
558  537  559  1
444  443  445  1
682  622  684  1
774  773  775  1
227  226  345  1
24  247  348  1
184  19  346  1
162  161  349  1
468  467  469  1
815  579  957  1
738  600  923  1
215  214  801  1
685  694  695  1
605  603  677  1
144  145  772  1
627  628  652  1
602  603  604  1
911  909  931  1
19  215  744  1
128  129  786  1
225  224  757  1
173  172  739  1
356  829  1102  1
172  171  716  1
126  127  771  1
444  446  941  1
470  469  471  1
11  136  787  1
574  623  994  1
925  459  954  1
655  616  656  1
349  799  1075  1
163  162  760  1
756  620  1054  1
569  571  994  1
131  132  963  1
864  835  1007  1
164  163  896  1
603  584  929  1
487  886  1008  1
770  633  953  1
730  759  1123  1
981  388  983  1
842  743  1074  1
405  407  1018  1
134  135  798  1
940  348  1059  1
472  471  473  1
802  736  1018  1
543  525  715  1
1043  541  1067  1
593  938  1016  1
724  725  1134  1
504  506  939  1
448  449  450  1
974  729  1103  1
936  740  1051  1
721  722  1121  1
606  605  607  1
170  169  999  1
506  507  508  1
723  804  1122  1
538  1048  1111  1
161  160  790  1
794  366  796  1
1010  455  1014  1
1008  634  1020  1
614  611  1031  1
512  939  1079  1
830  775  1140  1
586  532  991  1
203  202  362  1
563  620  642  1
993  1024  1028  1
1029  764  1101  1
830  1047  1048  1
535  549  550  1
186  185  365  1
246  245  367  1
661  670  671  1
191  190  1038  1
1025  992  1029  1
160  15  364  1
17  175  366  1
1031  639  1083  1
954  941  1045  1
608  607  609  1
373  809  956  1
952  976  1131  1
202  201  808  1
236  235  1086  1
770  942  1082  1
700  984  1061  1
710  650  1032  1
235  234  1087  1
1016  719  1076  1
27  239  1109  1
507  588  1034  1
784  845  1059  1
1056  869  1079  1
451  707  973  1
642  749  750  1
989  624  1071  1
734  1006  1106  1
749  751  988  1
1002  949  1077  1
158  157  380  1
178  177  379  1
728  974  1132  1
658  661  1072  1
781  777  782  1
691  828  1083  1
799  790  813  1
976  140  1002  1
768  651  1054  1
21  199  372  1
776  774  777  1
981  832  982  1
783  371  985  1
523  967  1138  1
831  980  1097  1
198  197  384  1
778  1041  1125  1
544  631  1068  1
746  713  747  1
892  965  1050  1
962  710  1124  1
375  1027  1069  1
762  641  1057  1
613  615  1057  1
587  563  1070  1
1094  382  1095  1
985  751  1066  1
194  193  1049  1
390  1086  1131  1
1042  398  1053  1
696  991  1111  1
705  996  1117  1
383  933  934  1
1063  684  1140  1
1030  776  1125  1
1098  980  1099  1
752  1127  1128  1
907  1001  1073  1
982  1095  1096  1
152  14  388  1
14  183  389  1
192  20  387  1
810  363  996  1
13  248  1453  4
13  1453  1454  4
13  1454  1455  4
13  1455  1456  4
13  1456  1457  4
13  1457  1458  4
13  1458  1459  4
13  1459  1460  4
13  1460  256  4
13  256  1517  4
13  1517  1518  4
13  1518  1519  4
13  1519  1520  4
13  1520  1521  4
13  1521  1522  4
13  1522  1523  4
13  1523  1524  4
13  1524  264  4
13  264  1581  4
13  1581  1582  4
13  1582  1583  4
13  1583  1584  4
13  1584  1585  4
13  1585  1586  4
13  1586  1587  4
13  1587  1588  4
13  1588  272  4
13  272  1645  4
13  1645  1646  4
13  1646  1647  4
13  1647  1648  4
13  1648  1649  4
13  1649  1650  4
13  1650  1651  4
13  1651  1652  4
13  1652  248  4
18  280  1709  5
18  1709  1710  5
18  1710  1711  5
18  1711  1712  5
18  1712  1713  5
18  1713  1714  5
18  1714  1715  5
18  1715  1716  5
18  1716  288  5
18  288  1773  5
18  1773  1774  5
18  1774  1775  5
18  1775  1776  5
18  1776  1777  5
18  1777  1778  5
18  1778  1779  5
18  1779  1780  5
18  1780  296  5
18  296  1837  5
18  1837  1838  5
18  1838  1839  5
18  1839  1840  5
18  1840  1841  5
18  1841  1842  5
18  1842  1843  5
18  1843  1844  5
18  1844  304  5
18  304  1901  5
18  1901  1902  5
18  1902  1903  5
18  1903  1904  5
18  1904  1905  5
18  1905  1906  5
18  1906  1907  5
18  1907  1908  5
18  1908  280  5
23  312  1965  6
23  1965  1966  6
23  1966  1967  6
23  1967  1968  6
23  1968  1969  6
23  1969  1970  6
23  1970  1971  6
23  1971  1972  6
23  1972  320  6
23  320  2029  6
23  2029  2030  6
23  2030  2031  6
23  2031  2032  6
23  2032  2033  6
23  2033  2034  6
23  2034  2035  6
23  2035  2036  6
23  2036  328  6
23  328  2093  6
23  2093  2094  6
23  2094  2095  6
23  2095  2096  6
23  2096  2097  6
23  2097  2098  6
23  2098  2099  6
23  2099  2100  6
23  2100  336  6
23  336  2157  6
23  2157  2158  6
23  2158  2159  6
23  2159  2160  6
23  2160  2161  6
23  2161  2162  6
23  2162  2163  6
23  2163  2164  6
23  2164  312  6
Quadrilaterals
2027
986  374  1003  1116  1
511  872  858  871  1
1018  736  1064  405  1
745  1035  726  208  1
898  1135  359  1137  1
757  1100  732  225  1
868  926  872  511  1
734  1106  742  733  1
756  1054  940  1059  1
359  1135  999  169  1
1008  857  1044  487  1
744  1063  346  19  1
871  858  867  545  1
788  657  935  704  1
712  713  746  1017  1
1020  867  857  1008  1
166  725  724  167  1
999  708  1009  355  1
795  1126  765  793  1
784  1059  348  247  1
745  1062  697  1035  1
1050  965  1040  395  1
384  372  199  198  1
1047  830  1140  684  1
710  1032  755  769  1
711  1085  758  1074  1
349  1075  760  162  1
1100  915  1108  732  1
732  1108  345  226  1
1013  695  1075  799  1
700  1061  743  842  1
869  946  926  868  1
523  1130  812  967  1
994  804  1012  569  1
360  759  730  212  1
682  684  1063  744  1
950  817  975  716  1
930  1083  639  972  1
856  1044  857  855  1
368  1001  907  906  1
1132  761  1107  728  1
669  1103  763  662  1
989  1105  643  624  1
727  729  974  728  1
1044  856  1039  887  1
1063  1140  775  346  1
892  130  131  965  1
749  642  687  751  1
971  1113  720  938  1
1138  709  1079  939  1
970  846  978  477  1
672  1107  761  666  1
1094  992  1025  382  1
1007  835  1000  458  1
516  1124  1114  908  1
669  664  761  1132  1
984  838  959  519  1
975  678  836  739  1
1087  977  1086  235  1
955  860  1014  435  1
140  141  949  1002  1
206  1139  729  727  1
716  975  739  172  1
1019  385  1084  762  1
494  959  838  937  1
487  1044  887  428  1
703  1080  702  671  1
803  648  1100  757  1
1024  993  1097  381  1
554  884  807  816  1
778  1004  1005  1041  1
1070  563  642  750  1
688  1088  591  686  1
355  950  716  171  1
884  494  937  807  1
996  363  766  1117  1
1090  385  136  137  1
508  1130  523  506  1
840  1126  795  644  1
356  1102  165  164  1
864  1007  865  635  1
1112  138  951  748  1
499  871  545  452  1
691  1083  930  474  1
1046  588  932  690  1
616  935  657  656  1
727  728  357  207  1
493  496  959  494  1
723  1122  722  351  1
1010  1014  860  849  1
523  1138  939  506  1
222  1113  361  223  1
519  959  496  517  1
1078  738  1045  814  1
709  1138  967  653  1
533  1078  814  484  1
652  1009  708  627  1
681  1081  596  680  1
478  1110  820  819  1
710  962  404  650  1
816  943  920  554  1
1043  1071  624  541  1
616  655  615  614  1
841  683  602  604  1
626  1056  628  627  1
789  1136  364  15  1
724  1134  797  723  1
697  1062  1107  672  1
447  1110  449  448  1
770  1114  769  633  1
721  1137  359  168  1
1039  870  1026  453  1
912  519  517  536  1
699  984  700  698  1
403  404  962  406  1
803  841  604  606  1
621  622  682  767  1
943  471  469  920  1
958  481  1011  929  1
676  970  816  807  1
361  1033  754  223  1
953  1034  588  1046  1
1075  695  694  760  1
640  1104  918  562  1
908  1082  414  410  1
1058  1002  1077  394  1
884  554  489  491  1
922  865  998  441  1
718  1076  719  350  1
739  836  344  173  1
377  752  143  144  1
392  129  10  779  1
738  1078  737  600  1
898  625  627  708  1
683  1033  847  583  1
535  513  534  549  1
512  1079  869  868  1
947  1011  481  472  1
887  1039  453  430  1
680  596  595  1013  1
513  514  510  509  1
650  404  590  651  1
432  955  435  434  1
929  1011  677  603  1
872  861  854  858  1
494  884  491  493  1
437  1014  455  439  1
754  1033  683  841  1
859  1026  870  851  1
705  706  712  996  1
945  1122  623  577  1
966  892  1050  387  1
807  937  675  676  1
729  1139  800  1103  1
658  1072  656  657  1
579  1012  797  957  1
653  967  806  654  1
634  1008  886  420  1
554  920  476  489  1
833  785  829  356  1
347  1139  205  204  1
811  590  402  358  1
598  946  626  625  1
687  642  620  756  1
743  1061  912  619  1
563  550  555  620  1
574  994  571  573  1
870  1039  856  853  1
670  661  660  763  1
837  675  937  838  1
814  1045  818  479  1
402  1064  401  358  1
1127  752  990  750  1
940  1054  651  1092  1
842  1074  352  726  1
443  998  458  445  1
481  958  900  470  1
1056  1079  709  628  1
849  860  859  850  1
694  685  630  833  1
635  997  848  570  1
586  991  696  622  1
668  837  673  672  1
998  865  1007  458  1
14  389  983  388  1
604  603  605  606  1
372  1073  1001  21  1
473  1093  475  474  1
376  1015  826  827  1
593  1016  594  552  1
737  1129  839  601  1
405  1064  402  403  1
702  960  689  671  1
445  447  446  444  1
802  1076  718  736  1
524  1018  407  409  1
442  443  444  459  1
889  1020  634  418  1
838  984  699  837  1
858  854  855  867  1
868  511  503  512  1
442  924  440  441  1
526  451  478  527  1
848  1010  849  572  1
439  922  441  440  1
946  869  1056  626  1
504  939  512  503  1
637  636  594  638  1
964  936  1051  1118  1
635  570  568  864  1
435  1014  437  436  1
625  714  597  598  1
735  348  940  1092  1
567  1012  579  565  1
663  674  665  664  1
844  843  899  880  1
454  919  910  436  1
647  958  929  584  1
370  1125  1041  1027  1
538  525  543  591  1
1003  949  948  1116  1
455  997  922  439  1
724  723  351  167  1
573  571  572  850  1
731  612  705  1117  1
569  1012  567  568  1
776  1030  365  774  1
921  917  454  438  1
946  598  599  926  1
660  661  658  659  1
931  900  958  647  1
865  922  997  635  1
954  1045  738  923  1
1030  1125  370  187  1
408  410  409  407  1
735  1092  811  216  1
928  690  498  415  1
693  925  645  646  1
1046  942  770  953  1
573  576  575  574  1
575  873  578  577  1
917  921  693  646  1
518  899  843  537  1
917  844  919  454  1
436  910  434  435  1
526  1036  707  451  1
852  861  873  576  1
925  693  924  459  1
921  440  924  693  1
860  955  1026  859  1
439  440  438  437  1
623  1122  804  994  1
536  518  537  558  1
910  881  897  434  1
911  931  916  483  1
941  954  459  444  1
595  596  544  530  1
441  998  443  442  1
903  433  904  877  1
552  594  636  862  1
904  897  881  879  1
916  931  647  582  1
880  899  547  879  1
900  931  909  468  1
497  547  899  518  1
897  904  433  431  1
920  469  467  476  1
905  421  885  863  1
482  483  515  862  1
495  547  497  496  1
464  893  874  466  1
877  904  879  878  1
895  902  876  875  1
486  914  901  883  1
547  495  878  879  1
460  482  891  456  1
411  409  410  412  1
851  852  576  850  1
581  582  583  847  1
902  888  903  876  1
551  522  581  866  1
420  886  422  421  1
418  634  420  419  1
893  546  895  874  1
874  895  875  488  1
495  493  492  878  1
902  895  546  890  1
883  901  882  411  1
413  411  412  415  1
423  885  421  422  1
417  883  413  416  1
876  903  877  589  1
888  902  890  427  1
462  911  483  482  1
431  433  429  430  1
419  486  417  418  1
564  556  632  835  1
468  909  465  467  1
905  863  914  486  1
483  916  522  515  1
429  888  427  428  1
925  954  923  645  1
426  487  428  427  1
433  903  888  429  1
490  589  492  491  1
427  890  424  426  1
893  464  461  457  1
501  502  503  511  1
463  911  462  461  1
416  889  418  417  1
488  875  490  489  1
425  546  457  456  1
424  423  422  426  1
415  498  452  416  1
461  462  460  457  1
619  912  536  558  1
423  424  425  456  1
488  476  466  874  1
890  546  425  424  1
589  490  875  876  1
456  891  885  423  1
464  465  463  461  1
871  499  501  511  1
421  905  419  420  1
468  469  470  900  1
515  551  552  862  1
619  558  649  711  1
855  854  853  856  1
589  877  878  492  1
560  559  537  843  1
499  498  500  501  1
467  465  466  476  1
862  636  863  891  1
909  911  463  465  1
775  830  780  774  1
507  1034  509  508  1
844  917  646  843  1
913  524  882  901  1
446  447  448  818  1
853  854  852  851  1
914  863  636  637  1
881  910  919  880  1
471  943  477  473  1
409  411  882  524  1
517  497  518  536  1
560  843  646  645  1
768  1032  650  651  1
717  401  1064  736  1
942  1046  690  928  1
450  480  479  448  1
566  835  864  568  1
406  516  408  407  1
1029  1101  380  1025  1
522  916  582  581  1
578  599  598  597  1
434  897  431  432  1
935  616  614  828  1
707  1036  715  525  1
562  918  559  561  1
715  1068  825  543  1
645  923  561  560  1
613  1057  641  612  1
1016  1076  638  594  1
128  786  376  127  1
531  556  553  548  1
930  1091  947  474  1
360  211  758  1085  1
438  454  436  437  1
730  805  353  213  1
721  16  351  722  1
531  527  819  556  1
582  647  584  583  1
997  455  1010  848  1
566  567  565  564  1
950  355  1009  654  1
470  471  472  481  1
932  505  502  500  1
926  599  861  872  1
584  603  602  583  1
585  532  586  621  1
428  887  430  429  1
485  991  532  484  1
944  1023  595  530  1
600  737  601  562  1
846  970  676  667  1
505  932  588  507  1
630  548  553  785  1
540  541  580  968  1
746  747  748  956  1
685  944  548  630  1
453  1026  955  432  1
638  1076  802  913  1
631  1081  827  826  1
818  1045  941  446  1
886  487  426  422  1
395  192  387  1050  1
520  973  707  525  1
618  812  539  617  1
561  923  600  562  1
690  932  500  498  1
510  539  812  1130  1
1069  966  1038  375  1
667  675  668  666  1
528  1036  526  527  1
505  507  506  504  1
640  601  741  1123  1
631  544  596  1081  1
801  214  353  767  1
599  578  873  861  1
719  1016  938  720  1
666  761  664  665  1
759  1104  640  1123  1
748  951  934  956  1
350  220  717  718  1
815  557  565  579  1
741  839  629  805  1
412  414  928  415  1
889  416  452  545  1
557  815  785  553  1
570  848  572  571  1
430  453  432  431  1
606  607  608  648  1
714  1121  945  597  1
397  772  145  146  1
1053  703  906  907  1
653  652  628  709  1
972  607  605  677  1
408  516  908  410  1
901  914  637  913  1
538  591  592  1048  1
570  571  569  568  1
970  477  943  816  1
474  947  472  473  1
1021  445  458  1000  1
678  975  817  618  1
1088  782  592  591  1
551  866  593  552  1
780  782  777  774  1
614  615  613  611  1
529  528  527  531  1
236  1086  390  237  1
480  520  485  484  1
404  403  402  590  1
629  621  767  805  1
692  1019  762  1057  1
556  564  557  553  1
405  403  406  407  1
740  133  398  1042  1
558  559  918  649  1
577  623  574  575  1
548  944  529  531  1
607  972  639  609  1
11  787  378  135  1
657  788  659  658  1
356  164  896  833  1
126  771  396  125  1
817  950  654  806  1
502  505  504  503  1
611  613  612  610  1
514  540  539  510  1
1021  1000  820  1110  1
1077  949  1003  386  1
725  1102  829  957  1
1094  832  400  992  1
934  951  952  977  1
964  391  1040  963  1
1095  382  155  154  1
180  381  1098  181  1
898  1137  714  625  1
1043  1067  535  550  1
544  1068  542  530  1
379  1133  1028  1024  1
1099  980  1120  389  1
345  1065  766  227  1
971  866  847  1033  1
622  696  1047  684  1
521  1111  991  485  1
689  1072  661  671  1
764  824  823  1101  1
663  659  788  674  1
195  391  1119  196  1
704  935  828  691  1
808  995  362  202  1
699  698  673  837  1
821  793  1133  379  1
815  957  829  785  1
961  692  655  701  1
390  394  238  237  1
665  846  667  666  1
401  717  219  218  1
384  197  1118  1051  1
686  591  543  825  1
654  1009  652  653  1
362  734  733  203  1
781  782  1088  1022  1
809  373  26  231  1
542  1036  528  530  1
757  224  354  803  1
753  681  680  813  1
597  945  577  578  1
674  978  846  665  1
819  820  632  556  1
514  1067  541  540  1
866  971  938  593  1
712  1017  810  996  1
350  719  720  221  1
948  393  988  987  1
802  1018  524  913  1
641  706  705  612  1
1006  671  670  1106  1
209  726  352  210  1
839  1129  585  629  1
896  163  760  694  1
354  25  754  841  1
781  1004  778  777  1
798  1080  398  134  1
244  243  371  783  1
609  611  610  608  1
617  679  678  618  1
529  944  530  528  1
679  968  969  834  1
383  1087  234  233  1
660  659  662  763  1
241  1037  374  242  1
744  215  801  682  1
798  135  378  960  1
158  380  822  159  1
662  659  663  664  1
752  1128  142  143  1
989  1071  990  377  1
346  775  773  184  1
1027  375  189  188  1
679  834  836  678  1
1084  1090  747  713  1
733  742  347  204  1
711  1074  743  619  1
479  480  484  814  1
240  386  1037  241  1
794  1060  792  366  1
451  973  450  449  1
948  949  141  12  1
745  22  357  1062  1
580  643  644  968  1
755  549  633  769  1
968  679  617  540  1
182  1099  389  183  1
130  892  779  10  1
132  133  740  936  1
393  1128  1127  988  1
933  383  233  232  1
447  445  1021  1110  1
840  1105  772  397  1
555  550  549  755  1
830  1048  592  780  1
731  1108  915  610  1
751  985  987  988  1
673  698  697  672  1
746  956  809  1017  1
1001  368  200  21  1
779  892  966  1005  1
790  799  349  161  1
1031  611  609  639  1
962  1124  516  406  1
794  796  834  969  1
821  379  177  176  1
534  1034  953  633  1
196  1119  1118  197  1
796  366  175  174  1
475  1093  978  674  1
696  1111  1048  1047  1
806  812  618  817  1
218  217  358  401  1
397  146  399  765  1
510  1130  508  509  1
790  160  364  813  1
449  1110  478  451  1
400  832  124  125  1
147  831  399  146  1
375  1038  190  189  1
400  125  396  764  1
783  367  245  244  1
771  127  376  827  1
533  532  585  1129  1
1052  1073  372  384  1
174  173  344  796  1
906  995  808  368  1
825  1068  631  826  1
580  541  624  643  1
378  961  701  960  1
793  821  791  792  1
1015  1115  688  686  1
810  369  230  229  1
703  1006  995  906  1
791  17  366  792  1
1025  380  157  156  1
1020  889  545  867  1
166  165  1102  725  1
781  1022  392  1004  1
758  210  352  1074  1
390  1131  1058  394  1
773  774  365  185  1
368  808  201  200  1
1055  371  243  242  1
1127  750  749  988  1
414  1082  942  928  1
894  1081  681  824  1
1091  677  1011  947  1
373  933  232  26  1
1067  514  513  535  1
804  723  797  1012  1
246  367  784  247  1
159  822  789  15  1
772  1105  377  144  1
845  784  367  1066  1
178  379  1024  179  1
181  1098  1099  182  1
981  983  979  9  1
783  985  1066  367  1
791  821  176  17  1
1094  1095  982  832  1
766  363  228  227  1
945  1121  722  1122  1
1106  670  763  742  1
800  1139  347  742  1
715  1036  542  1068  1
834  796  344  836  1
987  985  986  1116  1
762  1084  706  641  1
388  1096  153  152  1
1101  823  822  380  1
179  1024  381  180  1
961  787  1019  692  1
191  1038  387  20  1
1042  1053  907  1073  1
608  610  915  648  1
27  1109  386  240  1
1023  944  685  695  1
370  1027  188  187  1
475  704  691  474  1
1121  714  1137  721  1
689  960  701  1072  1
981  9  124  832  1
186  365  1030  187  1
692  1057  615  655  1
1061  984  519  912  1
361  1113  971  1033  1
534  513  509  1034  1
688  1115  1022  1088  1
1096  1095  154  153  1
728  1107  1062  357  1
974  1103  669  1132  1
137  138  1112  1090  1
382  1025  156  155  1
394  1109  239  238  1
656  1072  701  655  1
823  824  753  1136  1
735  216  24  348  1
477  978  1093  473  1
827  1081  894  771  1
371  1055  986  985  1
1041  1005  1069  1027  1
520  525  521  485  1
1129  737  1078  533  1
680  1013  799  813  1
1031  1083  828  614  1
1058  1131  976  1002  1
12  142  1128  393  1
1066  751  687  845  1
643  1105  840  644  1
792  1060  795  793  1
392  1115  786  129  1
1120  979  983  389  1
194  1049  391  195  1
395  1049  193  192  1
229  228  363  810  1
217  216  811  358  1
355  171  170  999  1
726  1035  1089  842  1
1113  222  221  720  1
1000  835  632  820  1
778  1125  776  777  1
1070  990  1071  587  1
369  809  231  230  1
649  927  1085  711  1
698  1089  1035  697  1
973  520  480  450  1
756  1059  845  687  1
702  1080  798  960  1
686  825  826  1015  1
786  1115  1015  376  1
706  1084  713  712  1
789  822  823  1136  1
768  1054  620  555  1
1104  927  649  918  1
1120  980  831  979  1
969  644  1060  794  1
995  1006  734  362  1
538  1111  521  525  1
399  831  1097  993  1
1136  753  813  364  1
963  1040  965  131  1
139  140  976  952  1
587  1043  550  563  1
1131  1086  977  952  1
385  1019  787  136  1
1087  383  934  977  1
1052  740  1042  1073  1
1052  384  1051  740  1
982  1096  388  981  1
1112  748  747  1090  1
927  1104  759  360  1
963  132  936  964  1
1065  345  1108  731  1
139  952  951  138  1
894  824  396  771  1
147  9  979  831  1
1053  398  1080  703  1
1092  651  590  811  1
1013  595  1023  695  1
1097  980  1098  381  1
1082  908  1114  770  1
475  674  788  704  1
764  1029  992  400  1
763  1103  800  742  1
555  755  1032  768  1
1065  731  1117  766  1
933  373  956  934  1
805  730  1123  741  1
972  677  1091  930  1
769  1114  1124  710  1
993  1028  765  399  1
1017  809  369  810  1
779  1005  1004  392  1
1055  242  374  986  1
1089  698  700  842  1
765  1028  1133  793  1
397  765  1126  840  1
1109  394  1077  386  1
1134  725  957  797  1
708  999  1135  898  1
1040  391  1049  395  1
1003  374  1037  386  1
964  1118  1119  391  1
2  46  1141  148  2
148  1141  130  10  2
46  47  1142  1141  2
1141  1142  131  130  2
47  48  1143  1142  2
1142  1143  132  131  2
48  49  1144  1143  2
1143  1144  133  132  2
49  50  1145  1144  2
1144  1145  134  133  2
50  51  1146  1145  2
1145  1146  135  134  2
51  3  151  1146  2
1146  151  11  135  2
3  28  1147  151  2
151  1147  136  11  2
28  29  1148  1147  2
1147  1148  137  136  2
29  30  1149  1148  2
1148  1149  138  137  2
30  31  1150  1149  2
1149  1150  139  138  2
31  32  1151  1150  2
1150  1151  140  139  2
32  33  1152  1151  2
1151  1152  141  140  2
33  4  150  1152  2
1152  150  12  141  2
4  34  1153  150  2
150  1153  142  12  2
34  35  1154  1153  2
1153  1154  143  142  2
35  36  1155  1154  2
1154  1155  144  143  2
36  37  1156  1155  2
1155  1156  145  144  2
37  38  1157  1156  2
1156  1157  146  145  2
38  39  1158  1157  2
1157  1158  147  146  2
39  1  149  1158  2
1158  149  9  147  2
1  40  1159  149  2
149  1159  124  9  2
40  41  1160  1159  2
1159  1160  125  124  2
41  42  1161  1160  2
1160  1161  126  125  2
42  43  1162  1161  2
1161  1162  127  126  2
43  44  1163  1162  2
1162  1163  128  127  2
44  45  1164  1163  2
1163  1164  129  128  2
45  2  148  1164  2
1164  148  10  129  2
6  52  1165  87  3
87  1165  1166  86  3
86  1166  1167  85  3
85  1167  1168  84  3
84  1168  1169  83  3
83  1169  1170  82  3
82  1170  1171  81  3
81  1171  1172  80  3
80  1172  1173  79  3
79  1173  1174  78  3
78  1174  1175  77  3
77  1175  1176  76  3
76  1176  46  2  3
52  53  1177  1165  3
1165  1177  1178  1166  3
1166  1178  1179  1167  3
1167  1179  1180  1168  3
1168  1180  1181  1169  3
1169  1181  1182  1170  3
1170  1182  1183  1171  3
1171  1183  1184  1172  3
1172  1184  1185  1173  3
1173  1185  1186  1174  3
1174  1186  1187  1175  3
1175  1187  1188  1176  3
1176  1188  47  46  3
53  54  1189  1177  3
1177  1189  1190  1178  3
1178  1190  1191  1179  3
1179  1191  1192  1180  3
1180  1192  1193  1181  3
1181  1193  1194  1182  3
1182  1194  1195  1183  3
1183  1195  1196  1184  3
1184  1196  1197  1185  3
1185  1197  1198  1186  3
1186  1198  1199  1187  3
1187  1199  1200  1188  3
1188  1200  48  47  3
54  55  1201  1189  3
1189  1201  1202  1190  3
1190  1202  1203  1191  3
1191  1203  1204  1192  3
1192  1204  1205  1193  3
1193  1205  1206  1194  3
1194  1206  1207  1195  3
1195  1207  1208  1196  3
1196  1208  1209  1197  3
1197  1209  1210  1198  3
1198  1210  1211  1199  3
1199  1211  1212  1200  3
1200  1212  49  48  3
55  56  1213  1201  3
1201  1213  1214  1202  3
1202  1214  1215  1203  3
1203  1215  1216  1204  3
1204  1216  1217  1205  3
1205  1217  1218  1206  3
1206  1218  1219  1207  3
1207  1219  1220  1208  3
1208  1220  1221  1209  3
1209  1221  1222  1210  3
1210  1222  1223  1211  3
1211  1223  1224  1212  3
1212  1224  50  49  3
56  57  1225  1213  3
1213  1225  1226  1214  3
1214  1226  1227  1215  3
1215  1227  1228  1216  3
1216  1228  1229  1217  3
1217  1229  1230  1218  3
1218  1230  1231  1219  3
1219  1231  1232  1220  3
1220  1232  1233  1221  3
1221  1233  1234  1222  3
1222  1234  1235  1223  3
1223  1235  1236  1224  3
1224  1236  51  50  3
57  7  123  1225  3
1225  123  122  1226  3
1226  122  121  1227  3
1227  121  120  1228  3
1228  120  119  1229  3
1229  119  118  1230  3
1230  118  117  1231  3
1231  117  116  1232  3
1232  116  115  1233  3
1233  115  114  1234  3
1234  114  113  1235  3
1235  113  112  1236  3
1236  112  3  51  3
7  58  1237  123  3
123  1237  1238  122  3
122  1238  1239  121  3
121  1239  1240  120  3
120  1240  1241  119  3
119  1241  1242  118  3
118  1242  1243  117  3
117  1243  1244  116  3
116  1244  1245  115  3
115  1245  1246  114  3
114  1246  1247  113  3
113  1247  1248  112  3
112  1248  28  3  3
58  59  1249  1237  3
1237  1249  1250  1238  3
1238  1250  1251  1239  3
1239  1251  1252  1240  3
1240  1252  1253  1241  3
1241  1253  1254  1242  3
1242  1254  1255  1243  3
1243  1255  1256  1244  3
1244  1256  1257  1245  3
1245  1257  1258  1246  3
1246  1258  1259  1247  3
1247  1259  1260  1248  3
1248  1260  29  28  3
59  60  1261  1249  3
1249  1261  1262  1250  3
1250  1262  1263  1251  3
1251  1263  1264  1252  3
1252  1264  1265  1253  3
1253  1265  1266  1254  3
1254  1266  1267  1255  3
1255  1267  1268  1256  3
1256  1268  1269  1257  3
1257  1269  1270  1258  3
1258  1270  1271  1259  3
1259  1271  1272  1260  3
1260  1272  30  29  3
60  61  1273  1261  3
1261  1273  1274  1262  3
1262  1274  1275  1263  3
1263  1275  1276  1264  3
1264  1276  1277  1265  3
1265  1277  1278  1266  3
1266  1278  1279  1267  3
1267  1279  1280  1268  3
1268  1280  1281  1269  3
1269  1281  1282  1270  3
1270  1282  1283  1271  3
1271  1283  1284  1272  3
1272  1284  31  30  3
61  62  1285  1273  3
1273  1285  1286  1274  3
1274  1286  1287  1275  3
1275  1287  1288  1276  3
1276  1288  1289  1277  3
1277  1289  1290  1278  3
1278  1290  1291  1279  3
1279  1291  1292  1280  3
1280  1292  1293  1281  3
1281  1293  1294  1282  3
1282  1294  1295  1283  3
1283  1295  1296  1284  3
1284  1296  32  31  3
62  63  1297  1285  3
1285  1297  1298  1286  3
1286  1298  1299  1287  3
1287  1299  1300  1288  3
1288  1300  1301  1289  3
1289  1301  1302  1290  3
1290  1302  1303  1291  3
1291  1303  1304  1292  3
1292  1304  1305  1293  3
1293  1305  1306  1294  3
1294  1306  1307  1295  3
1295  1307  1308  1296  3
1296  1308  33  32  3
63  8  111  1297  3
1297  111  110  1298  3
1298  110  109  1299  3
1299  109  108  1300  3
1300  108  107  1301  3
1301  107  106  1302  3
1302  106  105  1303  3
1303  105  104  1304  3
1304  104  103  1305  3
1305  103  102  1306  3
1306  102  101  1307  3
1307  101  100  1308  3
1308  100  4  33  3
8  64  1309  111  3
111  1309  1310  110  3
110  1310  1311  109  3
109  1311  1312  108  3
108  1312  1313  107  3
107  1313  1314  106  3
106  1314  1315  105  3
105  1315  1316  104  3
104  1316  1317  103  3
103  1317  1318  102  3
102  1318  1319  101  3
101  1319  1320  100  3
100  1320  34  4  3
64  65  1321  1309  3
1309  1321  1322  1310  3
1310  1322  1323  1311  3
1311  1323  1324  1312  3
1312  1324  1325  1313  3
1313  1325  1326  1314  3
1314  1326  1327  1315  3
1315  1327  1328  1316  3
1316  1328  1329  1317  3
1317  1329  1330  1318  3
1318  1330  1331  1319  3
1319  1331  1332  1320  3
1320  1332  35  34  3
65  66  1333  1321  3
1321  1333  1334  1322  3
1322  1334  1335  1323  3
1323  1335  1336  1324  3
1324  1336  1337  1325  3
1325  1337  1338  1326  3
1326  1338  1339  1327  3
1327  1339  1340  1328  3
1328  1340  1341  1329  3
1329  1341  1342  1330  3
1330  1342  1343  1331  3
1331  1343  1344  1332  3
1332  1344  36  35  3
66  67  1345  1333  3
1333  1345  1346  1334  3
1334  1346  1347  1335  3
1335  1347  1348  1336  3
1336  1348  1349  1337  3
1337  1349  1350  1338  3
1338  1350  1351  1339  3
1339  1351  1352  1340  3
1340  1352  1353  1341  3
1341  1353  1354  1342  3
1342  1354  1355  1343  3
1343  1355  1356  1344  3
1344  1356  37  36  3
67  68  1357  1345  3
1345  1357  1358  1346  3
1346  1358  1359  1347  3
1347  1359  1360  1348  3
1348  1360  1361  1349  3
1349  1361  1362  1350  3
1350  1362  1363  1351  3
1351  1363  1364  1352  3
1352  1364  1365  1353  3
1353  1365  1366  1354  3
1354  1366  1367  1355  3
1355  1367  1368  1356  3
1356  1368  38  37  3
68  69  1369  1357  3
1357  1369  1370  1358  3
1358  1370  1371  1359  3
1359  1371  1372  1360  3
1360  1372  1373  1361  3
1361  1373  1374  1362  3
1362  1374  1375  1363  3
1363  1375  1376  1364  3
1364  1376  1377  1365  3
1365  1377  1378  1366  3
1366  1378  1379  1367  3
1367  1379  1380  1368  3
1368  1380  39  38  3
69  5  99  1369  3
1369  99  98  1370  3
1370  98  97  1371  3
1371  97  96  1372  3
1372  96  95  1373  3
1373  95  94  1374  3
1374  94  93  1375  3
1375  93  92  1376  3
1376  92  91  1377  3
1377  91  90  1378  3
1378  90  89  1379  3
1379  89  88  1380  3
1380  88  1  39  3
5  70  1381  99  3
99  1381  1382  98  3
98  1382  1383  97  3
97  1383  1384  96  3
96  1384  1385  95  3
95  1385  1386  94  3
94  1386  1387  93  3
93  1387  1388  92  3
92  1388  1389  91  3
91  1389  1390  90  3
90  1390  1391  89  3
89  1391  1392  88  3
88  1392  40  1  3
70  71  1393  1381  3
1381  1393  1394  1382  3
1382  1394  1395  1383  3
1383  1395  1396  1384  3
1384  1396  1397  1385  3
1385  1397  1398  1386  3
1386  1398  1399  1387  3
1387  1399  1400  1388  3
1388  1400  1401  1389  3
1389  1401  1402  1390  3
1390  1402  1403  1391  3
1391  1403  1404  1392  3
1392  1404  41  40  3
71  72  1405  1393  3
1393  1405  1406  1394  3
1394  1406  1407  1395  3
1395  1407  1408  1396  3
1396  1408  1409  1397  3
1397  1409  1410  1398  3
1398  1410  1411  1399  3
1399  1411  1412  1400  3
1400  1412  1413  1401  3
1401  1413  1414  1402  3
1402  1414  1415  1403  3
1403  1415  1416  1404  3
1404  1416  42  41  3
72  73  1417  1405  3
1405  1417  1418  1406  3
1406  1418  1419  1407  3
1407  1419  1420  1408  3
1408  1420  1421  1409  3
1409  1421  1422  1410  3
1410  1422  1423  1411  3
1411  1423  1424  1412  3
1412  1424  1425  1413  3
1413  1425  1426  1414  3
1414  1426  1427  1415  3
1415  1427  1428  1416  3
1416  1428  43  42  3
73  74  1429  1417  3
1417  1429  1430  1418  3
1418  1430  1431  1419  3
1419  1431  1432  1420  3
1420  1432  1433  1421  3
1421  1433  1434  1422  3
1422  1434  1435  1423  3
1423  1435  1436  1424  3
1424  1436  1437  1425  3
1425  1437  1438  1426  3
1426  1438  1439  1427  3
1427  1439  1440  1428  3
1428  1440  44  43  3
74  75  1441  1429  3
1429  1441  1442  1430  3
1430  1442  1443  1431  3
1431  1443  1444  1432  3
1432  1444  1445  1433  3
1433  1445  1446  1434  3
1434  1446  1447  1435  3
1435  1447  1448  1436  3
1436  1448  1449  1437  3
1437  1449  1450  1438  3
1438  1450  1451  1439  3
1439  1451  1452  1440  3
1440  1452  45  44  3
75  6  87  1441  3
1441  87  86  1442  3
1442  86  85  1443  3
1443  85  84  1444  3
1444  84  83  1445  3
1445  83  82  1446  3
1446  82  81  1447  3
1447  81  80  1448  3
1448  80  79  1449  3
1449  79  78  1450  3
1450  78  77  1451  3
1451  77  76  1452  3
1452  76  2  45  3
248  249  1461  1453  4
1453  1461  1462  1454  4
1454  1462  1463  1455  4
1455  1463  1464  1456  4
1456  1464  1465  1457  4
1457  1465  1466  1458  4
1458  1466  1467  1459  4
1459  1467  1468  1460  4
1460  1468  257  256  4
249  250  1469  1461  4
1461  1469  1470  1462  4
1462  1470  1471  1463  4
1463  1471  1472  1464  4
1464  1472  1473  1465  4
1465  1473  1474  1466  4
1466  1474  1475  1467  4
1467  1475  1476  1468  4
1468  1476  258  257  4
250  251  1477  1469  4
1469  1477  1478  1470  4
1470  1478  1479  1471  4
1471  1479  1480  1472  4
1472  1480  1481  1473  4
1473  1481  1482  1474  4
1474  1482  1483  1475  4
1475  1483  1484  1476  4
1476  1484  259  258  4
251  252  1485  1477  4
1477  1485  1486  1478  4
1478  1486  1487  1479  4
1479  1487  1488  1480  4
1480  1488  1489  1481  4
1481  1489  1490  1482  4
1482  1490  1491  1483  4
1483  1491  1492  1484  4
1484  1492  260  259  4
252  253  1493  1485  4
1485  1493  1494  1486  4
1486  1494  1495  1487  4
1487  1495  1496  1488  4
1488  1496  1497  1489  4
1489  1497  1498  1490  4
1490  1498  1499  1491  4
1491  1499  1500  1492  4
1492  1500  261  260  4
253  254  1501  1493  4
1493  1501  1502  1494  4
1494  1502  1503  1495  4
1495  1503  1504  1496  4
1496  1504  1505  1497  4
1497  1505  1506  1498  4
1498  1506  1507  1499  4
1499  1507  1508  1500  4
1500  1508  262  261  4
254  255  1509  1501  4
1501  1509  1510  1502  4
1502  1510  1511  1503  4
1503  1511  1512  1504  4
1504  1512  1513  1505  4
1505  1513  1514  1506  4
1506  1514  1515  1507  4
1507  1515  1516  1508  4
1508  1516  263  262  4
255  14  152  1509  4
1509  152  153  1510  4
1510  153  154  1511  4
1511  154  155  1512  4
1512  155  156  1513  4
1513  156  157  1514  4
1514  157  158  1515  4
1515  158  159  1516  4
1516  159  15  263  4
256  257  1525  1517  4
1517  1525  1526  1518  4
1518  1526  1527  1519  4
1519  1527  1528  1520  4
1520  1528  1529  1521  4
1521  1529  1530  1522  4
1522  1530  1531  1523  4
1523  1531  1532  1524  4
1524  1532  265  264  4
257  258  1533  1525  4
1525  1533  1534  1526  4
1526  1534  1535  1527  4
1527  1535  1536  1528  4
1528  1536  1537  1529  4
1529  1537  1538  1530  4
1530  1538  1539  1531  4
1531  1539  1540  1532  4
1532  1540  266  265  4
258  259  1541  1533  4
1533  1541  1542  1534  4
1534  1542  1543  1535  4
1535  1543  1544  1536  4
1536  1544  1545  1537  4
1537  1545  1546  1538  4
1538  1546  1547  1539  4
1539  1547  1548  1540  4
1540  1548  267  266  4
259  260  1549  1541  4
1541  1549  1550  1542  4
1542  1550  1551  1543  4
1543  1551  1552  1544  4
1544  1552  1553  1545  4
1545  1553  1554  1546  4
1546  1554  1555  1547  4
1547  1555  1556  1548  4
1548  1556  268  267  4
260  261  1557  1549  4
1549  1557  1558  1550  4
1550  1558  1559  1551  4
1551  1559  1560  1552  4
1552  1560  1561  1553  4
1553  1561  1562  1554  4
1554  1562  1563  1555  4
1555  1563  1564  1556  4
1556  1564  269  268  4
261  262  1565  1557  4
1557  1565  1566  1558  4
1558  1566  1567  1559  4
1559  1567  1568  1560  4
1560  1568  1569  1561  4
1561  1569  1570  1562  4
1562  1570  1571  1563  4
1563  1571  1572  1564  4
1564  1572  270  269  4
262  263  1573  1565  4
1565  1573  1574  1566  4
1566  1574  1575  1567  4
1567  1575  1576  1568  4
1568  1576  1577  1569  4
1569  1577  1578  1570  4
1570  1578  1579  1571  4
1571  1579  1580  1572  4
1572  1580  271  270  4
263  15  160  1573  4
1573  160  161  1574  4
1574  161  162  1575  4
1575  162  163  1576  4
1576  163  164  1577  4
1577  164  165  1578  4
1578  165  166  1579  4
1579  166  167  1580  4
1580  167  16  271  4
264  265  1589  1581  4
1581  1589  1590  1582  4
1582  1590  1591  1583  4
1583  1591  1592  1584  4
1584  1592  1593  1585  4
1585  1593  1594  1586  4
1586  1594  1595  1587  4
1587  1595  1596  1588  4
1588  1596  273  272  4
265  266  1597  1589  4
1589  1597  1598  1590  4
1590  1598  1599  1591  4
1591  1599  1600  1592  4
1592  1600  1601  1593  4
1593  1601  1602  1594  4
1594  1602  1603  1595  4
1595  1603  1604  1596  4
1596  1604  274  273  4
266  267  1605  1597  4
1597  1605  1606  1598  4
1598  1606  1607  1599  4
1599  1607  1608  1600  4
1600  1608  1609  1601  4
1601  1609  1610  1602  4
1602  1610  1611  1603  4
1603  1611  1612  1604  4
1604  1612  275  274  4
267  268  1613  1605  4
1605  1613  1614  1606  4
1606  1614  1615  1607  4
1607  1615  1616  1608  4
1608  1616  1617  1609  4
1609  1617  1618  1610  4
1610  1618  1619  1611  4
1611  1619  1620  1612  4
1612  1620  276  275  4
268  269  1621  1613  4
1613  1621  1622  1614  4
1614  1622  1623  1615  4
1615  1623  1624  1616  4
1616  1624  1625  1617  4
1617  1625  1626  1618  4
1618  1626  1627  1619  4
1619  1627  1628  1620  4
1620  1628  277  276  4
269  270  1629  1621  4
1621  1629  1630  1622  4
1622  1630  1631  1623  4
1623  1631  1632  1624  4
1624  1632  1633  1625  4
1625  1633  1634  1626  4
1626  1634  1635  1627  4
1627  1635  1636  1628  4
1628  1636  278  277  4
270  271  1637  1629  4
1629  1637  1638  1630  4
1630  1638  1639  1631  4
1631  1639  1640  1632  4
1632  1640  1641  1633  4
1633  1641  1642  1634  4
1634  1642  1643  1635  4
1635  1643  1644  1636  4
1636  1644  279  278  4
271  16  168  1637  4
1637  168  169  1638  4
1638  169  170  1639  4
1639  170  171  1640  4
1640  171  172  1641  4
1641  172  173  1642  4
1642  173  174  1643  4
1643  174  175  1644  4
1644  175  17  279  4
272  273  1653  1645  4
1645  1653  1654  1646  4
1646  1654  1655  1647  4
1647  1655  1656  1648  4
1648  1656  1657  1649  4
1649  1657  1658  1650  4
1650  1658  1659  1651  4
1651  1659  1660  1652  4
1652  1660  249  248  4
273  274  1661  1653  4
1653  1661  1662  1654  4
1654  1662  1663  1655  4
1655  1663  1664  1656  4
1656  1664  1665  1657  4
1657  1665  1666  1658  4
1658  1666  1667  1659  4
1659  1667  1668  1660  4
1660  1668  250  249  4
274  275  1669  1661  4
1661  1669  1670  1662  4
1662  1670  1671  1663  4
1663  1671  1672  1664  4
1664  1672  1673  1665  4
1665  1673  1674  1666  4
1666  1674  1675  1667  4
1667  1675  1676  1668  4
1668  1676  251  250  4
275  276  1677  1669  4
1669  1677  1678  1670  4
1670  1678  1679  1671  4
1671  1679  1680  1672  4
1672  1680  1681  1673  4
1673  1681  1682  1674  4
1674  1682  1683  1675  4
1675  1683  1684  1676  4
1676  1684  252  251  4
276  277  1685  1677  4
1677  1685  1686  1678  4
1678  1686  1687  1679  4
1679  1687  1688  1680  4
1680  1688  1689  1681  4
1681  1689  1690  1682  4
1682  1690  1691  1683  4
1683  1691  1692  1684  4
1684  1692  253  252  4
277  278  1693  1685  4
1685  1693  1694  1686  4
1686  1694  1695  1687  4
1687  1695  1696  1688  4
1688  1696  1697  1689  4
1689  1697  1698  1690  4
1690  1698  1699  1691  4
1691  1699  1700  1692  4
1692  1700  254  253  4
278  279  1701  1693  4
1693  1701  1702  1694  4
1694  1702  1703  1695  4
1695  1703  1704  1696  4
1696  1704  1705  1697  4
1697  1705  1706  1698  4
1698  1706  1707  1699  4
1699  1707  1708  1700  4
1700  1708  255  254  4
279  17  176  1701  4
1701  176  177  1702  4
1702  177  178  1703  4
1703  178  179  1704  4
1704  179  180  1705  4
1705  180  181  1706  4
1706  181  182  1707  4
1707  182  183  1708  4
1708  183  14  255  4
280  281  1717  1709  5
1709  1717  1718  1710  5
1710  1718  1719  1711  5
1711  1719  1720  1712  5
1712  1720  1721  1713  5
1713  1721  1722  1714  5
1714  1722  1723  1715  5
1715  1723  1724  1716  5
1716  1724  289  288  5
281  282  1725  1717  5
1717  1725  1726  1718  5
1718  1726  1727  1719  5
1719  1727  1728  1720  5
1720  1728  1729  1721  5
1721  1729  1730  1722  5
1722  1730  1731  1723  5
1723  1731  1732  1724  5
1724  1732  290  289  5
282  283  1733  1725  5
1725  1733  1734  1726  5
1726  1734  1735  1727  5
1727  1735  1736  1728  5
1728  1736  1737  1729  5
1729  1737  1738  1730  5
1730  1738  1739  1731  5
1731  1739  1740  1732  5
1732  1740  291  290  5
283  284  1741  1733  5
1733  1741  1742  1734  5
1734  1742  1743  1735  5
1735  1743  1744  1736  5
1736  1744  1745  1737  5
1737  1745  1746  1738  5
1738  1746  1747  1739  5
1739  1747  1748  1740  5
1740  1748  292  291  5
284  285  1749  1741  5
1741  1749  1750  1742  5
1742  1750  1751  1743  5
1743  1751  1752  1744  5
1744  1752  1753  1745  5
1745  1753  1754  1746  5
1746  1754  1755  1747  5
1747  1755  1756  1748  5
1748  1756  293  292  5
285  286  1757  1749  5
1749  1757  1758  1750  5
1750  1758  1759  1751  5
1751  1759  1760  1752  5
1752  1760  1761  1753  5
1753  1761  1762  1754  5
1754  1762  1763  1755  5
1755  1763  1764  1756  5
1756  1764  294  293  5
286  287  1765  1757  5
1757  1765  1766  1758  5
1758  1766  1767  1759  5
1759  1767  1768  1760  5
1760  1768  1769  1761  5
1761  1769  1770  1762  5
1762  1770  1771  1763  5
1763  1771  1772  1764  5
1764  1772  295  294  5
287  19  184  1765  5
1765  184  185  1766  5
1766  185  186  1767  5
1767  186  187  1768  5
1768  187  188  1769  5
1769  188  189  1770  5
1770  189  190  1771  5
1771  190  191  1772  5
1772  191  20  295  5
288  289  1781  1773  5
1773  1781  1782  1774  5
1774  1782  1783  1775  5
1775  1783  1784  1776  5
1776  1784  1785  1777  5
1777  1785  1786  1778  5
1778  1786  1787  1779  5
1779  1787  1788  1780  5
1780  1788  297  296  5
289  290  1789  1781  5
1781  1789  1790  1782  5
1782  1790  1791  1783  5
1783  1791  1792  1784  5
1784  1792  1793  1785  5
1785  1793  1794  1786  5
1786  1794  1795  1787  5
1787  1795  1796  1788  5
1788  1796  298  297  5
290  291  1797  1789  5
1789  1797  1798  1790  5
1790  1798  1799  1791  5
1791  1799  1800  1792  5
1792  1800  1801  1793  5
1793  1801  1802  1794  5
1794  1802  1803  1795  5
1795  1803  1804  1796  5
1796  1804  299  298  5
291  292  1805  1797  5
1797  1805  1806  1798  5
1798  1806  1807  1799  5
1799  1807  1808  1800  5
1800  1808  1809  1801  5
1801  1809  1810  1802  5
1802  1810  1811  1803  5
1803  1811  1812  1804  5
1804  1812  300  299  5
292  293  1813  1805  5
1805  1813  1814  1806  5
1806  1814  1815  1807  5
1807  1815  1816  1808  5
1808  1816  1817  1809  5
1809  1817  1818  1810  5
1810  1818  1819  1811  5
1811  1819  1820  1812  5
1812  1820  301  300  5
293  294  1821  1813  5
1813  1821  1822  1814  5
1814  1822  1823  1815  5
1815  1823  1824  1816  5
1816  1824  1825  1817  5
1817  1825  1826  1818  5
1818  1826  1827  1819  5
1819  1827  1828  1820  5
1820  1828  302  301  5
294  295  1829  1821  5
1821  1829  1830  1822  5
1822  1830  1831  1823  5
1823  1831  1832  1824  5
1824  1832  1833  1825  5
1825  1833  1834  1826  5
1826  1834  1835  1827  5
1827  1835  1836  1828  5
1828  1836  303  302  5
295  20  192  1829  5
1829  192  193  1830  5
1830  193  194  1831  5
1831  194  195  1832  5
1832  195  196  1833  5
1833  196  197  1834  5
1834  197  198  1835  5
1835  198  199  1836  5
1836  199  21  303  5
296  297  1845  1837  5
1837  1845  1846  1838  5
1838  1846  1847  1839  5
1839  1847  1848  1840  5
1840  1848  1849  1841  5
1841  1849  1850  1842  5
1842  1850  1851  1843  5
1843  1851  1852  1844  5
1844  1852  305  304  5
297  298  1853  1845  5
1845  1853  1854  1846  5
1846  1854  1855  1847  5
1847  1855  1856  1848  5
1848  1856  1857  1849  5
1849  1857  1858  1850  5
1850  1858  1859  1851  5
1851  1859  1860  1852  5
1852  1860  306  305  5
298  299  1861  1853  5
1853  1861  1862  1854  5
1854  1862  1863  1855  5
1855  1863  1864  1856  5
1856  1864  1865  1857  5
1857  1865  1866  1858  5
1858  1866  1867  1859  5
1859  1867  1868  1860  5
1860  1868  307  306  5
299  300  1869  1861  5
1861  1869  1870  1862  5
1862  1870  1871  1863  5
1863  1871  1872  1864  5
1864  1872  1873  1865  5
1865  1873  1874  1866  5
1866  1874  1875  1867  5
1867  1875  1876  1868  5
1868  1876  308  307  5
300  301  1877  1869  5
1869  1877  1878  1870  5
1870  1878  1879  1871  5
1871  1879  1880  1872  5
1872  1880  1881  1873  5
1873  1881  1882  1874  5
1874  1882  1883  1875  5
1875  1883  1884  1876  5
1876  1884  309  308  5
301  302  1885  1877  5
1877  1885  1886  1878  5
1878  1886  1887  1879  5
1879  1887  1888  1880  5
1880  1888  1889  1881  5
1881  1889  1890  1882  5
1882  1890  1891  1883  5
1883  1891  1892  1884  5
1884  1892  310  309  5
302  303  1893  1885  5
1885  1893  1894  1886  5
1886  1894  1895  1887  5
1887  1895  1896  1888  5
1888  1896  1897  1889  5
1889  1897  1898  1890  5
1890  1898  1899  1891  5
1891  1899  1900  1892  5
1892  1900  311  310  5
303  21  200  1893  5
1893  200  201  1894  5
1894  201  202  1895  5
1895  202  203  1896  5
1896  203  204  1897  5
1897  204  205  1898  5
1898  205  206  1899  5
1899  206  207  1900  5
1900  207  22  311  5
304  305  1909  1901  5
1901  1909  1910  1902  5
1902  1910  1911  1903  5
1903  1911  1912  1904  5
1904  1912  1913  1905  5
1905  1913  1914  1906  5
1906  1914  1915  1907  5
1907  1915  1916  1908  5
1908  1916  281  280  5
305  306  1917  1909  5
1909  1917  1918  1910  5
1910  1918  1919  1911  5
1911  1919  1920  1912  5
1912  1920  1921  1913  5
1913  1921  1922  1914  5
1914  1922  1923  1915  5
1915  1923  1924  1916  5
1916  1924  282  281  5
306  307  1925  1917  5
1917  1925  1926  1918  5
1918  1926  1927  1919  5
1919  1927  1928  1920  5
1920  1928  1929  1921  5
1921  1929  1930  1922  5
1922  1930  1931  1923  5
1923  1931  1932  1924  5
1924  1932  283  282  5
307  308  1933  1925  5
1925  1933  1934  1926  5
1926  1934  1935  1927  5
1927  1935  1936  1928  5
1928  1936  1937  1929  5
1929  1937  1938  1930  5
1930  1938  1939  1931  5
1931  1939  1940  1932  5
1932  1940  284  283  5
308  309  1941  1933  5
1933  1941  1942  1934  5
1934  1942  1943  1935  5
1935  1943  1944  1936  5
1936  1944  1945  1937  5
1937  1945  1946  1938  5
1938  1946  1947  1939  5
1939  1947  1948  1940  5
1940  1948  285  284  5
309  310  1949  1941  5
1941  1949  1950  1942  5
1942  1950  1951  1943  5
1943  1951  1952  1944  5
1944  1952  1953  1945  5
1945  1953  1954  1946  5
1946  1954  1955  1947  5
1947  1955  1956  1948  5
1948  1956  286  285  5
310  311  1957  1949  5
1949  1957  1958  1950  5
1950  1958  1959  1951  5
1951  1959  1960  1952  5
1952  1960  1961  1953  5
1953  1961  1962  1954  5
1954  1962  1963  1955  5
1955  1963  1964  1956  5
1956  1964  287  286  5
311  22  208  1957  5
1957  208  209  1958  5
1958  209  210  1959  5
1959  210  211  1960  5
1960  211  212  1961  5
1961  212  213  1962  5
1962  213  214  1963  5
1963  214  215  1964  5
1964  215  19  287  5
312  313  1973  1965  6
1965  1973  1974  1966  6
1966  1974  1975  1967  6
1967  1975  1976  1968  6
1968  1976  1977  1969  6
1969  1977  1978  1970  6
1970  1978  1979  1971  6
1971  1979  1980  1972  6
1972  1980  321  320  6
313  314  1981  1973  6
1973  1981  1982  1974  6
1974  1982  1983  1975  6
1975  1983  1984  1976  6
1976  1984  1985  1977  6
1977  1985  1986  1978  6
1978  1986  1987  1979  6
1979  1987  1988  1980  6
1980  1988  322  321  6
314  315  1989  1981  6
1981  1989  1990  1982  6
1982  1990  1991  1983  6
1983  1991  1992  1984  6
1984  1992  1993  1985  6
1985  1993  1994  1986  6
1986  1994  1995  1987  6
1987  1995  1996  1988  6
1988  1996  323  322  6
315  316  1997  1989  6
1989  1997  1998  1990  6
1990  1998  1999  1991  6
1991  1999  2000  1992  6
1992  2000  2001  1993  6
1993  2001  2002  1994  6
1994  2002  2003  1995  6
1995  2003  2004  1996  6
1996  2004  324  323  6
316  317  2005  1997  6
1997  2005  2006  1998  6
1998  2006  2007  1999  6
1999  2007  2008  2000  6
2000  2008  2009  2001  6
2001  2009  2010  2002  6
2002  2010  2011  2003  6
2003  2011  2012  2004  6
2004  2012  325  324  6
317  318  2013  2005  6
2005  2013  2014  2006  6
2006  2014  2015  2007  6
2007  2015  2016  2008  6
2008  2016  2017  2009  6
2009  2017  2018  2010  6
2010  2018  2019  2011  6
2011  2019  2020  2012  6
2012  2020  326  325  6
318  319  2021  2013  6
2013  2021  2022  2014  6
2014  2022  2023  2015  6
2015  2023  2024  2016  6
2016  2024  2025  2017  6
2017  2025  2026  2018  6
2018  2026  2027  2019  6
2019  2027  2028  2020  6
2020  2028  327  326  6
319  24  216  2021  6
2021  216  217  2022  6
2022  217  218  2023  6
2023  218  219  2024  6
2024  219  220  2025  6
2025  220  221  2026  6
2026  221  222  2027  6
2027  222  223  2028  6
2028  223  25  327  6
320  321  2037  2029  6
2029  2037  2038  2030  6
2030  2038  2039  2031  6
2031  2039  2040  2032  6
2032  2040  2041  2033  6
2033  2041  2042  2034  6
2034  2042  2043  2035  6
2035  2043  2044  2036  6
2036  2044  329  328  6
321  322  2045  2037  6
2037  2045  2046  2038  6
2038  2046  2047  2039  6
2039  2047  2048  2040  6
2040  2048  2049  2041  6
2041  2049  2050  2042  6
2042  2050  2051  2043  6
2043  2051  2052  2044  6
2044  2052  330  329  6
322  323  2053  2045  6
2045  2053  2054  2046  6
2046  2054  2055  2047  6
2047  2055  2056  2048  6
2048  2056  2057  2049  6
2049  2057  2058  2050  6
2050  2058  2059  2051  6
2051  2059  2060  2052  6
2052  2060  331  330  6
323  324  2061  2053  6
2053  2061  2062  2054  6
2054  2062  2063  2055  6
2055  2063  2064  2056  6
2056  2064  2065  2057  6
2057  2065  2066  2058  6
2058  2066  2067  2059  6
2059  2067  2068  2060  6
2060  2068  332  331  6
324  325  2069  2061  6
2061  2069  2070  2062  6
2062  2070  2071  2063  6
2063  2071  2072  2064  6
2064  2072  2073  2065  6
2065  2073  2074  2066  6
2066  2074  2075  2067  6
2067  2075  2076  2068  6
2068  2076  333  332  6
325  326  2077  2069  6
2069  2077  2078  2070  6
2070  2078  2079  2071  6
2071  2079  2080  2072  6
2072  2080  2081  2073  6
2073  2081  2082  2074  6
2074  2082  2083  2075  6
2075  2083  2084  2076  6
2076  2084  334  333  6
326  327  2085  2077  6
2077  2085  2086  2078  6
2078  2086  2087  2079  6
2079  2087  2088  2080  6
2080  2088  2089  2081  6
2081  2089  2090  2082  6
2082  2090  2091  2083  6
2083  2091  2092  2084  6
2084  2092  335  334  6
327  25  224  2085  6
2085  224  225  2086  6
2086  225  226  2087  6
2087  226  227  2088  6
2088  227  228  2089  6
2089  228  229  2090  6
2090  229  230  2091  6
2091  230  231  2092  6
2092  231  26  335  6
328  329  2101  2093  6
2093  2101  2102  2094  6
2094  2102  2103  2095  6
2095  2103  2104  2096  6
2096  2104  2105  2097  6
2097  2105  2106  2098  6
2098  2106  2107  2099  6
2099  2107  2108  2100  6
2100  2108  337  336  6
329  330  2109  2101  6
2101  2109  2110  2102  6
2102  2110  2111  2103  6
2103  2111  2112  2104  6
2104  2112  2113  2105  6
2105  2113  2114  2106  6
2106  2114  2115  2107  6
2107  2115  2116  2108  6
2108  2116  338  337  6
330  331  2117  2109  6
2109  2117  2118  2110  6
2110  2118  2119  2111  6
2111  2119  2120  2112  6
2112  2120  2121  2113  6
2113  2121  2122  2114  6
2114  2122  2123  2115  6
2115  2123  2124  2116  6
2116  2124  339  338  6
331  332  2125  2117  6
2117  2125  2126  2118  6
2118  2126  2127  2119  6
2119  2127  2128  2120  6
2120  2128  2129  2121  6
2121  2129  2130  2122  6
2122  2130  2131  2123  6
2123  2131  2132  2124  6
2124  2132  340  339  6
332  333  2133  2125  6
2125  2133  2134  2126  6
2126  2134  2135  2127  6
2127  2135  2136  2128  6
2128  2136  2137  2129  6
2129  2137  2138  2130  6
2130  2138  2139  2131  6
2131  2139  2140  2132  6
2132  2140  341  340  6
333  334  2141  2133  6
2133  2141  2142  2134  6
2134  2142  2143  2135  6
2135  2143  2144  2136  6
2136  2144  2145  2137  6
2137  2145  2146  2138  6
2138  2146  2147  2139  6
2139  2147  2148  2140  6
2140  2148  342  341  6
334  335  2149  2141  6
2141  2149  2150  2142  6
2142  2150  2151  2143  6
2143  2151  2152  2144  6
2144  2152  2153  2145  6
2145  2153  2154  2146  6
2146  2154  2155  2147  6
2147  2155  2156  2148  6
2148  2156  343  342  6
335  26  232  2149  6
2149  232  233  2150  6
2150  233  234  2151  6
2151  234  235  2152  6
2152  235  236  2153  6
2153  236  237  2154  6
2154  237  238  2155  6
2155  238  239  2156  6
2156  239  27  343  6
336  337  2165  2157  6
2157  2165  2166  2158  6
2158  2166  2167  2159  6
2159  2167  2168  2160  6
2160  2168  2169  2161  6
2161  2169  2170  2162  6
2162  2170  2171  2163  6
2163  2171  2172  2164  6
2164  2172  313  312  6
337  338  2173  2165  6
2165  2173  2174  2166  6
2166  2174  2175  2167  6
2167  2175  2176  2168  6
2168  2176  2177  2169  6
2169  2177  2178  2170  6
2170  2178  2179  2171  6
2171  2179  2180  2172  6
2172  2180  314  313  6
338  339  2181  2173  6
2173  2181  2182  2174  6
2174  2182  2183  2175  6
2175  2183  2184  2176  6
2176  2184  2185  2177  6
2177  2185  2186  2178  6
2178  2186  2187  2179  6
2179  2187  2188  2180  6
2180  2188  315  314  6
339  340  2189  2181  6
2181  2189  2190  2182  6
2182  2190  2191  2183  6
2183  2191  2192  2184  6
2184  2192  2193  2185  6
2185  2193  2194  2186  6
2186  2194  2195  2187  6
2187  2195  2196  2188  6
2188  2196  316  315  6
340  341  2197  2189  6
2189  2197  2198  2190  6
2190  2198  2199  2191  6
2191  2199  2200  2192  6
2192  2200  2201  2193  6
2193  2201  2202  2194  6
2194  2202  2203  2195  6
2195  2203  2204  2196  6
2196  2204  317  316  6
341  342  2205  2197  6
2197  2205  2206  2198  6
2198  2206  2207  2199  6
2199  2207  2208  2200  6
2200  2208  2209  2201  6
2201  2209  2210  2202  6
2202  2210  2211  2203  6
2203  2211  2212  2204  6
2204  2212  318  317  6
342  343  2213  2205  6
2205  2213  2214  2206  6
2206  2214  2215  2207  6
2207  2215  2216  2208  6
2208  2216  2217  2209  6
2209  2217  2218  2210  6
2210  2218  2219  2211  6
2211  2219  2220  2212  6
2212  2220  319  318  6
343  27  240  2213  6
2213  240  241  2214  6
2214  241  242  2215  6
2215  242  243  2216  6
2216  243  244  2217  6
2217  244  245  2218  6
2218  245  246  2219  6
2219  246  247  2220  6
2220  247  24  319  6
End
