MeshVersionFormatted 1
Dimension 
2
Vertices
2108
1.080000000000000e-01  0.000000000000000e+00  2
0.000000000000000e+00  1.080000000000000e-01  2
-1.080000000000000e-01  0.000000000000000e+00  2
0.000000000000000e+00  -1.080000000000000e-01  2
2.000000000000000e+00  0.000000000000000e+00  3
0.000000000000000e+00  2.000000000000000e+00  3
-2.000000000000000e+00  0.000000000000000e+00  3
0.000000000000000e+00  -2.000000000000000e+00  3
9.200000000000000e-02  0.000000000000000e+00  1
0.000000000000000e+00  9.200000000000000e-02  1
-9.200000000000000e-02  0.000000000000000e+00  1
0.000000000000000e+00  -9.200000000000000e-02  1
5.000000000000000e-02  0.000000000000000e+00  0
6.750000000000000e-02  0.000000000000000e+00  4
5.000000000000000e-02  1.750000000000000e-02  4
3.250000000000000e-02  0.000000000000000e+00  4
5.000000000000000e-02  -1.750000000000000e-02  4
-2.499999999999999e-02  4.330127018922194e-02  0
-7.499999999999989e-03  4.330127018922194e-02  5
-2.499999999999999e-02  6.080127018922194e-02  5
-4.250000000000000e-02  4.330127018922194e-02  5
-2.499999999999999e-02  2.580127018922194e-02  5
-2.499999999999999e-02  -4.330127018922194e-02  0
-7.499999999999989e-03  -4.330127018922194e-02  6
-2.499999999999999e-02  -2.580127018922194e-02  6
-4.250000000000000e-02  -4.330127018922194e-02  6
-2.499999999999999e-02  -6.080127018922194e-02  6
-1.052922145024082e-01  -2.403226092524098e-02  2
-9.730463767346507e-02  -4.685944394927965e-02  2
-8.443779997598024e-02  -6.733689876446905e-02  2
-6.733689843234285e-02  -8.443780024084203e-02  2
-4.685944368105096e-02  -9.730463780263721e-02  2
-2.403226078535084e-02  -1.052922145343372e-01  2
2.403226092524098e-02  -1.052922145024082e-01  2
4.685944394927965e-02  -9.730463767346507e-02  2
6.733689876446905e-02  -8.443779997598024e-02  2
8.443780024084203e-02  -6.733689843234285e-02  2
9.730463780263721e-02  -4.685944368105096e-02  2
1.052922145343372e-01  -2.403226078535084e-02  2
1.052922145024082e-01  2.403226092524098e-02  2
9.730463767346507e-02  4.685944394927965e-02  2
8.443779997598024e-02  6.733689876446905e-02  2
6.733689843234285e-02  8.443780024084203e-02  2
4.685944368105096e-02  9.730463780263721e-02  2
2.403226078535084e-02  1.052922145343372e-01  2
-2.403226092524098e-02  1.052922145024082e-01  2
-4.685944394927965e-02  9.730463767346507e-02  2
-6.733689876446905e-02  8.443779997598024e-02  2
-8.443780024084203e-02  6.733689843234285e-02  2
-9.730463780263721e-02  4.685944368105096e-02  2
-1.052922145343372e-01  2.403226078535084e-02  2
-4.450418690557986e-01  1.949855824102726e+00  3
-8.677674805380480e-01  1.801937734695805e+00  3
-1.246979606800053e+00  1.563662962477780e+00  3
-1.563662967316790e+00  1.246979600732125e+00  3
-1.801937737009894e+00  8.677674757327917e-01  3
-1.949855824686936e+00  4.450418664962098e-01  3
-1.949855824102726e+00  -4.450418690557986e-01  3
-1.801937734695805e+00  -8.677674805380480e-01  3
-1.563662962477780e+00  -1.246979606800053e+00  3
-1.246979600732125e+00  -1.563662967316790e+00  3
-8.677674757327917e-01  -1.801937737009894e+00  3
-4.450418664962098e-01  -1.949855824686936e+00  3
4.450418690557986e-01  -1.949855824102726e+00  3
8.677674805380480e-01  -1.801937734695805e+00  3
1.246979606800053e+00  -1.563662962477780e+00  3
1.563662967316790e+00  -1.246979600732125e+00  3
1.801937737009894e+00  -8.677674757327917e-01  3
1.949855824686936e+00  -4.450418664962098e-01  3
1.949855824102726e+00  4.450418690557986e-01  3
1.801937734695805e+00  8.677674805380480e-01  3
1.563662962477780e+00  1.246979606800053e+00  3
1.246979600732125e+00  1.563662967316790e+00  3
8.677674757327917e-01  1.801937737009894e+00  3
4.450418664962098e-01  1.949855824686936e+00  3
0.000000000000000e+00  3.182222222217982e-01  0
0.000000000000000e+00  5.284444444434235e-01  0
0.000000000000000e+00  7.386666666650584e-01  0
0.000000000000000e+00  9.488888888866596e-01  0
0.000000000000000e+00  1.159111111109013e+00  0
0.000000000000000e+00  1.369333333331799e+00  0
0.000000000000000e+00  1.579555555554460e+00  0
0.000000000000000e+00  1.789777777777155e+00  0
3.182222222217982e-01  0.000000000000000e+00  0
5.284444444434235e-01  0.000000000000000e+00  0
7.386666666650584e-01  0.000000000000000e+00  0
9.488888888866596e-01  0.000000000000000e+00  0
1.159111111109013e+00  0.000000000000000e+00  0
1.369333333331799e+00  0.000000000000000e+00  0
1.579555555554460e+00  0.000000000000000e+00  0
1.789777777777155e+00  0.000000000000000e+00  0
0.000000000000000e+00  -3.182222222217982e-01  0
0.000000000000000e+00  -5.284444444434235e-01  0
0.000000000000000e+00  -7.386666666650584e-01  0
0.000000000000000e+00  -9.488888888866596e-01  0
0.000000000000000e+00  -1.159111111109013e+00  0
0.000000000000000e+00  -1.369333333331799e+00  0
0.000000000000000e+00  -1.579555555554460e+00  0
0.000000000000000e+00  -1.789777777777155e+00  0
-3.182222222217982e-01  0.000000000000000e+00  0
-5.284444444434235e-01  0.000000000000000e+00  0
-7.386666666650584e-01  0.000000000000000e+00  0
-9.488888888866596e-01  0.000000000000000e+00  0
-1.159111111109013e+00  0.000000000000000e+00  0
-1.369333333331799e+00  0.000000000000000e+00  0
-1.579555555554460e+00  0.000000000000000e+00  0
-1.789777777777155e+00  0.000000000000000e+00  0
8.969336790901071e-02  2.047192597531671e-02  1
8.288913579626503e-02  3.991730410421442e-02  1
7.192849627255651e-02  5.736106191458473e-02  1
5.736106162235475e-02  7.192849650560215e-02  1
3.991730387915233e-02  8.288913590464923e-02  1
2.047192585889986e-02  8.969336793558209e-02  1
-2.047192597531671e-02  8.969336790901071e-02  1
-3.991730410421442e-02  8.288913579626503e-02  1
-5.736106191458473e-02  7.192849627255651e-02  1
-7.192849650560215e-02  5.736106162235475e-02  1
-8.288913590464923e-02  3.991730387915233e-02  1
-8.969336793558209e-02  2.047192585889986e-02  1
-8.969336790901071e-02  -2.047192597531671e-02  1
-8.288913579626503e-02  -3.991730410421442e-02  1
-7.192849627255651e-02  -5.736106191458473e-02  1
-5.736106162235475e-02  -7.192849650560215e-02  1
-3.991730387915233e-02  -8.288913590464923e-02  1
-2.047192585889986e-02  -8.969336793558209e-02  1
2.047192597531671e-02  -8.969336790901071e-02  1
3.991730410421442e-02  -8.288913579626503e-02  1
5.736106191458473e-02  -7.192849627255651e-02  1
7.192849650560215e-02  -5.736106162235475e-02  1
8.288913590464923e-02  -3.991730387915233e-02  1
8.969336793558209e-02  -2.047192585889986e-02  1
0.000000000000000e+00  9.999999999998102e-02  0
9.999999999998102e-02  0.000000000000000e+00  0
0.000000000000000e+00  -9.999999999998102e-02  0
-9.999999999998102e-02  0.000000000000000e+00  0
6.723413567674238e-02  3.038843114679562e-03  4
6.644462085883261e-02  5.985352521718964e-03  4
6.515544455529090e-02  8.750000018943046e-03  4
6.340577772955830e-02  1.124878319933667e-02  4
6.124878314666014e-02  1.340577777375915e-02  4
5.874999998093501e-02  1.515544457723486e-02  4
5.598535249159738e-02  1.644462086979597e-02  4
5.303884310435090e-02  1.723413567856361e-02  4
4.696115688252856e-02  1.723413567625010e-02  4
4.401464747513355e-02  1.644462085768702e-02  4
4.124999997479287e-02  1.515544455167433e-02  4
3.875121679885440e-02  1.340577772804042e-02  4
3.659422222602763e-02  1.124878314640603e-02  4
3.484455542201854e-02  8.749999979641850e-03  4
3.355537913072064e-02  5.985352493016728e-03  4
3.276586432088636e-02  3.038843101231510e-03  4
3.276586432340391e-02  -3.038843115509188e-03  4
3.355537914105673e-02  -5.985352521414908e-03  4
3.484455544501082e-02  -8.750000019465647e-03  4
3.659422226847098e-02  -1.124878319698804e-02  4
3.875121685212866e-02  -1.340577777274284e-02  4
4.125000001803803e-02  -1.515544457664194e-02  4
4.401464750765975e-02  -1.644462086952558e-02  4
4.696115689525984e-02  -1.723413567849497e-02  4
5.303884311658932e-02  -1.723413567640564e-02  4
5.598535252318303e-02  -1.644462085829973e-02  4
5.875000002287996e-02  -1.515544455301793e-02  4
6.124878319840092e-02  -1.340577773034348e-02  4
6.340577777120168e-02  -1.124878314970802e-02  4
6.515544457903244e-02  -8.749999977821518e-03  4
6.644462086951103e-02  -5.985352492380231e-03  4
6.723413567934683e-02  -3.038843099909025e-03  4
-7.765864323935352e-03  4.634011330774518e-02  5
-8.555379141227264e-03  4.928662271110543e-02  5
-9.844555442734616e-03  5.205127020474511e-02  5
-1.159422226776080e-02  5.455005338536364e-02  5
-1.375121685739031e-02  5.670704796637983e-02  5
-1.625000002528925e-02  5.845671477005038e-02  5
-1.901464751127211e-02  5.974589106006232e-02  5
-2.196115689944465e-02  6.053540586845481e-02  5
-2.803884311849244e-02  6.053540586529201e-02  5
-3.098535252671530e-02  5.974589104623602e-02  5
-3.375000003002160e-02  5.845671473811664e-02  5
-3.624878319827344e-02  5.670704791967238e-02  5
-3.840577778148281e-02  5.455005332667737e-02  5
-4.015544458228604e-02  5.205127016140802e-02  5
-4.144462086946461e-02  4.928662268172970e-02  5
-4.223413567810120e-02  4.634011329619522e-02  5
-4.223413567573225e-02  4.026242706881367e-02  5
-4.144462085739169e-02  3.731591766354411e-02  5
-4.015544455687860e-02  3.455127017302886e-02  5
-3.840577773275733e-02  3.205248699369774e-02  5
-3.624878314681623e-02  2.989549241559377e-02  5
-3.374999997965533e-02  2.814582561124826e-02  5
-3.098535249503275e-02  2.685664932067634e-02  5
-2.803884310154096e-02  2.606713451016287e-02  5
-2.196115688125734e-02  2.606713451319599e-02  5
-1.901464747243922e-02  2.685664933251558e-02  5
-1.624999997359746e-02  2.814582563823777e-02  5
-1.375121679947327e-02  2.989549246066222e-02  5
-1.159422222329184e-02  3.205248704607629e-02  5
-9.844555419782457e-03  3.455127021345308e-02  5
-8.555379131087632e-03  3.731591769519686e-02  5
-7.765864321887115e-03  4.026242708231481e-02  5
-7.765864324091740e-03  -4.026242706981176e-02  6
-8.555379141843324e-03  -3.731591766564584e-02  6
-9.844555444085541e-03  -3.455127017135890e-02  6
-1.159422227007642e-02  -3.205248699032059e-02  6
-1.375121685579441e-02  -2.989549241340317e-02  6
-1.625000002299519e-02  -2.814582560971798e-02  6
-1.901464750900973e-02  -2.685664931920500e-02  6
-2.196115689906045e-02  -2.606713451005682e-02  6
-2.803884311819464e-02  -2.606713451309936e-02  6
-3.098535252651498e-02  -2.685664933213494e-02  6
-3.375000002949356e-02  -2.814582564002238e-02  6
-3.624878319964960e-02  -2.989549245992623e-02  6
-3.840577778027910e-02  -3.205248705033199e-02  6
-4.015544458158380e-02  -3.455127021581954e-02  6
-4.144462086914436e-02  -3.731591769583432e-02  6
-4.223413567801990e-02  -4.026242708178760e-02  6
-4.223413567571123e-02  -4.634011330974945e-02  6
-4.144462085730888e-02  -4.928662271512731e-02  6
-4.015544455669699e-02  -5.205127020572957e-02  6
-3.840577773244604e-02  -5.455005338511712e-02  6
-3.624878314562704e-02  -5.670704796384796e-02  6
-3.374999998020366e-02  -5.845671476687904e-02  6
-3.098535249622631e-02  -5.974589105733312e-02  6
-2.803884310276255e-02  -6.053540586806562e-02  6
-2.196115688095954e-02  -6.053540586519538e-02  6
-1.901464747223889e-02  -5.974589104585539e-02  6
-1.624999997306943e-02  -5.845671473990125e-02  6
-1.375121680084943e-02  -5.670704791893640e-02  6
-1.159422222208813e-02  -5.455005333093307e-02  6
-9.844555419080218e-03  -5.205127016377448e-02  6
-8.555379130767395e-03  -4.928662268236718e-02  6
-7.765864321805822e-03  -4.634011329566802e-02  6
5.876712514914442e-02  0.000000000000000e+00  0
6.315068679292841e-02  0.000000000000000e+00  0
6.534246714940962e-02  0.000000000000000e+00  0
6.643835709495369e-02  0.000000000000000e+00  0
6.698630195137026e-02  0.000000000000000e+00  0
6.726027432140352e-02  0.000000000000000e+00  0
6.739726047733262e-02  0.000000000000000e+00  0
6.746575353590606e-02  0.000000000000000e+00  0
5.000000000000000e-02  8.767125149134910e-03  0
5.000000000000000e-02  1.315068679291819e-02  0
5.000000000000000e-02  1.534246714940633e-02  0
5.000000000000000e-02  1.643835709494881e-02  0
5.000000000000000e-02  1.698630195136950e-02  0
5.000000000000000e-02  1.726027432140351e-02  0
5.000000000000000e-02  1.739726047733303e-02  0
5.000000000000000e-02  1.746575353590609e-02  0
4.123287485086564e-02  0.000000000000000e+00  0
3.684931320708240e-02  0.000000000000000e+00  0
3.465753285059583e-02  0.000000000000000e+00  0
3.356164290504935e-02  0.000000000000000e+00  0
3.301369804863061e-02  0.000000000000000e+00  0
3.273972567859668e-02  0.000000000000000e+00  0
3.260273952266696e-02  0.000000000000000e+00  0
3.253424646409389e-02  0.000000000000000e+00  0
5.000000000000000e-02  -8.767125149134910e-03  0
5.000000000000000e-02  -1.315068679291819e-02  0
5.000000000000000e-02  -1.534246714940633e-02  0
5.000000000000000e-02  -1.643835709494881e-02  0
5.000000000000000e-02  -1.698630195136950e-02  0
5.000000000000000e-02  -1.726027432140351e-02  0
5.000000000000000e-02  -1.739726047733303e-02  0
5.000000000000000e-02  -1.746575353590609e-02  0
-1.623287485086474e-02  4.330127018922194e-02  0
-1.184931320708177e-02  4.330127018922194e-02  0
-9.657532850593644e-03  4.330127018922194e-02  0
-8.561642905051171e-03  4.330127018922194e-02  0
-8.013698048630492e-03  4.330127018922194e-02  0
-7.739725678596484e-03  4.330127018922194e-02  0
-7.602739522666963e-03  4.330127018922194e-02  0
-7.534246464093900e-03  4.330127018922194e-02  0
-2.499999999999999e-02  5.206839533835749e-02  0
-2.499999999999999e-02  5.645195698213924e-02  0
-2.499999999999999e-02  5.864373733862912e-02  0
-2.499999999999999e-02  5.973962728416939e-02  0
-2.499999999999999e-02  6.028757214059172e-02  0
-2.499999999999999e-02  6.056154451062570e-02  0
-2.499999999999999e-02  6.069853066655498e-02  0
-2.499999999999999e-02  6.076702372512802e-02  0
-3.376712514913745e-02  4.330127018922194e-02  0
-3.815068679291613e-02  4.330127018922194e-02  0
-4.034246714940359e-02  4.330127018922194e-02  0
-4.143835709495040e-02  4.330127018922194e-02  0
-4.198630195136929e-02  4.330127018922194e-02  0
-4.226027432140329e-02  4.330127018922194e-02  0
-4.239726047733303e-02  4.330127018922194e-02  0
-4.246575353590611e-02  4.330127018922194e-02  0
-2.499999999999999e-02  3.453414504008781e-02  0
-2.499999999999999e-02  3.015058339630402e-02  0
-2.499999999999999e-02  2.795880303981606e-02  0
-2.499999999999999e-02  2.686291309427280e-02  0
-2.499999999999999e-02  2.631496823785232e-02  0
-2.499999999999999e-02  2.604099586781838e-02  0
-2.499999999999999e-02  2.590400971188889e-02  0
-2.499999999999999e-02  2.583551665331584e-02  0
-1.623287485086474e-02  -4.330127018922194e-02  0
-1.184931320708177e-02  -4.330127018922194e-02  0
-9.657532850593644e-03  -4.330127018922194e-02  0
-8.561642905051171e-03  -4.330127018922194e-02  0
-8.013698048630492e-03  -4.330127018922194e-02  0
-7.739725678596484e-03  -4.330127018922194e-02  0
-7.602739522666963e-03  -4.330127018922194e-02  0
-7.534246464093900e-03  -4.330127018922194e-02  0
-2.499999999999999e-02  -3.453414504008781e-02  0
-2.499999999999999e-02  -3.015058339630402e-02  0
-2.499999999999999e-02  -2.795880303981606e-02  0
-2.499999999999999e-02  -2.686291309427280e-02  0
-2.499999999999999e-02  -2.631496823785232e-02  0
-2.499999999999999e-02  -2.604099586781838e-02  0
-2.499999999999999e-02  -2.590400971188889e-02  0
-2.499999999999999e-02  -2.583551665331584e-02  0
-3.376712514913745e-02  -4.330127018922194e-02  0
-3.815068679291613e-02  -4.330127018922194e-02  0
-4.034246714940359e-02  -4.330127018922194e-02  0
-4.143835709495040e-02  -4.330127018922194e-02  0
-4.198630195136929e-02  -4.330127018922194e-02  0
-4.226027432140329e-02  -4.330127018922194e-02  0
-4.239726047733303e-02  -4.330127018922194e-02  0
-4.246575353590611e-02  -4.330127018922194e-02  0
-2.499999999999999e-02  -5.206839533835749e-02  0
-2.499999999999999e-02  -5.645195698213924e-02  0
-2.499999999999999e-02  -5.864373733862912e-02  0
-2.499999999999999e-02  -5.973962728416939e-02  0
-2.499999999999999e-02  -6.028757214059172e-02  0
-2.499999999999999e-02  -6.056154451062570e-02  0
-2.499999999999999e-02  -6.069853066655498e-02  0
-2.499999999999999e-02  -6.076702372512802e-02  0
4.110290758847863e-02  -1.843536201140736e-02  0
-3.673741930895728e-02  -2.666832048557425e-02  0
-4.792357448118779e-03  4.489182933057007e-02  0
-3.648165708164287e-02  2.686224951828244e-02  0
-5.021963358305592e-03  -4.417525007259503e-02  0
4.154777498913270e-02  1.801597333288063e-02  0
-1.302725156242036e-02  -2.694820007055636e-02  0
2.965521211531416e-02  1.555039427053469e-03  0
-1.664340381334396e-02  2.525156576640885e-02  0
-6.622637827700050e-03  3.510139532004242e-02  0
-2.700542411895707e-02  -2.347742791615096e-02  0
3.249403773295587e-02  -1.179826139514937e-02  0
3.322502197713666e-02  1.199413927205598e-02  0
-2.684979034066061e-02  2.321859881913448e-02  0
-6.538087762104257e-03  -3.534395409631495e-02  0
3.099231476656071e-02  -5.424608593389722e-03  0
-1.053207061047474e-02  2.838778746712320e-02  0
-2.024946850529963e-02  -2.388695155104205e-02  0
-4.193435573830159e-02  3.167333722848653e-02  0
-4.118871114368931e-02  -3.077829931974926e-02  0
4.833002808021949e-02  2.077974911829708e-02  0
-7.263431513475160e-03  5.214568698546888e-02  0
4.744687279839478e-02  -2.062657516043438e-02  0
-6.468733359624120e-03  -5.196416530049670e-02  0
-4.491488764921502e-02  3.819574658278702e-02  0
-4.363683312726359e-02  -3.732447921754178e-02  0
-1.012328435312535e-02  5.759723819106018e-02  0
-1.127703815974192e-02  -5.819839893215249e-02  0
-4.511535783482852e-02  4.635749534756115e-02  0
-4.539346776263542e-02  -4.440304128938638e-02  0
-1.619024477019938e-02  -6.298486508284443e-02  0
-1.558874398559343e-02  6.141009593862962e-02  0
3.902707199035105e-02  6.255951727873243e-02  0
3.952762413910361e-02  -6.015389346071529e-02  0
-7.419204540889338e-02  8.648498839575186e-03  0
5.819647687730486e-02  -1.841472697842971e-02  0
5.819721555227120e-02  1.860791064841355e-02  0
6.588622384648352e-02  -1.382403405226539e-02  0
6.550535242264330e-02  1.411247122721286e-02  0
-4.350391933583805e-02  -5.083730596428438e-02  0
-4.547499392717697e-02  5.037989489297941e-02  0
-7.242838017820509e-02  -2.302386450825800e-02  0
-2.266297655983297e-02  -6.452080743903556e-02  0
-2.361890521620725e-02  6.468372637182770e-02  0
7.113299766644150e-02  3.401912571235033e-03  0
7.098338561756024e-02  -4.302060067450702e-03  0
-3.516594844986067e-02  -6.113020711516965e-02  0
-3.776793139947224e-02  6.076105101632210e-02  0
8.603438122276633e-03  7.230810993253795e-02  0
5.249989566050716e-03  -7.724864965155828e-02  0
-3.089687209202412e-02  -6.376730360107699e-02  0
-3.084130594397043e-02  6.442862465433201e-02  0
6.450779871340034e-02  3.838815623830059e-02  0
6.313393318964627e-02  -4.052470542635093e-02  0
-6.454885642190916e-02  4.115717807333644e-02  0
7.179059032906145e-02  -2.601693572595530e-02  0
7.224532451625450e-02  2.556548812594567e-02  0
-8.180847332352227e-03  -3.259032902765247e-02  0
-4.406769421809376e-03  -3.345919305193334e-02  0
-2.317287565098782e-03  -3.157874686624381e-02  0
-3.788642793010587e-04  -3.393262741901846e-02  0
-3.906736592386144e-03  -2.920922648077372e-02  0
-2.104972740437456e-04  -2.981901238376284e-02  0
-1.511574827902843e-03  -2.704289245577018e-02  0
7.897845674005012e-04  -2.671324222774544e-02  0
-8.900600375495034e-04  -2.389597698007572e-02  0
2.001651937339100e-03  -2.474206969649244e-02  0
-6.871559778667861e-05  -2.091847741162929e-02  0
2.727570980186439e-03  -2.191178501013863e-02  0
1.781117919802190e-03  -1.860116423236088e-02  0
4.643542987894406e-03  -2.347271545157439e-02  0
4.831505077349564e-03  -1.955412128411041e-02  0
3.801490853810749e-03  -1.612079163518655e-02  0
7.812686939967826e-04  -1.540307811607227e-02  0
1.509427854196448e-03  -1.306887339591281e-02  0
-8.694193599649746e-04  -1.281970287728588e-02  0
-3.141690707674689e-04  -1.064797973475934e-02  0
-2.955984677764375e-03  -1.064815373671256e-02  0
-2.373952534106911e-03  -8.098909349577759e-03  0
-5.246733816877291e-03  -8.051277649439690e-03  0
-5.120199104461314e-03  -5.513516713770529e-03  0
-7.301995495856337e-03  -5.584572562444941e-03  0
-2.216602308393011e-03  -5.486550553897727e-03  0
-2.775143797645591e-03  -2.827966464637106e-03  0
3.533069027494058e-04  -2.624991733676330e-03  0
-9.063816912790047e-04  1.688135658304461e-05  0
2.096723076239876e-03  2.696682853686505e-04  0
6.750434980999999e-04  2.815216364485991e-03  0
3.617162389913035e-03  3.053148880656607e-03  0
-2.330270318670106e-03  2.613712888826058e-03  0
2.207512211547662e-03  5.583405621546697e-03  0
5.074243815592062e-03  5.959111216725504e-03  0
3.534689382074530e-03  8.502265233315931e-03  0
6.052811557314331e-03  9.297056371098624e-03  0
4.395667668909285e-03  1.142585108663080e-02  0
8.450569964015857e-03  1.039351142198618e-02  0
6.476930007157169e-03  1.302388901290807e-02  0
9.398246409773008e-03  1.384061528884570e-02  0
8.270027636646658e-03  1.605080493952010e-02  0
1.035974278687663e-02  1.698291237256572e-02  0
9.155028175797013e-03  1.954951221083134e-02  0
1.266147049938800e-02  1.896288828116776e-02  0
9.830466965514118e-03  2.208373092766711e-02  0
1.249643138462551e-02  2.217007302668351e-02  0
1.205572785852310e-02  2.527170482594110e-02  0
1.506592233911020e-02  2.577290012285796e-02  0
1.338701760440657e-02  2.816160497453484e-02  0
1.804376972090471e-02  2.767334246131588e-02  0
7.129126857103095e-03  -1.539726289948839e-02  0
4.963493833793899e-03  5.870839930228087e-04  0
2.143479179031072e-03  1.090629956006713e-02  0
1.015595353280299e-02  8.314593234688052e-03  0
-8.458287779086438e-03  -7.684556154272659e-03  0
-1.099080642277878e-02  -5.713370852325564e-03  0
1.421675916144632e-02  1.622546034900678e-02  0
6.384125603234820e-03  1.808227531567553e-02  0
-1.135615089304943e-02  -8.113945044993942e-03  0
-1.383523066240213e-02  -5.893485058868373e-03  0
-1.377196299807011e-02  -8.114325493140862e-03  0
-1.573888230339921e-02  -6.055212179351397e-03  0
-1.405703081804528e-02  -3.785121633892547e-03  0
-1.662237284358594e-02  -4.072304028304049e-03  0
-1.505180439815054e-02  -1.854999102576679e-03  0
-1.859547313093392e-02  -2.358021987694435e-03  0
-1.997620913913455e-02  -4.632933339773698e-03  0
-2.121020182482459e-02  -2.137949911010019e-03  0
-2.311346810376197e-02  -4.712214040594010e-03  0
-2.434503698266499e-02  -1.804145252844112e-03  0
-2.653845398050038e-02  -4.486212652422370e-03  0
-2.790620055068860e-02  -8.135884809977085e-04  0
-3.134121916564565e-02  -3.608963804634531e-03  0
-3.263287988636119e-02  1.276893453093206e-03  0
-1.692561342127291e-02  9.681868635895209e-05  0
-2.625957541948496e-02  2.823750824004775e-03  0
1.906002285447952e-02  2.416647910088253e-02  0
9.638504689853085e-03  2.687749351816218e-02  0
1.095942979326445e-02  2.959449547745381e-02  0
-2.483835318922779e-02  -6.664327666642591e-03  0
-1.247240711042761e-02  -1.045528069487337e-02  0
-1.547353843463140e-02  -1.135245007422559e-02  0
7.614439009238895e-03  3.086950465657878e-02  0
9.752122570529839e-03  3.462247173020572e-02  0
-2.184106696168461e-03  -1.526761906184344e-02  0
1.274127371630405e-03  -5.678632240678148e-03  0
-1.369161579931457e-02  9.809018188704909e-04  0
-1.555398560569897e-02  3.246784681318515e-03  0
-1.225659305385560e-02  3.850157997468400e-03  0
-1.415213691636182e-02  6.130837086575923e-03  0
-1.085836362207222e-02  6.713458933772841e-03  0
-1.280131767978311e-02  9.021205282223575e-03  0
-1.614192679299308e-02  9.853870935601963e-03  0
-9.662091292284276e-03  9.864143988804711e-03  0
-1.172554151118161e-02  1.204575692732768e-02  0
-9.171879064232563e-03  1.340434486370943e-02  0
8.603599701693153e-03  -1.807021469140387e-02  0
9.944160595392926e-03  -1.527411555490788e-02  0
1.165735380269902e-02  -1.813782667928034e-02  0
1.215893262866035e-02  -1.590302891751731e-02  0
1.390733774629872e-02  -1.741772381534882e-02  0
1.591950399434027e-02  -1.606627507720276e-02  0
1.722045023640889e-02  -1.825383222788453e-02  0
1.507728227947508e-02  -1.956104084356681e-02  0
1.956131741333967e-02  -2.013773559298274e-02  0
1.668155384204015e-02  -2.230730970406200e-02  0
2.015549714553072e-02  -2.329247813233914e-02  0
1.994271833320614e-02  -2.654976735795660e-02  0
2.418058023546500e-02  -2.635038386872800e-02  0
1.415960917035370e-02  -1.332505547120333e-02  0
1.819571863397888e-02  -1.481002685513316e-02  0
1.955761399490359e-02  -3.050023380131734e-02  0
2.443715242151581e-02  -3.065004653247351e-02  0
-1.462957432444567e-02  -1.385043208387747e-02  0
1.878609905690679e-03  -2.834568219644052e-02  0
-1.122912544810923e-02  1.475551589431854e-02  0
-7.635844627438096e-03  1.536311675652068e-02  0
-1.369146725956364e-02  1.538150156090073e-02  0
1.290662752974132e-02  3.275846214930979e-02  0
1.117292013197797e-02  3.734728003205304e-02  0
-1.671103595623820e-02  -1.459591703742351e-02  0
2.272744271061373e-02  -1.987007751433676e-02  0
-3.482980956505029e-03  -2.302612412140505e-02  0
1.577676646656868e-02  3.734280607631878e-02  0
2.119573701199156e-02  2.792839460309518e-02  0
2.261184837614534e-02  2.484389407137253e-02  0
2.601027254793728e-02  2.719037531302310e-02  0
2.737057438754399e-02  2.438778208165664e-02  0
3.054170622623539e-02  2.932804455305246e-02  0
2.555387168936965e-02  2.203147352489078e-02  0
4.497493650382260e-03  3.314450760551654e-02  0
4.118848008323201e-03  2.989252283697328e-02  0
1.537961316958529e-02  -2.997285823750185e-02  0
1.885021746268176e-02  -3.472158096356785e-02  0
-1.003126424229644e-02  1.694845257222163e-02  0
-6.068837923245963e-03  1.747912295809653e-02  0
1.196282670315949e-02  4.254267624058251e-02  0
2.808211636151737e-02  -2.547036996157359e-02  0
3.039502596591860e-02  -2.990200624857950e-02  0
3.033273268193300e-02  -3.720578944313958e-02  0
2.733804232914677e-02  3.290670891024575e-02  0
2.002067746505809e-02  4.260558968671528e-02  0
3.363884235136425e-02  3.441690993313253e-02  0
7.379473994936357e-03  -1.272413269560966e-02  0
-8.868360805400453e-03  -3.642149242207891e-03  0
-7.503916591502407e-03  1.128764695503830e-02  0
2.833182184014445e-02  1.980842678067586e-02  0
1.335973759697043e-02  -3.413050760377274e-02  0
1.547273498882744e-02  -4.001215686946559e-02  0
-1.510375813785057e-02  -1.619894777218862e-02  0
-1.304955706790071e-02  -1.731784509282449e-02  0
2.641683922214485e-02  1.667273222651941e-02  0
-1.888947423787798e-02  4.055085144791121e-03  0
8.736584643665456e-03  -4.027132286273512e-02  0
2.289090767817401e-02  1.851470139146777e-02  0
2.510568387922691e-02  1.388568080356364e-02  0
-8.670901485183700e-03  1.987249880458266e-02  0
-5.035967569664971e-03  2.048163996727842e-02  0
-2.246740630150591e-03  1.889250779289055e-02  0
-2.074125074390850e-03  2.163249961190550e-02  0
-2.731251956464627e-03  2.460062413964487e-02  0
1.442721735462492e-02  -4.752576818529344e-02  0
2.230876839204380e-02  1.430427539378745e-02  0
2.371897421346997e-02  1.162810113250037e-02  0
2.051921617080391e-02  1.199170043103182e-02  0
2.209728826538286e-02  1.008337021303098e-02  0
1.922056404971200e-02  9.388084457010571e-03  0
2.065947783946252e-02  6.392900941390547e-03  0
1.638099181079088e-02  7.679471015094046e-03  0
1.767766850113515e-02  4.562707605655676e-03  0
1.455754147020880e-02  4.354384840988217e-03  0
1.727885613604948e-02  1.511156555172702e-03  0
1.957849125412232e-02  9.091340340719485e-04  0
1.913345918152104e-02  -1.197070924592048e-03  0
1.625621270066564e-02  -1.364579581770654e-03  0
2.146982144840319e-02  -1.556730454522221e-03  0
2.032634983458443e-02  -4.040834075185368e-03  0
2.546367959320641e-02  1.019516955117056e-02  0
3.611183925282427e-02  -3.568659931886167e-02  0
-1.828636250426338e-02  -1.596251975062656e-02  0
-1.989300415106461e-02  -1.393661173797547e-02  0
-2.203438166397833e-02  -1.614173267964398e-02  0
-2.336687951823978e-02  -1.320870677830438e-02  0
1.541803904275420e-03  3.246070993866587e-02  0
3.118770102449370e-03  3.585053226501012e-02  0
2.095585443558265e-02  -4.774693201493383e-02  0
1.332822028455578e-02  -2.296141391061148e-02  0
-9.644582037127467e-03  4.452189291858416e-03  0
-2.440875198862182e-03  -3.605273889877383e-02  0
1.478723378281249e-02  4.813773130827857e-02  0
7.894264647377049e-03  4.883628619910579e-02  0
-1.441390202425329e-02  -1.958626818152816e-02  0
-1.089072458481689e-02  -1.894239468112441e-02  0
3.561049322517986e-02  2.724462202461895e-02  0
3.834485351896878e-02  3.191850946649032e-02  0
2.311848346798476e-02  -4.421838891042769e-03  0
2.198788415908446e-02  -7.056868382101115e-03  0
1.901496953882325e-02  -6.716822981590148e-03  0
5.318106798132431e-04  2.474017293134554e-02  0
-1.933448453766118e-03  2.779009430729702e-02  0
-2.459824024842528e-02  -1.680957271511590e-02  0
-2.627777422713379e-02  -1.407549085141737e-02  0
-2.682462225097897e-02  -1.755952721867527e-02  0
-2.937908139516415e-02  -1.435981306786971e-02  0
-2.990700906538254e-02  -1.747067543565290e-02  0
-3.247168616930908e-02  -1.455975163671076e-02  0
-3.518180102409506e-02  -1.684695939906894e-02  0
-3.607467547439019e-02  -1.365020970378398e-02  0
-3.901633929787140e-02  -1.863276191628772e-02  0
-4.078434037334591e-02  -1.303247971423475e-02  0
-4.553078112428072e-02  -2.001086735293154e-02  0
-4.654649134045851e-02  -1.416008627997945e-02  0
-4.305514079340960e-02  -7.054853697514079e-03  0
-4.899820969994716e-02  -8.666085926166273e-03  0
-4.568769854962733e-02  -1.794479807274516e-03  0
3.222168650325945e-02  -2.498441224422622e-02  0
3.201767985330772e-02  -2.127039050694284e-02  0
-1.188672282603199e-02  2.057204077240375e-02  0
7.112670427268378e-03  -4.576465098443863e-02  0
2.246085487758504e-05  3.504765331848180e-02  0
1.217137442638606e-03  3.831702822189099e-02  0
2.205864174108400e-02  7.477149957776300e-04  0
3.406249460238724e-02  -4.337963340288686e-02  0
2.525429360183450e-02  -7.608097261790997e-03  0
2.329899169967541e-02  -1.005742973144272e-02  0
2.605522936880255e-02  -1.047740683612836e-02  0
2.446402350544641e-02  -1.266922509607511e-02  0
-1.175252552166822e-03  3.242739172465829e-02  0
3.090170578526108e-02  1.779125058385080e-02  0
3.481876952677921e-02  4.065187767313498e-02  0
1.998300006388512e-02  1.773329933894663e-02  0
1.084828680545270e-02  -3.004362816221861e-02  0
2.001841344334517e-03  -1.086171607419850e-02  0
1.483583985002986e-02  1.023046500895696e-02  0
-9.052705367593580e-03  -1.639432227675509e-02  0
-7.214291699220500e-03  -1.841932244165897e-02  0
-8.891850527427851e-03  -2.062240427028058e-02  0
-3.543605053041046e-02  -1.082472519478138e-02  0
-4.732742783390578e-03  2.708005578103833e-02  0
-5.219945953266277e-02  -2.001816434478953e-02  0
8.670251130761714e-03  -5.289074195613172e-02  0
4.003035936868970e-02  -3.976864616058246e-02  0
4.549260451858030e-02  -3.282419752244188e-02  0
5.893390110383271e-04  1.863348305647912e-02  0
4.251480744305809e-04  1.587191430920821e-02  0
-2.152401530788453e-02  -1.137730340458476e-02  0
-3.290719322444575e-02  -1.978080361464579e-02  0
-8.903379046541555e-03  2.321943467597474e-02  0
1.799256052233221e-03  -3.576036047905762e-02  0
1.882487373315200e-04  -3.877627285915141e-02  0
2.681523866161271e-02  -1.275554579260992e-02  0
2.636193265087184e-02  -1.513464987488136e-02  0
2.931777182137454e-02  -1.503699914349718e-02  0
-5.274849049630872e-02  -1.927242524253763e-03  0
-4.828079794241189e-02  3.496150196062137e-03  0
-4.304661781840346e-02  4.869384019202829e-03  0
-4.438311030941748e-02  1.001910396811540e-02  0
-3.897874787019264e-02  1.170374006147305e-02  0
-4.166133443790604e-02  1.568339519469152e-02  0
-4.635294135630433e-02  1.587037196777556e-02  0
-3.640311415212033e-02  1.572794995026062e-02  0
-3.480347721499862e-02  1.060520549723748e-02  0
-3.273190459620790e-02  1.370034073336242e-02  0
-2.994317237361526e-02  1.023945590431591e-02  0
-2.690108705049369e-02  1.319133808877122e-02  0
-2.543820405538276e-02  9.978646777675546e-03  0
-2.370792889466983e-02  1.373305094587754e-02  0
-3.371394294519201e-02  1.782828738329075e-02  0
-4.449008459699133e-02  2.131190944265881e-02  0
-5.216927323301811e-02  2.223267228527406e-02  0
-2.432081742708855e-02  1.670651201323181e-02  0
-2.180020865494467e-02  1.649110936596583e-02  0
-3.296822447765834e-02  6.601801418897897e-03  0
-2.240488126648310e-02  1.137355314410591e-02  0
-2.329692031177521e-02  8.377388609540928e-03  0
-2.896888321975941e-02  -1.101535529612106e-02  0
3.572050463750779e-02  -2.065858012404957e-02  0
3.625486923972247e-02  -2.457436592490403e-02  0
4.230713228150609e-02  2.804377006752752e-02  0
4.653137766545065e-02  3.150484599206596e-02  0
-2.820892485068512e-03  3.925175285747568e-02  0
-2.330952753675286e-02  -1.900020479647654e-02  0
-2.268804828750741e-04  4.168019891814268e-02  0
3.296440619864358e-02  1.987774283947295e-02  0
2.180986588017468e-02  5.220933883518361e-02  0
2.163545349577080e-03  -5.235783039020086e-02  0
1.829644471522199e-02  5.697434313020221e-02  0
-5.566342156517601e-02  1.588302724206852e-02  0
9.544127588180599e-03  -2.111748465047110e-02  0
-3.550180640195958e-02  -3.352604300429505e-03  0
-6.015111645640459e-02  -7.119082599502376e-03  0
3.281185498198707e-03  1.582300340991026e-02  0
3.555386541837252e-02  1.726746732765343e-02  0
3.633052842474612e-02  2.132208232924657e-02  0
4.439195347394222e-03  3.963391127660182e-02  0
-2.273876077896618e-02  1.963596146128588e-02  0
-2.005188864369201e-02  1.829520624370205e-02  0
-1.906107985376310e-02  1.628540160780691e-02  0
-1.727641130526639e-02  1.882255024903620e-02  0
-5.890116664367587e-02  5.860003632542546e-03  0
-5.999347996177015e-02  2.349105163737106e-02  0
-5.357222993641877e-02  3.193889914749816e-02  0
-3.669216346966821e-02  7.983803930694255e-04  0
-4.666599562055627e-02  -2.513943694796241e-02  0
-5.216480617984337e-02  -2.549028126431883e-02  0
1.827619245269999e-02  3.198374028493872e-02  0
2.891946108523871e-02  -9.673253543924541e-03  0
2.365396901074745e-02  -1.486605660802551e-02  0
3.865047212247480e-03  -3.323512615129749e-02  0
-1.168040493596550e-02  2.335178212736682e-02  0
-5.062145172091320e-02  -3.095540579363851e-02  0
-5.631119482891204e-02  -3.292037696650609e-02  0
2.598905069387791e-02  -4.705568578622677e-03  0
2.237292732170237e-02  3.718912695209860e-02  0
3.543275184702025e-02  -1.453018926677250e-02  0
-1.023504257419080e-02  -2.997316869159854e-02  0
-1.061798558047595e-02  -2.680218210043961e-02  0
-1.315269913625220e-02  -2.455326179616918e-02  0
-1.565392386369956e-02  -2.458539903798463e-02  0
2.952911496393580e-02  -2.247663288782719e-03  0
2.784732776707099e-02  -1.905309950957247e-04  0
2.757178853367251e-02  3.817469927786201e-03  0
3.002943435162668e-02  5.175178113926024e-03  0
3.067895134900243e-02  7.959911967097387e-03  0
-1.897145532841824e-02  2.421717213707782e-02  0
-3.045593510362811e-02  2.412528332108463e-02  0
-2.928229711951691e-02  2.139594052346436e-02  0
-3.269298475109159e-02  2.331977123682195e-02  0
-7.659756156237377e-03  3.139358145484340e-02  0
-4.023685532513385e-02  -2.366385724023231e-02  0
-3.373265767053499e-02  -2.509849315150898e-02  0
-3.939933324319542e-02  2.862653861243038e-02  0
-4.226635575483641e-02  2.882259676240437e-02  0
-5.120540051198118e-03  -4.167506557037026e-02  0
-7.773020623718409e-03  -2.773921848082136e-02  0
1.010715215920162e-03  2.732480631848936e-02  0
3.339782735388773e-03  2.455542768565149e-02  0
3.829267155102672e-02  -1.677433361387450e-02  0
-5.495228425456725e-02  5.319331002062990e-02  0
-3.563273151901972e-03  3.004713538602135e-02  0
-3.882884742627395e-02  2.499990973990770e-02  0
-1.441938056077970e-02  2.083888161310954e-02  0
-4.810755514245891e-03  4.152638544735623e-02  0
-2.316969387370676e-02  2.337188992352120e-02  0
-5.313198618034520e-02  -3.802335023297872e-02  0
-5.977179823027542e-02  -3.786650250355043e-02  0
-5.918107244781835e-02  -4.536411231559447e-02  0
7.455859053816027e-03  -5.950724544519024e-02  0
1.517124897104882e-02  -5.891934757885575e-02  0
6.922390121913108e-04  -5.836620119671519e-02  0
2.812146648384839e-02  -7.028351611005954e-02  0
4.901899037377160e-02  2.661046763421981e-02  0
-2.342899504257417e-02  -2.310331043417708e-02  0
8.561098912057263e-03  -3.572572225741353e-02  0
2.012206317351068e-03  -4.769191321851052e-02  0
-3.054995314284187e-02  -2.388301299218974e-02  0
-1.376766727628527e-02  2.659686935559053e-02  0
-7.930108112743833e-03  2.868015275073469e-02  0
3.848691213064509e-02  1.669284619875762e-02  0
-2.940779131598189e-02  1.628712452457143e-02  0
-5.924640850054386e-02  -1.850888033428688e-02  0
-3.939663246615126e-02  1.948655015938154e-02  0
6.394066286754443e-02  2.818849829717256e-02  0
6.187821892930040e-02  -2.958108328430313e-02  0
-3.982671088446645e-02  -2.817407798122931e-02  0
-3.641198106979080e-03  3.606586251757259e-02  0
4.421119305001626e-03  -3.951982339858944e-02  0
7.266709811122944e-03  -3.202565172645531e-02  0
8.115929799327338e-03  -2.716107830216711e-02  0
5.675403300588756e-02  4.934206886237073e-02  0
5.931790915982988e-02  -5.231449709994997e-02  0
-5.521920141467312e-03  4.851140472615570e-02  0
-2.786179471987686e-03  5.148793165768798e-02  0
-2.496041353297622e-03  4.688995003108338e-02  0
-4.763879700248607e-03  5.549613972429124e-02  0
-4.883045098380333e-04  5.683644115427511e-02  0
-3.624928593159142e-03  6.068119039193066e-02  0
-4.609887565162940e-03  7.727518140048678e-02  0
2.674208209685739e-03  4.990424721597184e-02  0
4.543487033993319e-03  6.058789054078643e-02  0
5.957158359045109e-03  5.429117780808814e-02  0
-9.021986075744526e-03  -5.571326378036461e-02  0
-4.976149030645209e-03  -4.925859470667200e-02  0
2.933745126305799e-02  1.439759141824867e-02  0
3.039192471756331e-02  7.282870653494307e-02  0
-7.686973345034641e-02  -4.772616298628011e-03  0
-3.800961470349658e-02  5.769100923167883e-03  0
5.182866280197491e-02  2.032652660256725e-02  0
4.459192177728149e-02  1.952886498086090e-02  0
5.173999635122709e-02  -2.041174830664665e-02  0
5.060908859658750e-02  -2.302679820554702e-02  0
5.539022518592913e-02  -2.463402739512186e-02  0
4.537468788356211e-02  -2.427209075064940e-02  0
5.212600721927978e-02  -2.960004303415417e-02  0
4.329022201925977e-02  -2.027311498909866e-02  0
2.728643743543443e-02  6.754176010244922e-03  0
-7.253492261707911e-02  2.610171563886002e-02  0
4.170703511906373e-02  2.116305053693801e-02  0
-3.617772968623356e-02  2.388155716762504e-02  0
-5.694162277062518e-03  3.824181414829256e-02  0
-7.356233005606711e-03  -2.434358495341593e-02  0
-2.923624641215070e-02  -2.132617553719198e-02  0
2.416549277314155e-02  4.061782840535951e-03  0
-4.401294587321685e-03  3.278155754948701e-02  0
2.908169765370721e-02  -1.784342496643316e-02  0
-2.060343062577116e-02  7.715930545995783e-03  0
-4.323270652982141e-02  3.572369211616556e-02  0
-4.579609484030985e-02  -3.979969106387134e-02  0
-4.381380780215820e-02  -3.407470702825615e-02  0
-4.804888808054873e-03  -3.799992604335111e-02  0
2.767317157607143e-02  -2.144518916604816e-02  0
4.537364377068599e-02  2.345494466762832e-02  0
6.903574785874434e-03  2.715052746155237e-02  0
2.700314477809341e-02  1.233969179249082e-02  0
-2.195387060504102e-02  4.833208200840934e-03  0
3.218772778266252e-02  -1.784294093464759e-02  0
9.322828557238873e-03  2.427383837192986e-02  0
2.071800517502173e-02  2.148611025473978e-02  0
1.852704679345516e-02  1.962457689763042e-02  0
5.434679690971347e-02  -2.002613875919720e-02  0
5.431310558504488e-02  2.003298549735729e-02  0
5.498451662706027e-02  2.415674192932453e-02  0
5.435293879641301e-02  3.202228413716370e-02  0
2.560350847781350e-02  4.543260589666006e-02  0
3.303109723539367e-02  4.827288203655870e-02  0
4.298116222323456e-02  5.065904214785686e-02  0
-3.921879746574278e-02  -4.268610411253650e-03  0
3.066110661271077e-02  1.149668600115365e-02  0
1.812005637033240e-03  4.594400382181168e-02  0
7.701282819561291e-02  -1.648272639847925e-02  0
7.660375138684836e-02  1.642490410223607e-02  0
3.307441187654377e-02  1.492134255124149e-02  0
4.011984535686027e-02  -2.296009923619192e-02  0
1.865957201050065e-02  1.488894551000110e-02  0
3.891213928122046e-02  -1.957736271998926e-02  0
-2.072175271183279e-02  1.457055064088734e-02  0
-1.784024828899874e-02  1.341256753241045e-02  0
-1.073336109589054e-03  3.023935634348831e-02  0
5.279192619449406e-02  -3.840390108121697e-02  0
-2.571840795750617e-02  -2.073645083298185e-02  0
-1.730263409080253e-02  2.148888096377423e-02  0
-2.974150228629114e-03  1.566476223385678e-02  0
-1.291860188976029e-03  1.274605240403757e-02  0
-1.983273239558564e-03  -5.136662211641561e-02  0
-2.738744830324951e-02  7.612911510834516e-03  0
-1.970682442694997e-02  -1.806078209885695e-02  0
1.370754728806659e-02  6.767327366840211e-03  0
1.191438472684426e-02  4.091501491837361e-03  0
1.373042194712584e-02  1.382602762241058e-03  0
1.155247204686757e-02  -1.434422323482810e-03  0
1.382857653997318e-02  -3.267859576018034e-03  0
9.848277455404470e-03  -3.477028889620593e-03  0
1.142812373567193e-02  -5.930734537428248e-03  0
8.295779192038092e-03  -6.517621288575412e-03  0
7.381720373034085e-03  -4.185060548870808e-03  0
5.596896232103664e-03  -7.176633173527437e-03  0
1.115899749281399e-02  -9.510456841703676e-03  0
1.025065894176333e-02  1.327620442943027e-03  0
9.341322281495578e-03  3.719293750121982e-03  0
1.566577795196467e-02  -5.917694852303234e-03  0
-1.170678241592712e-02  -1.419218205783892e-02  0
-6.321980681643637e-03  -1.390683232751517e-02  0
1.697920229733946e-02  1.170029616126244e-02  0
1.327941873735483e-02  1.261587674413463e-02  0
-1.685255546891140e-02  -1.844789955295938e-02  0
7.431041619381309e-03  -9.506191146008093e-03  0
1.775312056135817e-02  -1.239488849087294e-02  0
2.031809484371552e-02  -1.190013638759397e-02  0
8.572763594935248e-03  -1.302784059392702e-03  0
1.054268071516935e-02  -1.266970621167156e-02  0
1.470074946092038e-02  -9.543284785780893e-03  0
1.791572221881803e-02  -3.356783647861651e-03  0
-1.267927361506155e-02  -1.222887305906401e-03  0
-1.110080661087479e-02  1.581715299394686e-03  0
-8.243462102821794e-03  2.009194223854816e-03  0
-6.759234042401200e-03  4.927804165758777e-03  0
-8.259923836828088e-03  7.502046340118208e-03  0
-5.136635015404332e-03  8.469181867247710e-03  0
-2.922661334932020e-03  1.078762487475155e-02  0
-1.645273437391734e-03  7.872854711038902e-03  0
-2.513026145620860e-03  -2.107547389109965e-02  0
-8.478046752050830e-04  -1.792714783689408e-02  0
-1.746469549313713e-02  6.959496624038924e-03  0
-5.555232396275803e-03  -1.059065400129669e-02  0
9.675243843125190e-05  -8.407408137753598e-03  0
3.352933337858451e-03  -2.274116341567363e-03  0
-3.956631928799369e-03  -2.222013920515809e-04  0
4.319781304753374e-03  -1.301164098035704e-02  0
-5.845858981452746e-03  -3.060846101273398e-03  0
-8.823598802150336e-03  -1.124374609336101e-02  0
-1.930810249966623e-02  7.572630953855797e-02  0
-1.197588053491934e-02  -3.346951295312006e-03  0
5.134962575105347e-02  4.012146626603380e-02  0
-9.899517447982941e-03  -8.706929216490915e-04  0
3.595783344747763e-02  1.423486262923300e-02  0
-6.887819904648775e-04  5.430111284693158e-03  0
2.847553052424895e-02  -7.270123815323808e-03  0
-5.340613110659173e-03  1.319454600879995e-02  0
-2.148623244584638e-02  -6.725097773916935e-03  0
-3.523245714262508e-03  -1.933496908148520e-02  0
-6.978010237614675e-03  -5.422140605598780e-04  0
-5.324098195481079e-03  2.333634988460645e-03  0
-3.716515919972652e-03  5.280104288771560e-03  0
-3.276720628136810e-03  -1.303703560864150e-02  0
-4.823782812892567e-02  3.573926625280260e-02  0
-5.027383822550628e-02  3.973000401116967e-02  0
3.930206960886503e-03  -2.688105107018796e-02  0
-1.840167525069102e-02  -6.156725552977578e-03  0
9.286840536346362e-04  8.135566553315069e-03  0
-1.709285441510329e-02  -8.657498704395685e-03  0
-1.261625593067380e-02  1.791081483777414e-02  0
-5.989464597091329e-03  -2.135815729486218e-02  0
-4.850776124351116e-03  -1.687693040121183e-02  0
-3.560994958416797e-02  -2.149140328847056e-02  0
-1.788893387563196e-02  -1.232088059872761e-02  0
1.098495131738763e-03  1.329728053018716e-02  0
-6.015245959587611e-03  2.362534987081393e-02  0
9.223852796453376e-06  1.042905557248445e-02  0
-2.014920424145898e-02  1.005005049789951e-03  0
3.485696248192593e-03  1.359877682514970e-02  0
1.087905480329347e-02  1.150378470333402e-02  0
1.325072980524667e-03  2.185942183782692e-02  0
5.868782837132234e-03  1.561321772982664e-02  0
3.376419739875396e-03  1.819170050652997e-02  0
1.804108824023337e-02  -9.568124110791902e-03  0
-9.253689679366239e-03  2.575938055847186e-02  0
6.806936006591805e-03  -2.213254435914058e-02  0
-2.491435513279416e-02  -1.086957941521595e-02  0
-3.215579900369748e-02  -7.764048526836281e-03  0
-1.939793729008841e-02  -9.218762246382935e-03  0
1.241633628752478e-02  -2.043310712814444e-02  0
-4.477432995721711e-02  -4.754566744195778e-02  0
-4.802766975862467e-02  -5.104462654860331e-02  0
-4.116743758696457e-02  -1.875037523063962e-04  0
-5.133762338528065e-02  6.070136519401841e-02  0
-1.921762015018427e-02  1.060297899175087e-02  0
-1.532532704373787e-02  -2.199754901178810e-02  0
1.995664111231838e-02  -1.694429395692858e-02  0
-1.819170228354978e-03  -4.349600598594443e-02  0
7.565128898747603e-03  2.149416961654577e-02  0
8.039547281848324e-03  -2.433873733706267e-02  0
-2.323655291160668e-02  1.726149968153820e-03  0
3.075776744328158e-02  2.339095631964035e-02  0
2.410071086310964e-02  -1.890652033609859e-03  0
2.096597847836908e-02  -9.652099139638447e-03  0
-2.848771761539497e-02  -6.457675778524105e-03  0
-7.349434880420255e-03  -7.572555754506602e-02  0
-2.024190344384918e-02  -7.537555366570692e-02  0
3.246853791707396e-02  -1.475331231545976e-02  0
-5.607678581235150e-02  -5.437365647344095e-02  0
-4.798741226130653e-02  -6.332617264979902e-02  0
1.154292593230780e-02  -2.650022880191542e-02  0
4.818660156626705e-03  2.075344476728936e-02  0
6.462888363338340e-03  3.413894547843061e-03  0
-5.080912608125986e-02  -4.383902175956687e-02  0
2.833539002554737e-02  9.662889209296571e-03  0
-2.317243555809565e-02  -8.940944664127036e-03  0
-1.487555271639598e-02  1.267754665153520e-02  0
-6.428931947410932e-02  1.622656604704604e-02  0
-6.582424313230271e-02  4.255615095927777e-04  0
1.290408502935583e-03  -3.187152932465336e-02  0
-4.305041650369291e-02  6.940709571961597e-02  0
-4.414996493696571e-02  6.217505055410617e-02  0
-3.066799666865277e-02  7.381979918811132e-02  0
-1.651738213442219e-02  6.746208323364519e-02  0
2.563545993187874e-02  -1.814079831941326e-02  0
3.741111209516629e-02  -3.029090730512466e-02  0
4.224240808145942e-02  -2.656845379255117e-02  0
-2.473134774186690e-02  5.892108572653877e-03  0
-1.770463599898586e-02  -2.153126863190290e-02  0
-3.237843806522094e-02  -1.103598568292233e-02  0
1.519301386325497e-02  3.036997890427169e-02  0
-3.200147683091004e-02  2.116337808453678e-02  0
3.545619249606367e-02  -1.738119603519581e-02  0
-4.047532446047611e-02  -7.053445170454152e-02  0
-4.424278588316688e-02  -5.642213122878672e-02  0
-2.906766676110040e-02  4.449002260104146e-03  0
7.888695988419087e-02  -6.726798488193859e-03  0
7.146080931737858e-02  -1.196341098238856e-02  0
7.791928287036123e-02  6.178287659259606e-03  0
7.245884464329172e-02  1.031611057688680e-02  0
7.554242954193287e-02  -9.560662041262105e-04  0
-1.663612527772959e-02  1.629138231898706e-02  0
-6.617752304350250e-03  -6.004007970496703e-02  0
-1.193763330976038e-02  -6.276105731110017e-02  0
-4.368851387191264e-03  -6.723663244295390e-02  0
4.665699035363112e-03  -6.665448875228815e-02  0
3.617672092576471e-02  -4.986058558596558e-02  0
2.547509661289378e-02  -5.744667400622859e-02  0
6.260224042563919e-03  3.639561876574880e-02  0
6.735075245062855e-02  2.013354821499778e-02  0
6.699756518166727e-02  -2.035647563783773e-02  0
2.114894278693558e-02  3.311259895561160e-03  0
-4.508687046255631e-02  3.299212177347573e-02  0
-4.534478673003660e-02  -2.952770495029575e-02  0
1.240137263635360e-02  9.174546923435148e-03  0
1.182452317546838e-02  1.495750892337550e-02  0
3.187013683836301e-02  -8.741021160268017e-03  0
1.644555016800303e-02  1.777288045074475e-02  0
-4.632903958462234e-02  4.132854966177140e-02  0
-3.299853298452327e-02  -7.262352566737150e-02  0
-1.716444515385749e-02  -6.756239659210266e-02  0
2.132360860347747e-05  6.504545858491638e-02  0
-7.966587543413806e-03  6.715713178329431e-02  0
-4.670827840424100e-02  2.848967264288937e-02  0
1.541447259992806e-02  1.396212543190081e-02  0
3.052333291202408e-03  -8.473387275507137e-03  0
2.934996068853301e-02  -1.228695583498731e-02  0
1.131530667977817e-02  6.215409622017658e-03  0
-2.665879818480806e-02  -8.847272482786510e-03  0
2.395098597106447e-02  7.490112417238614e-03  0
3.908628884403711e-02  2.451791447693829e-02  0
8.170604614325349e-03  6.643695571115107e-03  0
2.883015602350526e-02  5.680524561333758e-02  0
-1.270223059248881e-02  -2.152097240897742e-02  0
-4.852558673896751e-02  -3.580097963808478e-02  0
-4.736979243981910e-03  -2.603861020016873e-02  0
-6.724078871298181e-02  -1.393393557036209e-02  0
4.413333029824671e-03  -1.059966853478873e-02  0
1.507396892045964e-02  1.954352982722335e-02  0
1.066992407632703e-02  6.212747322486243e-02  0
3.422293244266494e-02  2.417959694092611e-02  0
6.281462914663612e-02  -1.725368369102041e-02  0
6.296669663953186e-02  1.732772033655255e-02  0
7.653328977901124e-03  9.394616360465586e-04  0
-1.177689508716342e-02  6.006594451417824e-02  0
6.237615679637058e-02  -2.247823042662873e-02  0
6.366270267627920e-02  2.216204599739540e-02  0
-7.689060474110289e-03  5.467008473591684e-02  0
-3.851480868717198e-02  -9.464902704507264e-03  0
4.848694177825830e-03  -3.635421277618474e-02  0
-2.090169081866457e-02  -2.114936133722882e-02  0
1.537137946508820e-02  -2.603345809980722e-02  0
-2.110016672957243e-02  2.190580979526998e-02  0
2.305367339274764e-02  3.144157990549297e-02  0
-1.901555107546705e-02  -6.234587839768332e-02  0
-1.939364174946261e-02  6.328599313600632e-02  0
6.125934731497625e-03  -1.799843923679972e-03  0
-3.569820868737401e-02  6.756452660562895e-02  0
-7.732203293296257e-03  6.167680383884053e-02  0
-5.637303914038917e-02  4.568122429353797e-02  0
2.339532021670348e-02  -4.174316789502085e-02  0
4.486306326004182e-03  -4.833794794972541e-03  0
6.324407125144460e-03  2.388282011334728e-02  0
1.063792974487987e-02  -2.379546661891671e-02  0
3.162839000391495e-03  4.233077455908450e-02  0
6.833454960966394e-03  4.435837714417063e-02  0
-3.332775483289575e-02  6.103394882666340e-02  0
-2.631578861243228e-02  6.842628964963444e-02  0
-4.752959015981191e-02  5.502374825378654e-02  0
-4.982554242513794e-02  4.935211195960869e-02  0
-5.543486814705118e-02  3.888094198521913e-02  0
2.059802937105551e-03  -4.299304607076689e-02  0
-1.282957607329721e-02  -5.983704159273726e-02  0
2.261003868017973e-02  -1.204474665125152e-02  0
-5.378973284467817e-02  -1.330956504544116e-02  0
-3.417023781018405e-02  -6.672724842684319e-02  0
-2.125845073156308e-03  -4.720762106623953e-02  0
4.836702994230838e-02  -2.651098763051974e-02  0
-1.494913979167505e-02  1.865016680323106e-02  0
-2.495533615785011e-02  2.132393888262085e-02  0
-3.103363028674680e-03  4.311668238337071e-02  0
-6.057254483992445e-03  -3.072341767406539e-02  0
-3.875820095772089e-02  -2.633660714292902e-02  0
-3.711695828448758e-03  -5.462738072962624e-02  0
2.359777766215798e-02  -3.534590417226714e-02  0
2.818018146399528e-02  3.804809003587609e-02  0
-1.313706122893786e-02  6.374572201164123e-02  0
1.884036323299562e-02  -5.246651627337733e-02  0
2.832281155259394e-02  -4.849024109488895e-02  0
-5.141157583974575e-02  1.027090093267509e-02  0
-4.955140281542383e-02  4.503249269521507e-02  0
-1.472859266795839e-02  2.384821774000975e-02  0
3.926932668133670e-02  1.921076914283031e-02  0
-1.021645496655710e-02  -2.360935556050680e-02  0
-2.651834367695530e-02  -6.813319204150248e-02  0
3.910888754860891e-03  2.724741310502904e-02  0
2.108296714757332e-02  -1.412109397108248e-02  0
-6.297874928928435e-02  3.022467003463339e-02  0
4.318927057832220e-02  3.879631352481471e-02  0
5.797905373347323e-03  -2.540375326524033e-02  0
-3.597567385513174e-02  -7.201256574439476e-03  0
-6.090841394550784e-02  -2.645065961675313e-02  0
-1.162132481026996e-02  2.592425166956738e-02  0
-3.917777274467354e-02  -5.853852517159552e-02  0
-4.192924693987787e-02  -5.336502967924409e-02  0
1.284696794770215e-02  5.578431095385846e-02  0
-1.954043296029910e-02  2.067115285102855e-02  0
-7.150143912745957e-02  -3.380661279527909e-02  0
-2.990721092919826e-02  -8.259497586441334e-03  0
-3.038782982308200e-03  -4.062884517568979e-02  0
-2.998818459352018e-02  1.694737512564054e-03  0
6.932529084095618e-02  1.616822956442260e-02  0
6.845182183452247e-02  1.136016812866077e-02  0
6.971770202297507e-02  7.314338814823091e-03  0
6.950512825951838e-02  -1.630696271632657e-02  0
6.747050725992920e-02  -1.076169593365008e-02  0
6.898458448252690e-02  -7.790559700850029e-03  0
-3.293106114499420e-02  -2.297550043660698e-02  0
5.933266445006015e-02  2.321399835369489e-02  0
3.247873377457969e-02  9.744828176118728e-03  0
-3.489687384061023e-02  2.119106850582901e-02  0
-6.975066698317577e-03  2.630422407322794e-02  0
4.678800157722499e-02  -4.791347420353573e-02  0
-4.323318027366511e-02  2.521389192935213e-02  0
-2.697842929594074e-02  1.885918692586971e-02  0
-3.642449566797705e-02  -2.414440975483209e-02  0
-2.663568555149387e-02  -6.256361003091980e-02  0
1.603081282787714e-02  2.224401569694273e-02  0
8.611611316548745e-03  3.994782102515057e-02  0
-6.670466099322607e-02  -4.526869326491452e-02  0
-1.829477364025840e-02  -2.427097906885376e-02  0
5.618273703889213e-03  -2.914851867368812e-02  0
2.054772939854599e-02  6.449448103664311e-02  0
-1.135202212281556e-02  -6.775583504663471e-02  0
-4.266303156876024e-02  -2.634694181974037e-02  0
-4.298508269934796e-02  5.658953610667316e-02  0
-3.985185935694198e-02  5.718115998425310e-02  0
7.379859964708527e-02  -7.898730872922324e-03  0
2.656119729068829e-02  -2.378935404584194e-03  0
2.504594363047177e-02  1.000922009869228e-03  0
-5.557328106039077e-03  2.920329548388437e-02  0
3.285272033149932e-03  -3.035823210367470e-02  0
-7.090832883800788e-03  5.784294790969319e-02  0
5.525395354632463e-02  -3.262506800509313e-02  0
1.516102543176525e-02  -6.745418695499032e-02  0
1.657469991412973e-02  -7.741569718234978e-02  0
1.410282551591959e-03  3.001223732210673e-02  0
2.354522602884259e-02  -2.270057843839816e-02  0
-3.864019462766265e-02  -6.408982079234285e-02  0
-3.120518934396579e-02  1.883610869525875e-02  0
5.887982493292033e-02  -2.196550607251785e-02  0
2.892577001361880e-02  6.566155786780143e-03  0
3.043517833531846e-02  -7.026916616068827e-03  0
5.100432260726372e-02  2.304912495109911e-02  0
2.875168112249229e-02  -4.924568107359882e-03  0
2.279106623487489e-02  -1.719904701157387e-02  0
-3.433037116496407e-02  2.560194261474788e-02  0
-9.497245017756800e-04  4.425460375657798e-02  0
-2.225209345027463e-02  9.749279120569095e-02  0
-4.338837402673880e-02  9.009688673484795e-02  0
-6.234898033951506e-02  7.818314812425353e-02  0
-7.818314837320725e-02  6.234898002733696e-02  0
-9.009688685362613e-02  4.338837378009341e-02  0
-9.749279123494115e-02  2.225209332212112e-02  0
-9.749279120569095e-02  -2.225209345027463e-02  0
-9.009688673484795e-02  -4.338837402673880e-02  0
-7.818314812425353e-02  -6.234898033951506e-02  0
-6.234898002733696e-02  -7.818314837320725e-02  0
-4.338837378009341e-02  -9.009688685362613e-02  0
-2.225209332212112e-02  -9.749279123494115e-02  0
2.225209345027463e-02  -9.749279120569095e-02  0
4.338837402673880e-02  -9.009688673484795e-02  0
6.234898033951506e-02  -7.818314812425353e-02  0
7.818314837320725e-02  -6.234898002733696e-02  0
9.009688685362613e-02  -4.338837378009341e-02  0
9.749279123494115e-02  -2.225209332212112e-02  0
9.749279120569095e-02  2.225209345027463e-02  0
9.009688673484795e-02  4.338837402673880e-02  0
7.818314812425353e-02  6.234898033951506e-02  0
6.234898002733696e-02  7.818314837320725e-02  0
4.338837378009341e-02  9.009688685362613e-02  0
2.225209332212112e-02  9.749279123494115e-02  0
-3.982630237078204e-01  1.744904311924306e+00  0
-3.514841783598755e-01  1.539952799746032e+00  0
-3.047053330119380e-01  1.335001287567792e+00  0
-2.579264876639727e-01  1.130049775389428e+00  0
-2.111476423161039e-01  9.250982632114872e-01  0
-1.643687969684023e-01  7.201467510342796e-01  0
-1.175899516206933e-01  5.151952388570391e-01  0
-7.081110627298634e-02  3.102437266798079e-01  0
-7.765554764723590e-01  1.612534057248317e+00  0
-6.853434724067353e-01  1.423130379800965e+00  0
-5.941314683411263e-01  1.233726702353643e+00  0
-5.029194642754626e-01  1.044323024906208e+00  0
-4.117074602099872e-01  8.549193474591631e-01  0
-3.204954561448380e-01  6.655156700127960e-01  0
-2.292834520796742e-01  4.761119925663985e-01  0
-1.380714480145144e-01  2.867083151200096e-01  0
-1.115908194795711e+00  1.399304611088204e+00  0
-9.848367827914625e-01  1.234946259698746e+00  0
-8.537653707872351e-01  1.070587908309314e+00  0
-7.226939587829294e-01  9.062295569197838e-01  0
-5.916225467788940e-01  7.418712055305924e-01  0
-4.605511347753276e-01  5.775128541419894e-01  0
-3.294797227717401e-01  4.131545027533597e-01  0
-1.984083107681584e-01  2.487961513647375e-01  0
-1.399304615418976e+00  1.115908189365095e+00  0
-1.234946263521279e+00  9.848367779981577e-01  0
-1.070587911623608e+00  8.537653666312413e-01  0
-9.062295597258393e-01  7.226939552642467e-01  0
-7.418712078284094e-01  5.916225438975227e-01  0
-5.775128559315675e-01  4.605511325312676e-01  0
-4.131545040346991e-01  3.294797211649912e-01  0
-2.487961521378381e-01  1.984083097987210e-01  0
-1.612534059319638e+00  7.765554721712171e-01  0
-1.423130381629517e+00  6.853434686097075e-01  0
-1.233726703939427e+00  5.941314650482126e-01  0
-1.044323026249223e+00  5.029194614866631e-01  0
-8.549193485594095e-01  4.117074579253018e-01  0
-6.655156708702737e-01  3.204954543642669e-01  0
-4.761119931811079e-01  2.292834508032171e-01  0
-2.867083154919504e-01  1.380714472421715e-01  0
-1.744904312447151e+00  3.982630214170870e-01  0
-1.539952800207513e+00  3.514841763379974e-01  0
-1.335001287967907e+00  3.047053312589155e-01  0
-1.130049775728179e+00  2.579264861798055e-01  0
-9.250982634888740e-01  2.111476411007921e-01  0
-7.201467512503021e-01  1.643687960219460e-01  0
-5.151952390116971e-01  1.175899509430923e-01  0
-3.102437267731013e-01  7.081110586424080e-02  0
-1.744904311924306e+00  -3.982630237078204e-01  0
-1.539952799746032e+00  -3.514841783598755e-01  0
-1.335001287567792e+00  -3.047053330119380e-01  0
-1.130049775389428e+00  -2.579264876639727e-01  0
-9.250982632114872e-01  -2.111476423161039e-01  0
-7.201467510342796e-01  -1.643687969684023e-01  0
-5.151952388570391e-01  -1.175899516206933e-01  0
-3.102437266798079e-01  -7.081110627298634e-02  0
-1.612534057248317e+00  -7.765554764723590e-01  0
-1.423130379800965e+00  -6.853434724067353e-01  0
-1.233726702353643e+00  -5.941314683411263e-01  0
-1.044323024906208e+00  -5.029194642754626e-01  0
-8.549193474591631e-01  -4.117074602099872e-01  0
-6.655156700127960e-01  -3.204954561448380e-01  0
-4.761119925663985e-01  -2.292834520796742e-01  0
-2.867083151200096e-01  -1.380714480145144e-01  0
-1.399304611088204e+00  -1.115908194795711e+00  0
-1.234946259698746e+00  -9.848367827914625e-01  0
-1.070587908309314e+00  -8.537653707872351e-01  0
-9.062295569197838e-01  -7.226939587829294e-01  0
-7.418712055305924e-01  -5.916225467788940e-01  0
-5.775128541419894e-01  -4.605511347753276e-01  0
-4.131545027533597e-01  -3.294797227717401e-01  0
-2.487961513647375e-01  -1.984083107681584e-01  0
-1.115908189365095e+00  -1.399304615418976e+00  0
-9.848367779981577e-01  -1.234946263521279e+00  0
-8.537653666312413e-01  -1.070587911623608e+00  0
-7.226939552642467e-01  -9.062295597258393e-01  0
-5.916225438975227e-01  -7.418712078284094e-01  0
-4.605511325312676e-01  -5.775128559315675e-01  0
-3.294797211649912e-01  -4.131545040346991e-01  0
-1.984083097987210e-01  -2.487961521378381e-01  0
-7.765554721712171e-01  -1.612534059319638e+00  0
-6.853434686097075e-01  -1.423130381629517e+00  0
-5.941314650482126e-01  -1.233726703939427e+00  0
-5.029194614866631e-01  -1.044323026249223e+00  0
-4.117074579253018e-01  -8.549193485594095e-01  0
-3.204954543642669e-01  -6.655156708702737e-01  0
-2.292834508032171e-01  -4.761119931811079e-01  0
-1.380714472421715e-01  -2.867083154919504e-01  0
-3.982630214170870e-01  -1.744904312447151e+00  0
-3.514841763379974e-01  -1.539952800207513e+00  0
-3.047053312589155e-01  -1.335001287967907e+00  0
-2.579264861798055e-01  -1.130049775728179e+00  0
-2.111476411007921e-01  -9.250982634888740e-01  0
-1.643687960219460e-01  -7.201467512503021e-01  0
-1.175899509430923e-01  -5.151952390116971e-01  0
-7.081110586424080e-02  -3.102437267731013e-01  0
3.982630237078204e-01  -1.744904311924306e+00  0
3.514841783598755e-01  -1.539952799746032e+00  0
3.047053330119380e-01  -1.335001287567792e+00  0
2.579264876639727e-01  -1.130049775389428e+00  0
2.111476423161039e-01  -9.250982632114872e-01  0
1.643687969684023e-01  -7.201467510342796e-01  0
1.175899516206933e-01  -5.151952388570391e-01  0
7.081110627298634e-02  -3.102437266798079e-01  0
7.765554764723590e-01  -1.612534057248317e+00  0
6.853434724067353e-01  -1.423130379800965e+00  0
5.941314683411263e-01  -1.233726702353643e+00  0
5.029194642754626e-01  -1.044323024906208e+00  0
4.117074602099872e-01  -8.549193474591631e-01  0
3.204954561448380e-01  -6.655156700127960e-01  0
2.292834520796742e-01  -4.761119925663985e-01  0
1.380714480145144e-01  -2.867083151200096e-01  0
1.115908194795711e+00  -1.399304611088204e+00  0
9.848367827914625e-01  -1.234946259698746e+00  0
8.537653707872351e-01  -1.070587908309314e+00  0
7.226939587829294e-01  -9.062295569197838e-01  0
5.916225467788940e-01  -7.418712055305924e-01  0
4.605511347753276e-01  -5.775128541419894e-01  0
3.294797227717401e-01  -4.131545027533597e-01  0
1.984083107681584e-01  -2.487961513647375e-01  0
1.399304615418976e+00  -1.115908189365095e+00  0
1.234946263521279e+00  -9.848367779981577e-01  0
1.070587911623608e+00  -8.537653666312413e-01  0
9.062295597258393e-01  -7.226939552642467e-01  0
7.418712078284094e-01  -5.916225438975227e-01  0
5.775128559315675e-01  -4.605511325312676e-01  0
4.131545040346991e-01  -3.294797211649912e-01  0
2.487961521378381e-01  -1.984083097987210e-01  0
1.612534059319638e+00  -7.765554721712171e-01  0
1.423130381629517e+00  -6.853434686097075e-01  0
1.233726703939427e+00  -5.941314650482126e-01  0
1.044323026249223e+00  -5.029194614866631e-01  0
8.549193485594095e-01  -4.117074579253018e-01  0
6.655156708702737e-01  -3.204954543642669e-01  0
4.761119931811079e-01  -2.292834508032171e-01  0
2.867083154919504e-01  -1.380714472421715e-01  0
1.744904312447151e+00  -3.982630214170870e-01  0
1.539952800207513e+00  -3.514841763379974e-01  0
1.335001287967907e+00  -3.047053312589155e-01  0
1.130049775728179e+00  -2.579264861798055e-01  0
9.250982634888740e-01  -2.111476411007921e-01  0
7.201467512503021e-01  -1.643687960219460e-01  0
5.151952390116971e-01  -1.175899509430923e-01  0
3.102437267731013e-01  -7.081110586424080e-02  0
1.744904311924306e+00  3.982630237078204e-01  0
1.539952799746032e+00  3.514841783598755e-01  0
1.335001287567792e+00  3.047053330119380e-01  0
1.130049775389428e+00  2.579264876639727e-01  0
9.250982632114872e-01  2.111476423161039e-01  0
7.201467510342796e-01  1.643687969684023e-01  0
5.151952388570391e-01  1.175899516206933e-01  0
3.102437266798079e-01  7.081110627298634e-02  0
1.612534057248317e+00  7.765554764723590e-01  0
1.423130379800965e+00  6.853434724067353e-01  0
1.233726702353643e+00  5.941314683411263e-01  0
1.044323024906208e+00  5.029194642754626e-01  0
8.549193474591631e-01  4.117074602099872e-01  0
6.655156700127960e-01  3.204954561448380e-01  0
4.761119925663985e-01  2.292834520796742e-01  0
2.867083151200096e-01  1.380714480145144e-01  0
1.399304611088204e+00  1.115908194795711e+00  0
1.234946259698746e+00  9.848367827914625e-01  0
1.070587908309314e+00  8.537653707872351e-01  0
9.062295569197838e-01  7.226939587829294e-01  0
7.418712055305924e-01  5.916225467788940e-01  0
5.775128541419894e-01  4.605511347753276e-01  0
4.131545027533597e-01  3.294797227717401e-01  0
2.487961513647375e-01  1.984083107681584e-01  0
1.115908189365095e+00  1.399304615418976e+00  0
9.848367779981577e-01  1.234946263521279e+00  0
8.537653666312413e-01  1.070587911623608e+00  0
7.226939552642467e-01  9.062295597258393e-01  0
5.916225438975227e-01  7.418712078284094e-01  0
4.605511325312676e-01  5.775128559315675e-01  0
3.294797211649912e-01  4.131545040346991e-01  0
1.984083097987210e-01  2.487961521378381e-01  0
7.765554721712171e-01  1.612534059319638e+00  0
6.853434686097075e-01  1.423130381629517e+00  0
5.941314650482126e-01  1.233726703939427e+00  0
5.029194614866631e-01  1.044323026249223e+00  0
4.117074579253018e-01  8.549193485594095e-01  0
3.204954543642669e-01  6.655156708702737e-01  0
2.292834508032171e-01  4.761119931811079e-01  0
1.380714472421715e-01  2.867083154919504e-01  0
3.982630214170870e-01  1.744904312447151e+00  0
3.514841763379974e-01  1.539952800207513e+00  0
3.047053312589155e-01  1.335001287967907e+00  0
2.579264861798055e-01  1.130049775728179e+00  0
2.111476411007921e-01  9.250982634888740e-01  0
1.643687960219460e-01  7.201467512503021e-01  0
1.175899509430923e-01  5.151952390116971e-01  0
7.081110586424080e-02  3.102437267731013e-01  0
5.863393281801915e-02  1.522395308285317e-03  0
5.823840280569235e-02  2.998533406835446e-03  0
5.759255309183740e-02  4.383562584059098e-03  0
5.671600749009432e-02  5.635399433377359e-03  0
5.563539940699178e-02  6.716007512232724e-03  0
5.438356256502105e-02  7.592553102824522e-03  0
5.299853339174729e-02  8.238402811177367e-03  0
5.152239530311192e-02  8.633932818923096e-03  0
6.295089831038127e-02  2.283592800798748e-03  0
6.235760333388372e-02  4.497799791905749e-03  0
6.138882883166989e-02  6.575343410695889e-03  0
6.007401052211636e-02  8.453098551768703e-03  0
5.845309851218853e-02  1.007401055532619e-02  0
5.657534338213749e-02  1.138882884815324e-02  0
5.449779976927261e-02  1.235760334211438e-02  0
5.228359279303822e-02  1.295089831174079e-02  0
6.510938059822219e-02  2.664191466238536e-03  0
6.441720316063632e-02  5.247432825262653e-03  0
6.328696629852854e-02  7.671233591311315e-03  0
6.175301168160201e-02  9.861947811807324e-03  0
5.986194776562662e-02  1.175301172035162e-02  0
5.767123355799030e-02  1.328696631776489e-02  0
5.524743279885542e-02  1.441720317024547e-02  0
5.266419145718364e-02  1.510938059981596e-02  0
6.618862151298130e-02  2.854490758550541e-03  0
6.544700285534941e-02  5.622249262353081e-03  0
6.423603483043677e-02  8.219178565269079e-03  0
6.259251208308897e-02  1.056637229224994e-02  0
6.056637224277120e-02  1.259251212460565e-02  0
5.821917852956843e-02  1.423603485104623e-02  0
5.562224923405992e-02  1.544700286564387e-02  0
5.285449074884901e-02  1.618862151468770e-02  0
6.672824185577310e-02  2.949640384502174e-03  0
6.596190259336757e-02  5.809657441103473e-03  0
6.471056899562411e-02  8.493150994071863e-03  0
6.301226219469898e-02  1.091858445768158e-02  0
6.091858440655165e-02  1.301226223760192e-02  0
5.849315095717977e-02  1.471056901692339e-02  0
5.580965741186625e-02  1.596190260400851e-02  0
5.294964037447678e-02  1.672824185754017e-02  0
6.699805196987776e-02  2.997215187375858e-03  0
6.621935240771000e-02  5.903361510581347e-03  0
6.494783602783670e-02  8.630137179385308e-03  0
6.322213720593932e-02  1.109469050300263e-02  0
6.109469045104769e-02  1.322213724953468e-02  0
5.863013714189792e-02  1.494783604948005e-02  0
5.590336148087238e-02  1.621935241852318e-02  0
5.299721517718869e-02  1.699805197167403e-02  0
6.713295699828445e-02  3.021002583761708e-03  0
6.634807728754789e-02  5.950213535371774e-03  0
6.506646951875249e-02  8.698630257498279e-03  0
6.332707468927717e-02  1.118274350696607e-02  0
6.118274345459861e-02  1.332707473321875e-02  0
5.869863021971325e-02  1.506646954056787e-02  0
5.595021350542694e-02  1.634807729844721e-02  0
5.302100257349363e-02  1.713295700009537e-02  0
6.720040949339130e-02  3.032896278587337e-03  0
6.641243970924517e-02  5.973639541134706e-03  0
6.512578624741715e-02  8.732876786859013e-03  0
6.337954341609162e-02  1.122676999648317e-02  0
6.122676994390969e-02  1.337954346020600e-02  0
5.873287674892535e-02  1.512578626931819e-02  0
5.597363951107206e-02  1.641243972018708e-02  0
5.303289626827887e-02  1.720040949520901e-02  0
4.847760469031667e-02  8.633932817763167e-03  0
4.700146659158899e-02  8.238402805109506e-03  0
4.561643741280449e-02  7.592553090017351e-03  0
4.436460056571854e-02  6.716007489326618e-03  0
4.328399248766276e-02  5.635399406858355e-03  0
4.240744689680370e-02  4.383562564368457e-03  0
4.176159718908340e-02  2.998533392455102e-03  0
4.136606718080275e-02  1.522395301547537e-03  0
4.771640719710395e-02  1.295089831000128e-02  0
4.550220020573039e-02  1.235760333301324e-02  0
4.342465658459875e-02  1.138882882894329e-02  0
4.154690144687424e-02  1.007401052096788e-02  0
3.992598944451606e-02  8.453098511991001e-03  0
3.861117115128815e-02  6.575343381160600e-03  0
3.764239665827596e-02  4.497799770335717e-03  0
3.704910168784739e-02  2.283592790692331e-03  0
4.733580853131424e-02  1.510938059778736e-02  0
4.475256717197879e-02  1.441720315962887e-02  0
4.232876640319815e-02  1.328696629535500e-02  0
4.013805218660838e-02  1.175301168026875e-02  0
3.824698827946334e-02  9.861947765401717e-03  0
3.671303368158265e-02  7.671233556854923e-03  0
3.558279683020967e-02  5.247432800098653e-03  0
3.489061939970406e-02  2.664191454448257e-03  0
4.714550923882704e-02  1.618862151251407e-02  0
4.437775073469055e-02  1.544700285426872e-02  0
4.178082142884704e-02  1.423603482703537e-02  0
3.943362770605103e-02  1.259251208165943e-02  0
3.740748787519407e-02  1.056637224252938e-02  0
3.576396514825221e-02  8.219178528351290e-03  0
3.455299713484077e-02  5.622249235391492e-03  0
3.381137848479448e-02  2.854490745918014e-03  0
4.705035961278797e-02  1.672824185529449e-02  0
4.419034255584155e-02  1.596190259225488e-02  0
4.150684899984808e-02  1.471056899211302e-02  0
3.908141554056279e-02  1.301226219322507e-02  0
3.698773776219134e-02  1.091858440630452e-02  0
3.528943098235215e-02  8.493150955924194e-03  0
3.403809739649313e-02  5.809657413243676e-03  0
3.327175814192612e-02  2.949640371448831e-03  0
4.700278480987053e-02  1.699805196939221e-02  0
4.409663848631434e-02  1.621935240658010e-02  0
4.136986281443648e-02  1.494783602426966e-02  0
3.890530949521331e-02  1.322213720444223e-02  0
3.677786275025513e-02  1.109469045079706e-02  0
3.505216394978371e-02  8.630137140622482e-03  0
3.378064758198649e-02  5.903361482272291e-03  0
3.300194802778365e-02  2.997215174112025e-03  0
4.697899741346279e-02  1.713295699779548e-02  0
4.404978646149916e-02  1.634807728640941e-02  0
4.130136973627434e-02  1.506646951515748e-02  0
3.881725649123553e-02  1.332707468776851e-02  0
3.667292526656921e-02  1.118274345434626e-02  0
3.493353045868983e-02  8.698630218427882e-03  0
3.365192270206628e-02  5.950213506838093e-03  0
3.286704299935778e-02  3.021002570392633e-03  0
4.696710371862624e-02  1.720040949290003e-02  0
4.402636045572397e-02  1.641243970810184e-02  0
4.126712320688913e-02  1.512578624380769e-02  0
3.877323000171144e-02  1.337954341457675e-02  0
3.662045653958119e-02  1.122676994365611e-02  0
3.487421372993665e-02  8.732876747634732e-03  0
3.358756028032850e-02  5.973639512488643e-03  0
3.279959050424201e-02  3.032896265165605e-03  0
4.136606718206404e-02  -1.522395308700314e-03  0
4.176159719426165e-02  -2.998533406681917e-03  0
4.240744690832245e-02  -4.383562584319236e-03  0
4.328399250892609e-02  -5.635399432198752e-03  0
4.436460059240791e-02  -6.716007511721456e-03  0
4.561643743446950e-02  -7.592553102525480e-03  0
4.700146660788398e-02  -8.238402811040284e-03  0
4.847760469669481e-02  -8.633932818887743e-03  0
3.704910168973929e-02  -2.283592801421508e-03  0
3.764239666604328e-02  -4.497799791675965e-03  0
3.861117116856622e-02  -6.575343411086805e-03  0
3.992598947641099e-02  -8.453098550001634e-03  0
4.154690148690825e-02  -1.007401055456019e-02  0
4.342465661709621e-02  -1.138882884770553e-02  0
4.550220023017285e-02  -1.235760334190944e-02  0
4.771640720667114e-02  -1.295089831168817e-02  0
3.489061940191144e-02  -2.664191466965539e-03  0
3.558279683927180e-02  -5.247432824995431e-03  0
3.671303370174069e-02  -7.671233591768579e-03  0
3.824698831667440e-02  -9.861947809747165e-03  0
4.013805223331501e-02  -1.175301171945946e-02  0
4.232876644111210e-02  -1.328696631724398e-02  0
4.475256720049517e-02  -1.441720317000754e-02  0
4.733580854247604e-02  -1.510938059975526e-02  0
3.381137848715911e-02  -2.854490759329647e-03  0
3.455299714454952e-02  -5.622249262067108e-03  0
3.576396516984928e-02  -8.219178565759471e-03  0
3.740748791506220e-02  -1.056637229004318e-02  0
3.943362775609302e-02  -1.259251212365035e-02  0
4.178082146946842e-02  -1.423603485048868e-02  0
4.437775076524331e-02  -1.544700286538940e-02  0
4.714550925078587e-02  -1.618862151462293e-02  0
3.327175814436976e-02  -2.949640385307392e-03  0
3.403809740652584e-02  -5.809657440808238e-03  0
3.528943100466952e-02  -8.493150994578980e-03  0
3.698773780338881e-02  -1.091858445540171e-02  0
3.908141559227325e-02  -1.301226223661526e-02  0
4.150684904182384e-02  -1.471056901634770e-02  0
4.419034258741298e-02  -1.596190260374592e-02  0
4.705035962514553e-02  -1.672824185747346e-02  0
3.300194803026670e-02  -2.997215188194106e-03  0
3.378064759218104e-02  -5.903361510281433e-03  0
3.505216397246107e-02  -8.630137179900715e-03  0
3.677786279211709e-02  -1.109469050068613e-02  0
3.890530954775782e-02  -1.322213724853225e-02  0
4.136986285708927e-02  -1.494783604889522e-02  0
4.409663851839498e-02  -1.621935241825646e-02  0
4.700278482242741e-02  -1.699805197160630e-02  0
3.286704300186052e-02  -3.021002584586490e-03  0
3.365192271234170e-02  -5.950213535069554e-03  0
3.493353048154711e-02  -8.698630258017884e-03  0
3.667292530876336e-02  -1.118274350463131e-02  0
3.881725654419703e-02  -1.332707473220849e-02  0
4.130136977926561e-02  -1.506646953997852e-02  0
4.404978649383441e-02  -1.634807729817848e-02  0
4.697899742611931e-02  -1.713295700002718e-02  0
3.279959050675463e-02  -3.032896279415343e-03  0
3.358756029064437e-02  -5.973639540831251e-03  0
3.487421375288392e-02  -8.732876787380602e-03  0
3.662045658194146e-02  -1.122676999413914e-02  0
3.877323005488143e-02  -1.337954345919169e-02  0
4.126712325004968e-02  -1.512578626872644e-02  0
4.402636048818651e-02  -1.641243971991724e-02  0
4.696710373133260e-02  -1.720040949514050e-02  0
5.152239530924253e-02  -8.633932817841092e-03  0
5.299853340756989e-02  -8.238402805416462e-03  0
5.438356258603299e-02  -7.592553090690467e-03  0
5.563539943291092e-02  -6.716007490480404e-03  0
5.671600751095476e-02  -5.635399408512579e-03  0
5.759255310372952e-02  -4.383562563456509e-03  0
5.823840281104047e-02  -2.998533392136231e-03  0
5.863393281932300e-02  -1.522395300885000e-03  0
5.228359280223437e-02  -1.295089831011816e-02  0
5.449779979300701e-02  -1.235760333347368e-02  0
5.657534341365607e-02  -1.138882882995296e-02  0
5.845309855106803e-02  -1.007401052269856e-02  0
6.007401055340786e-02  -8.453098514472337e-03  0
6.138882884950884e-02  -6.575343379792679e-03  0
6.235760334190656e-02  -4.497799769857411e-03  0
6.295089831233747e-02  -2.283592789698525e-03  0
5.266419146791301e-02  -1.510938059792372e-02  0
5.524743282654657e-02  -1.441720316016605e-02  0
5.767123359476341e-02  -1.328696629653295e-02  0
5.986194781098775e-02  -1.175301168228787e-02  0
6.175301171811061e-02  -9.861947768296610e-03  0
6.328696631934240e-02  -7.671233555259015e-03  0
6.441720316999769e-02  -5.247432799540629e-03  0
6.510938060050522e-02  -2.664191453288818e-03  0
5.285449076034469e-02  -1.618862151266018e-02  0
5.562224926372881e-02  -1.544700285484426e-02  0
5.821917856896797e-02  -1.423603482829746e-02  0
6.056637229137216e-02  -1.259251208382278e-02  0
6.259251212220500e-02  -1.056637224563105e-02  0
6.423603485273703e-02  -8.219178526641387e-03  0
6.544700286537923e-02  -5.622249234793607e-03  0
6.618862151542726e-02  -2.854490744675758e-03  0
5.294964038635590e-02  -1.672824185544547e-02  0
5.580965744252465e-02  -1.596190259284961e-02  0
5.849315099789335e-02  -1.471056899341718e-02  0
6.091858445677348e-02  -1.301226219546053e-02  0
6.301226223511977e-02  -1.091858440950957e-02  0
6.471056901866856e-02  -8.493150954157298e-03  0
6.596190260373240e-02  -5.809657412625863e-03  0
6.672824185830099e-02  -2.949640370165166e-03  0
5.299721518925946e-02  -1.699805196954562e-02  0
5.590336151202535e-02  -1.621935240718442e-02  0
5.863013718326830e-02  -1.494783602559485e-02  0
6.109469050207969e-02  -1.322213720671375e-02  0
6.322213724701226e-02  -1.109469045405381e-02  0
6.494783605125301e-02  -8.630137138827085e-03  0
6.621935241824216e-02  -5.903361481644514e-03  0
6.699805197244654e-02  -2.997215172807656e-03  0
5.302100258566024e-02  -1.713295699795012e-02  0
5.595021353682720e-02  -1.634807728701853e-02  0
5.869863026141202e-02  -1.506646951649320e-02  0
6.118274350603571e-02  -1.332707469005805e-02  0
6.332707473067616e-02  -1.118274345762886e-02  0
6.506646954235470e-02  -8.698630216618238e-03  0
6.634807729816368e-02  -5.950213506205334e-03  0
6.713295700087368e-02  -3.021002569077912e-03  0
5.303289628049337e-02  -1.720040949305526e-02  0
5.597363954259589e-02  -1.641243970871335e-02  0
5.873287679078822e-02  -1.512578624514866e-02  0
6.122676999554923e-02  -1.337954341687530e-02  0
6.337954345765352e-02  -1.122676994695164e-02  0
6.512578627111225e-02  -8.732876745817963e-03  0
6.641243971990268e-02  -5.973639511853391e-03  0
6.720040949599067e-02  -3.032896263845707e-03  0
-1.636606718232940e-02  4.482366549943236e-02  0
-1.676159719434625e-02  4.629980359613886e-02  0
-1.740744690718135e-02  4.768483277156643e-02  0
-1.828399250856962e-02  4.893666962099714e-02  0
-1.936460059504331e-02  5.001727770315579e-02  0
-2.061643743810175e-02  5.089382329384537e-02  0
-2.200146660969340e-02  5.153967300092156e-02  0
-2.347760469879114e-02  5.193520300848001e-02  0
-1.204910169013805e-02  4.558486299290836e-02  0
-1.264239666617085e-02  4.779906998124990e-02  0
-1.361117116685519e-02  4.987661359734590e-02  0
-1.492598947587685e-02  5.175436873858730e-02  0
-1.654690149086181e-02  5.337528074709953e-02  0
-1.842465662254495e-02  5.469009904007302e-02  0
-2.050220023288720e-02  5.565887353211880e-02  0
-2.271640720981578e-02  5.625216850146390e-02  0
-9.890619402375213e-03  4.596546165883017e-02  0
-1.058279683941925e-02  4.854870301462863e-02  0
-1.171303369974324e-02  5.097250377753473e-02  0
-1.324698831605012e-02  5.316321799822792e-02  0
-1.513805223792657e-02  5.505428191255307e-02  0
-1.732876644746823e-02  5.658823651013727e-02  0
-1.975256720366142e-02  5.771847336038319e-02  0
-2.233580854614454e-02  5.841065078962508e-02  0
-8.811378487660122e-03  4.615576095138253e-02  0
-9.552997144711421e-03  4.892351945172868e-02  0
-1.076396516771274e-02  5.152044875127733e-02  0
-1.240748791439651e-02  5.386764247846916e-02  0
-1.443362776103665e-02  5.589378231701837e-02  0
-1.678082147628066e-02  5.753730504364188e-02  0
-1.937775076863716e-02  5.874827305584501e-02  0
-2.214550925471713e-02  5.948989170453663e-02  0
-8.271758144885507e-03  4.625091057745495e-02  0
-9.038097406691264e-03  4.911092763048507e-02  0
-1.028943100246004e-02  5.179442117997428e-02  0
-1.198773780269941e-02  5.421985464380230e-02  0
-1.408141559738038e-02  5.631353243012283e-02  0
-1.650684904886216e-02  5.801183920963347e-02  0
-1.919034259091927e-02  5.926317279424430e-02  0
-2.205035962920749e-02  6.002951204741189e-02  0
-8.001948030790703e-03  4.629848538038886e-02  0
-8.780647592349054e-03  4.920463169996561e-02  0
-1.005216397021587e-02  5.193140736523429e-02  0
-1.177786279141651e-02  5.439596068907347e-02  0
-1.390530955294728e-02  5.652340744210893e-02  0
-1.636986286424108e-02  5.824910624224651e-02  0
-1.909663852195780e-02  5.952062260877541e-02  0
-2.200278482655488e-02  6.029932216155628e-02  0
-7.867043002388881e-03  4.632227277680478e-02  0
-8.651922712511244e-03  4.925148372475733e-02  0
-9.933530479284282e-03  5.199990044332049e-02  0
-1.167292530805737e-02  5.448401369301189e-02  0
-1.381725654942780e-02  5.662834492581957e-02  0
-1.630136978647427e-02  5.836773973336238e-02  0
-1.904978649742556e-02  5.964934748870750e-02  0
-2.197899743027956e-02  6.043422718998269e-02  0
-7.799590507285062e-03  4.633416647164543e-02  0
-8.587560290814575e-03  4.927490973052085e-02  0
-9.874213750612194e-03  5.203414697266777e-02  0
-1.162045658123269e-02  5.452804018251640e-02  0
-1.377323006013280e-02  5.668081365282002e-02  0
-1.626712325728672e-02  5.842705646212667e-02  0
-1.902636049179179e-02  5.971370991045138e-02  0
-2.196710373550924e-02  6.050167968509888e-02  0
-2.652239531019521e-02  5.193520300689555e-02  0
-2.799853340933800e-02  5.153967299399492e-02  0
-2.938356258960859e-02  5.089382327784731e-02  0
-3.063539943284407e-02  5.001727767975642e-02  0
-3.171600751610165e-02  4.893666959159665e-02  0
-3.259255310535498e-02  4.768483274985553e-02  0
-3.323840281101191e-02  4.629980358142229e-02  0
-3.363393281869285e-02  4.482366549364609e-02  0
-2.728359280366308e-02  5.625216849908705e-02  0
-2.949779979565854e-02  5.565887352172865e-02  0
-3.157534341901853e-02  5.469009901607565e-02  0
-3.345309855096659e-02  5.337528071200019e-02  0
-3.507401056112679e-02  5.175436869448628e-02  0
-3.638882885194546e-02  4.987661356477933e-02  0
-3.735760334186198e-02  4.779906995917487e-02  0
-3.795089831139041e-02  4.558486298422887e-02  0
-2.766419146958087e-02  5.841065078685228e-02  0
-3.024743282964210e-02  5.771847334826163e-02  0
-3.267123360102270e-02  5.658823648214074e-02  0
-3.486194781087347e-02  5.505428187160424e-02  0
-3.675301172712101e-02  5.316321794677711e-02  0
-3.828696632219100e-02  5.097250373954074e-02  0
-3.941720316995244e-02  4.854870298887465e-02  0
-4.010938059940789e-02  4.596546164870424e-02  0
-2.785449076213189e-02  5.948989170156555e-02  0
-3.062224926704592e-02  5.874827304285728e-02  0
-3.321917857567503e-02  5.753730501364512e-02  0
-3.556637229125068e-02  5.589378227314414e-02  0
-3.759251213186032e-02  5.386764242334284e-02  0
-3.923603485579080e-02  5.152044871056910e-02  0
-4.044700286533284e-02  4.892351942413488e-02  0
-4.118862151425417e-02  4.615576094053317e-02  0
-2.794964038820306e-02  6.002951204434196e-02  0
-3.080965744595304e-02  5.926317278082391e-02  0
-3.349315100482507e-02  5.801183917863716e-02  0
-3.591858445664936e-02  5.631353238478649e-02  0
-3.801226224509865e-02  5.421985458683877e-02  0
-3.971056902182607e-02  5.179442113790937e-02  0
-4.096190260368664e-02  4.911092760197169e-02  0
-4.172824185709110e-02  4.625091056624404e-02  0
-2.799721519113649e-02  6.029932215843681e-02  0
-3.090336151550922e-02  5.952062259513854e-02  0
-3.363013719031206e-02  5.824910621075025e-02  0
-3.609469050195391e-02  5.652340739604137e-02  0
-3.822213725715246e-02  5.439596063119117e-02  0
-3.994783605446194e-02  5.193140732249092e-02  0
-4.121935241819622e-02  4.920463167099232e-02  0
-4.199805197121777e-02  4.629848536899713e-02  0
-2.802100258755222e-02  6.043422718683845e-02  0
-3.095021354033882e-02  5.964934747496237e-02  0
-3.369863026851186e-02  5.836773970161611e-02  0
-3.618274350590917e-02  5.662834487938634e-02  0
-3.832707474089716e-02  5.448401363467015e-02  0
-4.006646954558948e-02  5.199990040023783e-02  0
-4.134807729811786e-02  4.925148369555406e-02  0
-4.213295699963571e-02  4.632227276532265e-02  0
-2.803289628239275e-02  6.050167968194227e-02  0
-3.097363954612127e-02  5.971370989665213e-02  0
-3.373287679791591e-02  5.842705643025543e-02  0
-3.622676999542203e-02  5.668081360620399e-02  0
-3.837954346791456e-02  5.452804012394497e-02  0
-4.012578627435952e-02  5.203414692941550e-02  0
-4.141243971985638e-02  4.927490970120259e-02  0
-4.220040949474753e-02  4.633416646011809e-02  0
-3.363393281750625e-02  4.177887487806718e-02  0
-3.323840280496394e-02  4.030273678040419e-02  0
-3.259255309262678e-02  3.891770760654194e-02  0
-3.171600749169164e-02  3.766587075775627e-02  0
-3.063539940706549e-02  3.658526267705674e-02  0
-2.938356256437649e-02  3.570871708602919e-02  0
-2.799853339346596e-02  3.506286737867271e-02  0
-2.652239530170301e-02  3.466733737005198e-02  0
-3.795089830961011e-02  4.101767738411904e-02  0
-3.735760333278938e-02  3.880347039434277e-02  0
-3.638882883285235e-02  3.672592678059470e-02  0
-3.507401052451091e-02  3.484817164032075e-02  0
-3.345309851229793e-02  3.322725963399691e-02  0
-3.157534338116970e-02  3.191244134051613e-02  0
-2.949779977185000e-02  3.094366684804937e-02  0
-2.728359279092452e-02  3.035037187711025e-02  0
-4.010938059733066e-02  4.063707871796140e-02  0
-3.941720315936739e-02  3.805383736048933e-02  0
-3.828696629991527e-02  3.563003660032271e-02  0
-3.675301168440203e-02  3.343932238075845e-02  0
-3.486194776575959e-02  3.154825846898668e-02  0
-3.267123355686537e-02  3.001430387081083e-02  0
-3.024743280186518e-02  2.888406702007402e-02  0
-2.766419145471909e-02  2.819188958897258e-02  0
-4.118862151202920e-02  4.044677942529039e-02  0
-4.044700285399281e-02  3.767902092315049e-02  0
-3.923603483192531e-02  3.508209162653644e-02  0
-3.759251208609141e-02  3.273489790055369e-02  0
-3.556637224291573e-02  3.070875806473984e-02  0
-3.321917852836476e-02  2.906523533748214e-02  0
-3.062224923728576e-02  2.785426732475287e-02  0
-2.785449074620897e-02  2.711264867406886e-02  0
-4.172824185479166e-02  4.035162979915925e-02  0
-4.096190259196804e-02  3.749161274427590e-02  0
-3.971056899716434e-02  3.480811919781944e-02  0
-3.801226219780336e-02  3.238268573524106e-02  0
-3.591858440670254e-02  3.028900795174728e-02  0
-3.349315095593718e-02  2.859070117158152e-02  0
-3.080965741520045e-02  2.733936758642715e-02  0
-2.794964037174917e-02  2.657302833120083e-02  0
-4.199805196888125e-02  4.030405499619586e-02  0
-4.121935240628861e-02  3.739790867473597e-02  0
-3.994783602940246e-02  3.467113301254895e-02  0
-3.822213720909436e-02  3.220657968997959e-02  0
-3.609469045120151e-02  3.007913293981647e-02  0
-3.363013714063567e-02  2.835343413901321e-02  0
-3.090336148426063e-02  2.708191777193201e-02  0
-2.799721517441720e-02  2.630321821705921e-02  0
-4.213295699728067e-02  4.028026759976512e-02  0
-4.134807728611584e-02  3.735105664991450e-02  0
-4.006646952033120e-02  3.460263993445740e-02  0
-3.832707469245773e-02  3.211852668604587e-02  0
-3.618274345475406e-02  2.997419545613331e-02  0
-3.369863021844129e-02  2.823480064791949e-02  0
-3.095021350884228e-02  2.695319289201768e-02  0
-2.802100257070027e-02  2.616831318863396e-02  0
-4.220040949238322e-02  4.026837390491709e-02  0
-4.141243970780711e-02  3.732763064413611e-02  0
-4.012578624900180e-02  3.456839340510751e-02  0
-3.837954341928444e-02  3.207450019654377e-02  0
-3.622676994406553e-02  2.992172672914666e-02  0
-3.373287674764820e-02  2.817548391916636e-02  0
-3.097363951450074e-02  2.688883047028277e-02  0
-2.803289626547445e-02  2.610086069351843e-02  0
-2.347760468967976e-02  3.466733737157184e-02  0
-2.200146659023908e-02  3.506286738460446e-02  0
-2.061643741220545e-02  3.570871709955101e-02  0
-1.936460056602833e-02  3.658526269963576e-02  0
-1.828399248629185e-02  3.766587078399747e-02  0
-1.740744689568303e-02  3.891770762679416e-02  0
-1.676159718926670e-02  4.030273679626194e-02  0
-1.636606718130339e-02  4.177887488483117e-02  0
-2.271640719614862e-02  3.035037187938936e-02  0
-2.050220020370556e-02  3.094366685694588e-02  0
-1.842465658370028e-02  3.191244136079752e-02  0
-1.654690144733907e-02  3.322725966786402e-02  0
-1.492598944245991e-02  3.484817167968118e-02  0
-1.361117114960744e-02  3.672592681097191e-02  0
-1.264239665855129e-02  3.880347041812857e-02  0
-1.204910168859890e-02  4.101767739426461e-02  0
-2.233580853019953e-02  2.819188959163154e-02  0
-1.975256716961620e-02  2.888406703045326e-02  0
-1.732876640214948e-02  3.001430389447240e-02  0
-1.513805218715008e-02  3.154825850849825e-02  0
-1.324698827706372e-02  3.343932242667893e-02  0
-1.171303367962089e-02  3.563003663576274e-02  0
-1.058279683052979e-02  3.805383738823942e-02  0
-9.890619400579542e-03  4.063707872979787e-02  0
-2.214550923763314e-02  2.711264867691810e-02  0
-1.937775073216004e-02  2.785426733587408e-02  0
-1.678082142772471e-02  2.906523536283457e-02  0
-1.443362770663310e-02  3.070875810707446e-02  0
-1.240748787262520e-02  3.273489794975493e-02  0
-1.076396514615293e-02  3.508209166450852e-02  0
-9.552997135186859e-03  3.767902095288315e-02  0
-8.811378485736113e-03  4.044677943797257e-02  0
-2.205035961155404e-02  2.657302833414489e-02  0
-1.919034255322626e-02  2.733936759791881e-02  0
-1.650684899868772e-02  2.859070119777871e-02  0
-1.408141554116343e-02  3.028900799549272e-02  0
-1.198773775953576e-02  3.238268578608202e-02  0
-1.028943098018160e-02  3.480811923705699e-02  0
-9.038097396849253e-03  3.749161277499947e-02  0
-8.271758142897384e-03  4.035162981226405e-02  0
-2.200278480861671e-02  2.630321822005076e-02  0
-1.909663848365685e-02  2.708191778360901e-02  0
-1.636986281325738e-02  2.835343416563293e-02  0
-1.390530949582361e-02  3.007913298426748e-02  0
-1.177786274755669e-02  3.220657974164057e-02  0
-1.005216394757812e-02  3.467113305241937e-02  0
-8.780647582348314e-03  3.739790870595509e-02  0
-8.001948028770519e-03  4.030405500951203e-02  0
-2.197899741219902e-02  2.616831319164927e-02  0
-1.904978645882065e-02  2.695319290378741e-02  0
-1.630136973508595e-02  2.823480067475055e-02  0
-1.381725649185077e-02  2.997419550093715e-02  0
-1.167292526384946e-02  3.211852673811691e-02  0
-9.933530456466871e-03  3.460263997464430e-02  0
-8.651922702431139e-03  3.735105668138141e-02  0
-7.867043000352663e-03  4.028026761318701e-02  0
-2.196710371735751e-02  2.610086069654562e-02  0
-1.902636045303490e-02  2.688883048209884e-02  0
-1.626712320569609e-02  2.817548394610305e-02  0
-1.377323000232909e-02  2.992172677412690e-02  0
-1.162045653685075e-02  3.207450024881980e-02  0
-9.874213727704955e-03  3.456839344545262e-02  0
-8.587560280694784e-03  3.732763067572693e-02  0
-7.799590505240834e-03  4.026837391839182e-02  0
-1.636606718240775e-02  -4.177887487856735e-02  0
-1.676159719465489e-02  -4.030273678145738e-02  0
-1.740744690785814e-02  -3.891770760570569e-02  0
-1.828399250972969e-02  -3.766587075606483e-02  0
-1.936460059424379e-02  -3.658526267595976e-02  0
-2.061643743695247e-02  -3.570871708526299e-02  0
-2.200146660855998e-02  -3.506286737793596e-02  0
-2.347760469859867e-02  -3.466733736999907e-02  0
-1.204910169025557e-02  -4.101767738486897e-02  0
-1.264239666663380e-02  -3.880347039592190e-02  0
-1.361117116787036e-02  -3.672592677933943e-02  0
-1.492598947761696e-02  -3.484817163778251e-02  0
-1.654690148966254e-02  -3.322725963235031e-02  0
-1.842465662082103e-02  -3.191244133936576e-02  0
-2.050220023118708e-02  -3.094366684694336e-02  0
-2.271640720952706e-02  -3.035037187703036e-02  0
-9.890619402512318e-03  -4.063707871883628e-02  0
-1.058279683995936e-02  -3.805383736233161e-02  0
-1.171303370092761e-02  -3.563003659885818e-02  0
-1.324698831808025e-02  -3.343932237779711e-02  0
-1.513805223652742e-02  -3.154825846706556e-02  0
-1.732876644545699e-02  -3.001430386946866e-02  0
-1.975256720167796e-02  -2.888406701878362e-02  0
-2.233580854580770e-02  -2.819188958887935e-02  0
-8.811378487807022e-03  -4.044677942622803e-02  0
-9.552997145290107e-03  -3.767902092512489e-02  0
-1.076396516898172e-02  -3.508209162496805e-02  0
-1.240748791657165e-02  -3.273489789738174e-02  0
-1.443362775953756e-02  -3.070875806268248e-02  0
-1.678082147412577e-02  -2.906523533604500e-02  0
-1.937775076651203e-02  -2.785426732337104e-02  0
-2.214550925435624e-02  -2.711264867396940e-02  0
-8.271758145037306e-03  -4.035162980012805e-02  0
-9.038097407289241e-03  -3.749161274631592e-02  0
-1.028943100377131e-02  -3.480811919619847e-02  0
-1.198773780494705e-02  -3.238268573196301e-02  0
-1.408141559583133e-02  -3.028900794962094e-02  0
-1.650684904663543e-02  -2.859070117009611e-02  0
-1.919034258872329e-02  -2.733936758499897e-02  0
-2.205035962883456e-02  -2.657302833109788e-02  0
-8.001948030944948e-03  -4.030405499718026e-02  0
-8.780647592956678e-03  -3.739790867680889e-02  0
-1.005216397154829e-02  -3.467113301090183e-02  0
-1.177786279370040e-02  -3.220657968664865e-02  0
-1.390530955137324e-02  -3.007913293765582e-02  0
-1.636986286197843e-02  -2.835343413750383e-02  0
-1.909663851972640e-02  -2.708191777048079e-02  0
-2.200278482617593e-02  -2.630321821695460e-02  0
-7.867043002544349e-03  -4.028026760075736e-02  0
-8.651922713123688e-03  -3.735105665200388e-02  0
-9.933530480627279e-03  -3.460263993279725e-02  0
-1.167292531035938e-02  -3.211852668268854e-02  0
-1.381725654784126e-02  -2.997419545395556e-02  0
-1.630136978419367e-02  -2.823480064639820e-02  0
-1.904978649517646e-02  -2.695319289055498e-02  0
-2.197899742989762e-02  -2.616831318852853e-02  0
-7.799590507441143e-03  -4.026837390591324e-02  0
-8.587560291429430e-03  -3.732763064623374e-02  0
-9.874213751960475e-03  -3.456839340344082e-02  0
-1.162045658354378e-02  -3.207450019317323e-02  0
-1.377323005854002e-02  -2.992172672696034e-02  0
-1.626712325499714e-02  -2.817548391763908e-02  0
-1.902636048953384e-02  -2.688883046881431e-02  0
-2.196710373512580e-02  -2.610086069341259e-02  0
-2.652239531004593e-02  -3.466733737152343e-02  0
-2.799853340923748e-02  -3.506286738441376e-02  0
-2.938356258934382e-02  -3.570871710044506e-02  0
-3.063539943353321e-02  -3.658526269926705e-02  0
-3.171600751549832e-02  -3.766587078612948e-02  0
-3.259255310500290e-02  -3.891770762797970e-02  0
-3.323840281085125e-02  -4.030273679658129e-02  0
-3.363393281865198e-02  -4.177887488456705e-02  0
-2.728359280343933e-02  -3.035037187931676e-02  0
-2.949779979550808e-02  -3.094366685665985e-02  0
-3.157534341862182e-02  -3.191244136213860e-02  0
-3.345309855200086e-02  -3.322725966731095e-02  0
-3.507401056022237e-02  -3.484817168287921e-02  0
-3.638882885141787e-02  -3.672592681275022e-02  0
-3.735760334162141e-02  -3.880347041860761e-02  0
-3.795089831132938e-02  -4.101767739386843e-02  0
-2.766419146931971e-02  -2.819188959154682e-02  0
-3.024743282946633e-02  -2.888406703011954e-02  0
-3.267123360055955e-02  -3.001430389603700e-02  0
-3.486194781207971e-02  -3.154825850785301e-02  0
-3.675301172606543e-02  -3.343932243040995e-02  0
-3.828696632157509e-02  -3.563003663783745e-02  0
-3.941720316967146e-02  -3.805383738879826e-02  0
-4.010938059933648e-02  -4.063707872933567e-02  0
-2.785449076185227e-02  -2.711264867682733e-02  0
-3.062224926685795e-02  -2.785426733551653e-02  0
-3.321917857517931e-02  -2.906523536451092e-02  0
-3.556637229254367e-02  -3.070875810638312e-02  0
-3.759251213072999e-02  -3.273489795375246e-02  0
-3.923603485513151e-02  -3.508209166673142e-02  0
-4.044700286503228e-02  -3.767902095348194e-02  0
-4.118862151417797e-02  -4.044677943747733e-02  0
-2.794964038791401e-02  -2.657302833405109e-02  0
-3.080965744575858e-02  -2.733936759754934e-02  0
-3.349315100431251e-02  -2.859070119951094e-02  0
-3.591858445798510e-02  -3.028900799477834e-02  0
-3.801226224393024e-02  -3.238268579021279e-02  0
-3.971056902114441e-02  -3.480811923935397e-02  0
-4.096190260337577e-02  -3.749161277561822e-02  0
-4.172824185701217e-02  -4.035162981175234e-02  0
-2.799721519084276e-02  -2.630321821995546e-02  0
-3.090336151531162e-02  -2.708191778323360e-02  0
-3.363013718979124e-02  -2.835343416739311e-02  0
-3.609469050331118e-02  -3.007913298354157e-02  0
-3.822213725596520e-02  -3.220657974583796e-02  0
-3.994783605376927e-02  -3.467113305475340e-02  0
-4.121935241788034e-02  -3.739790870658381e-02  0
-4.199805197113758e-02  -4.030405500899206e-02  0
-2.802100258725618e-02  -2.616831319155321e-02  0
-3.095021354013968e-02  -2.695319290340901e-02  0
-3.369863026798692e-02  -2.823480067652468e-02  0
-3.618274350727724e-02  -2.997419550020549e-02  0
-3.832707473970050e-02  -3.211852674234762e-02  0
-4.006646954489136e-02  -3.460263997699687e-02  0
-4.134807729779949e-02  -3.735105668201512e-02  0
-4.213295699955490e-02  -4.028026761266289e-02  0
-2.803289628209554e-02  -2.610086069644918e-02  0
-3.097363954592134e-02  -2.688883048171894e-02  0
-3.373287679738889e-02  -2.817548394788417e-02  0
-3.622676999679551e-02  -2.992172677339235e-02  0
-3.837954346671320e-02  -3.207450025306720e-02  0
-4.012578627365864e-02  -3.456839344781443e-02  0
-4.141243971953678e-02  -3.732763067636313e-02  0
-4.220040949466639e-02  -4.026837391786564e-02  0
-3.363393281749572e-02  -4.482366550043660e-02  0
-3.323840280492246e-02  -4.629980359815399e-02  0
-3.259255309253580e-02  -4.768483277206001e-02  0
-3.171600749153568e-02  -4.893666962087409e-02  0
-3.063539940646973e-02  -5.001727770188785e-02  0
-2.938356256465119e-02  -5.089382329225704e-02  0
-2.799853339406390e-02  -5.153967299955464e-02  0
-2.652239530231500e-02  -5.193520300828525e-02  0
-3.795089830959432e-02  -4.558486299441436e-02  0
-3.735760333272715e-02  -4.779906998427197e-02  0
-3.638882883271587e-02  -4.987661359808534e-02  0
-3.507401052427699e-02  -5.175436873840165e-02  0
-3.345309851140429e-02  -5.337528074519649e-02  0
-3.157534338158174e-02  -5.469009903768945e-02  0
-2.949779977274691e-02  -5.565887353006757e-02  0
-2.728359279184250e-02  -5.625216850117122e-02  0
-4.010938059731223e-02  -4.596546166058717e-02  0
-3.941720315929478e-02  -4.854870301815433e-02  0
-3.828696629975606e-02  -5.097250377839738e-02  0
-3.675301168412912e-02  -5.316321799801123e-02  0
-3.486194776471702e-02  -5.505428191033278e-02  0
-3.267123355734609e-02  -5.658823650735637e-02  0
-3.024743280291159e-02  -5.771847335799001e-02  0
-2.766419145579007e-02  -5.841065078928361e-02  0
-4.118862151200947e-02  -4.615576095326530e-02  0
-4.044700285391502e-02  -4.892351945550676e-02  0
-3.923603483175471e-02  -5.152044875220235e-02  0
-3.759251208579899e-02  -5.386764247823791e-02  0
-3.556637224179867e-02  -5.589378231464041e-02  0
-3.321917852887981e-02  -5.753730504066324e-02  0
-3.062224923840691e-02  -5.874827305328163e-02  0
-2.785449074735645e-02  -5.948989170417120e-02  0
-4.172824185477125e-02  -4.625091057940036e-02  0
-4.096190259188767e-02  -4.911092763438887e-02  0
-3.971056899698808e-02  -5.179442118092980e-02  0
-3.801226219750121e-02  -5.421985464356298e-02  0
-3.591858440554826e-02  -5.631353242766525e-02  0
-3.349315095646941e-02  -5.801183920655516e-02  0
-3.080965741635898e-02  -5.926317279159517e-02  0
-2.794964037293490e-02  -6.002951204703412e-02  0
-4.199805196886050e-02  -4.629848538236565e-02  0
-4.121935240620692e-02  -4.920463170393238e-02  0
-3.994783602922335e-02  -5.193140736620523e-02  0
-3.822213720878734e-02  -5.439596068883028e-02  0
-3.609469045002861e-02  -5.652340743961171e-02  0
-3.363013714117648e-02  -5.824910623911857e-02  0
-3.090336148543783e-02  -5.952062260608357e-02  0
-2.799721517562206e-02  -6.029932216117240e-02  0
-4.213295699725979e-02  -4.632227277879730e-02  0
-4.134807728603349e-02  -4.925148372875559e-02  0
-4.006646952015067e-02  -5.199990044429916e-02  0
-3.832707469214826e-02  -5.448401369276681e-02  0
-3.618274345357185e-02  -5.662834492330257e-02  0
-3.369863021898639e-02  -5.836773973020967e-02  0
-3.095021351002883e-02  -5.964934748599431e-02  0
-2.802100257191469e-02  -6.043422718959579e-02  0
-4.220040949236224e-02  -4.633416647364579e-02  0
-4.141243970772445e-02  -4.927490973453488e-02  0
-4.012578624882054e-02  -5.203414697365030e-02  0
-3.837954341897376e-02  -5.452804018227034e-02  0
-3.622676994287866e-02  -5.668081365029312e-02  0
-3.373287674819545e-02  -5.842705645896155e-02  0
-3.097363951569195e-02  -5.971370990772752e-02  0
-2.803289626669365e-02  -6.050167968471045e-02  0
-2.347760468953047e-02  -5.193520300684713e-02  0
-2.200146659013855e-02  -5.153967299380424e-02  0
-2.061643741194068e-02  -5.089382327874135e-02  0
-1.936460056671748e-02  -5.001727767938771e-02  0
-1.828399248568853e-02  -4.893666959372867e-02  0
-1.740744689533094e-02  -4.768483275104109e-02  0
-1.676159718910603e-02  -4.629980358174164e-02  0
-1.636606718126253e-02  -4.482366549338199e-02  0
-2.271640719592487e-02  -5.625216849901445e-02  0
-2.050220020355510e-02  -5.565887352144263e-02  0
-1.842465658330358e-02  -5.469009901741673e-02  0
-1.654690144837333e-02  -5.337528071144713e-02  0
-1.492598944155550e-02  -5.175436869768432e-02  0
-1.361117114907985e-02  -4.987661356655765e-02  0
-1.264239665831075e-02  -4.779906995965393e-02  0
-1.204910168853787e-02  -4.558486298383270e-02  0
-2.233580852993836e-02  -5.841065078676760e-02  0
-1.975256716944042e-02  -5.771847334792792e-02  0
-1.732876640168633e-02  -5.658823648370533e-02  0
-1.513805218835631e-02  -5.505428187095898e-02  0
-1.324698827600814e-02  -5.316321795050812e-02  0
-1.171303367900497e-02  -5.097250374161544e-02  0
-1.058279683024882e-02  -4.854870298943354e-02  0
-9.890619400508146e-03  -4.596546164824203e-02  0
-2.214550923735351e-02  -5.948989170147478e-02  0
-1.937775073197207e-02  -5.874827304249975e-02  0
-1.678082142722901e-02  -5.753730501532148e-02  0
-1.443362770792610e-02  -5.589378227245281e-02  0
-1.240748787149487e-02  -5.386764242734035e-02  0
-1.076396514549363e-02  -5.152044871279199e-02  0
-9.552997134886321e-03  -4.892351942473368e-02  0
-8.811378485659912e-03  -4.615576094003795e-02  0
-2.205035961126497e-02  -6.002951204424817e-02  0
-1.919034255303181e-02  -5.926317278045445e-02  0
-1.650684899817517e-02  -5.801183918036940e-02  0
-1.408141554249916e-02  -5.631353238407211e-02  0
-1.198773775836736e-02  -5.421985459096955e-02  0
-1.028943097949995e-02  -5.179442114020636e-02  0
-9.038097396538391e-03  -4.911092760259046e-02  0
-8.271758142818463e-03  -4.625091056573232e-02  0
-2.200278480832297e-02  -6.029932215834152e-02  0
-1.909663848345925e-02  -5.952062259476314e-02  0
-1.636986281273655e-02  -5.824910621251043e-02  0
-1.390530949718087e-02  -5.652340739531546e-02  0
-1.177786274636944e-02  -5.439596063538858e-02  0
-1.005216394688546e-02  -5.193140732482496e-02  0
-8.780647582032432e-03  -4.920463167162106e-02  0
-8.001948028690319e-03  -4.629848536847716e-02  0
-2.197899741190298e-02  -6.043422718674239e-02  0
-1.904978645862151e-02  -5.964934747458399e-02  0
-1.630136973456103e-02  -5.836773970339025e-02  0
-1.381725649321885e-02  -5.662834487865466e-02  0
-1.167292526265282e-02  -5.448401363890086e-02  0
-9.933530455768757e-03  -5.199990040259041e-02  0
-8.651922702112784e-03  -4.925148369618780e-02  0
-7.867043000271853e-03  -4.632227276479853e-02  0
-2.196710371706030e-02  -6.050167968184584e-02  0
-1.902636045283497e-02  -5.971370989627225e-02  0
-1.626712320516909e-02  -5.842705643203654e-02  0
-1.377323000370256e-02  -5.668081360546944e-02  0
-1.162045653564941e-02  -5.452804012819235e-02  0
-9.874213727004092e-03  -5.203414693177733e-02  0
-8.587560280375175e-03  -4.927490970183884e-02  0
-7.799590505159701e-03  -4.633416645959190e-02  0
Edges
192
3  28  2
28  29  2
29  30  2
30  31  2
31  32  2
32  33  2
4  33  2
4  34  2
34  35  2
35  36  2
36  37  2
37  38  2
38  39  2
1  39  2
1  40  2
40  41  2
41  42  2
42  43  2
43  44  2
44  45  2
2  45  2
2  46  2
46  47  2
47  48  2
48  49  2
49  50  2
50  51  2
3  51  2
6  52  3
52  53  3
53  54  3
54  55  3
55  56  3
56  57  3
7  57  3
7  58  3
58  59  3
59  60  3
60  61  3
61  62  3
62  63  3
8  63  3
8  64  3
64  65  3
65  66  3
66  67  3
67  68  3
68  69  3
5  69  3
5  70  3
70  71  3
71  72  3
72  73  3
73  74  3
74  75  3
6  75  3
9  108  1
108  109  1
109  110  1
110  111  1
111  112  1
112  113  1
10  113  1
10  114  1
114  115  1
115  116  1
116  117  1
117  118  1
118  119  1
11  119  1
11  120  1
120  121  1
121  122  1
122  123  1
123  124  1
124  125  1
12  125  1
12  126  1
126  127  1
127  128  1
128  129  1
129  130  1
130  131  1
9  131  1
14  136  4
136  137  4
137  138  4
138  139  4
139  140  4
140  141  4
141  142  4
142  143  4
15  143  4
15  144  4
144  145  4
145  146  4
146  147  4
147  148  4
148  149  4
149  150  4
150  151  4
16  151  4
16  152  4
152  153  4
153  154  4
154  155  4
155  156  4
156  157  4
157  158  4
158  159  4
17  159  4
17  160  4
160  161  4
161  162  4
162  163  4
163  164  4
164  165  4
165  166  4
166  167  4
14  167  4
19  168  5
168  169  5
169  170  5
170  171  5
171  172  5
172  173  5
173  174  5
174  175  5
20  175  5
20  176  5
176  177  5
177  178  5
178  179  5
179  180  5
180  181  5
181  182  5
182  183  5
21  183  5
21  184  5
184  185  5
185  186  5
186  187  5
187  188  5
188  189  5
189  190  5
190  191  5
22  191  5
22  192  5
192  193  5
193  194  5
194  195  5
195  196  5
196  197  5
197  198  5
198  199  5
19  199  5
24  200  6
200  201  6
201  202  6
202  203  6
203  204  6
204  205  6
205  206  6
206  207  6
25  207  6
25  208  6
208  209  6
209  210  6
210  211  6
211  212  6
212  213  6
213  214  6
214  215  6
26  215  6
26  216  6
216  217  6
217  218  6
218  219  6
219  220  6
220  221  6
221  222  6
222  223  6
27  223  6
27  224  6
224  225  6
225  226  6
226  227  6
227  228  6
228  229  6
229  230  6
230  231  6
24  231  6
Triangles
356
376  1006  1099  1
12  377  932  1
952  628  953  1
628  779  1044  1
590  632  787  1
950  371  1022  1
751  337  789  1
117  118  382  1
751  666  785  1
989  950  1053  1
796  790  951  1
932  971  1100  1
533  518  617  1
736  361  974  1
646  648  653  1
748  380  808  1
687  655  990  1
632  899  1084  1
204  203  701  1
152  16  705  1
197  196  714  1
193  192  710  1
734  974  1054  1
432  463  802  1
702  701  720  1
210  209  716  1
1027  571  1055  1
911  344  1069  1
362  771  945  1
191  190  711  1
569  605  613  1
650  652  656  1
468  516  517  1
678  817  880  1
665  737  808  1
541  548  549  1
764  576  766  1
725  585  823  1
652  659  821  1
523  524  601  1
169  168  757  1
594  596  715  1
614  769  817  1
511  462  803  1
659  651  660  1
551  550  552  1
787  338  825  1
973  361  1089  1
550  548  819  1
556  833  834  1
847  869  875  1
565  831  850  1
546  585  624  1
560  557  834  1
559  560  857  1
190  189  1123  1
837  835  854  1
835  834  843  1
499  506  535  1
839  841  851  1
567  586  667  1
188  187  717  1
466  846  875  1
477  479  480  1
473  474  475  1
475  476  477  1
864  863  865  1
480  481  501  1
440  441  444  1
397  399  400  1
444  446  466  1
401  470  867  1
153  152  343  1
208  25  338  1
205  204  334  1
198  197  337  1
22  191  341  1
16  151  335  1
196  195  344  1
395  397  867  1
195  194  742  1
836  838  845  1
460  472  473  1
441  530  877  1
828  864  903  1
436  482  483  1
449  448  450  1
470  403  889  1
485  484  486  1
25  207  738  1
396  394  398  1
621  622  897  1
609  610  611  1
426  443  908  1
192  22  729  1
543  544  545  1
1068  369  1074  1
422  424  905  1
605  570  606  1
542  521  543  1
428  427  429  1
666  606  668  1
758  757  759  1
211  210  329  1
24  231  332  1
168  19  330  1
146  145  333  1
452  451  453  1
799  563  941  1
722  584  907  1
199  198  785  1
669  678  679  1
589  587  661  1
128  129  756  1
611  612  636  1
586  587  588  1
895  893  915  1
19  199  728  1
112  113  770  1
209  208  741  1
157  156  723  1
340  813  1086  1
156  155  700  1
110  111  755  1
428  430  925  1
454  453  455  1
11  120  771  1
558  607  978  1
909  443  938  1
639  600  640  1
333  783  1059  1
147  146  744  1
740  604  1038  1
553  555  978  1
115  116  947  1
848  819  991  1
148  147  880  1
587  568  913  1
471  870  992  1
754  617  937  1
714  743  1107  1
965  372  967  1
826  727  1058  1
389  391  1002  1
118  119  782  1
924  332  1043  1
456  455  457  1
786  720  1002  1
527  509  699  1
1027  525  1051  1
577  922  1000  1
708  709  1118  1
488  490  923  1
432  433  434  1
958  713  1087  1
920  724  1035  1
705  706  1105  1
590  589  591  1
154  153  983  1
490  491  492  1
707  788  1106  1
522  1032  1095  1
145  144  774  1
778  350  780  1
994  439  998  1
992  618  1004  1
598  595  1015  1
496  923  1063  1
814  759  1124  1
570  516  975  1
187  186  346  1
547  604  626  1
977  1008  1012  1
1013  748  1085  1
814  1031  1032  1
519  533  534  1
170  169  349  1
230  229  351  1
645  654  655  1
175  174  1022  1
1009  976  1013  1
144  15  348  1
17  159  350  1
1015  623  1067  1
938  925  1029  1
592  591  593  1
357  793  940  1
936  960  1115  1
186  185  792  1
220  219  1070  1
754  926  1066  1
684  968  1045  1
694  634  1016  1
219  218  1071  1
1000  703  1060  1
27  223  1093  1
491  572  1018  1
768  829  1043  1
1040  853  1063  1
435  691  957  1
626  733  734  1
973  608  1055  1
718  990  1090  1
733  735  972  1
986  933  1061  1
142  141  364  1
162  161  363  1
712  958  1116  1
642  645  1056  1
765  761  766  1
675  812  1067  1
783  774  797  1
960  124  986  1
752  635  1038  1
21  183  356  1
760  758  761  1
965  816  966  1
767  355  969  1
507  951  1122  1
815  964  1081  1
182  181  368  1
762  1025  1109  1
528  615  1052  1
730  697  731  1
876  949  1034  1
946  694  1108  1
359  1011  1053  1
746  625  1041  1
597  599  1041  1
571  547  1054  1
1078  366  1079  1
969  735  1050  1
178  177  1033  1
374  1070  1115  1
1026  382  1037  1
680  975  1095  1
689  980  1101  1
367  917  918  1
1047  668  1124  1
1014  760  1109  1
1082  964  1083  1
736  1111  1112  1
891  985  1057  1
966  1079  1080  1
136  14  372  1
14  167  373  1
176  20  371  1
794  347  980  1
13  232  1341  4
13  1341  1342  4
13  1342  1343  4
13  1343  1344  4
13  1344  1345  4
13  1345  1346  4
13  1346  1347  4
13  1347  1348  4
13  1348  240  4
13  240  1405  4
13  1405  1406  4
13  1406  1407  4
13  1407  1408  4
13  1408  1409  4
13  1409  1410  4
13  1410  1411  4
13  1411  1412  4
13  1412  248  4
13  248  1469  4
13  1469  1470  4
13  1470  1471  4
13  1471  1472  4
13  1472  1473  4
13  1473  1474  4
13  1474  1475  4
13  1475  1476  4
13  1476  256  4
13  256  1533  4
13  1533  1534  4
13  1534  1535  4
13  1535  1536  4
13  1536  1537  4
13  1537  1538  4
13  1538  1539  4
13  1539  1540  4
13  1540  232  4
18  264  1597  5
18  1597  1598  5
18  1598  1599  5
18  1599  1600  5
18  1600  1601  5
18  1601  1602  5
18  1602  1603  5
18  1603  1604  5
18  1604  272  5
18  272  1661  5
18  1661  1662  5
18  1662  1663  5
18  1663  1664  5
18  1664  1665  5
18  1665  1666  5
18  1666  1667  5
18  1667  1668  5
18  1668  280  5
18  280  1725  5
18  1725  1726  5
18  1726  1727  5
18  1727  1728  5
18  1728  1729  5
18  1729  1730  5
18  1730  1731  5
18  1731  1732  5
18  1732  288  5
18  288  1789  5
18  1789  1790  5
18  1790  1791  5
18  1791  1792  5
18  1792  1793  5
18  1793  1794  5
18  1794  1795  5
18  1795  1796  5
18  1796  264  5
23  296  1853  6
23  1853  1854  6
23  1854  1855  6
23  1855  1856  6
23  1856  1857  6
23  1857  1858  6
23  1858  1859  6
23  1859  1860  6
23  1860  304  6
23  304  1917  6
23  1917  1918  6
23  1918  1919  6
23  1919  1920  6
23  1920  1921  6
23  1921  1922  6
23  1922  1923  6
23  1923  1924  6
23  1924  312  6
23  312  1981  6
23  1981  1982  6
23  1982  1983  6
23  1983  1984  6
23  1984  1985  6
23  1985  1986  6
23  1986  1987  6
23  1987  1988  6
23  1988  320  6
23  320  2045  6
23  2045  2046  6
23  2046  2047  6
23  2047  2048  6
23  2048  2049  6
23  2049  2050  6
23  2050  2051  6
23  2051  2052  6
23  2052  296  6
Quadrilaterals
1915
970  358  987  1100  1
495  856  842  855  1
1002  720  1048  389  1
729  1019  710  192  1
882  1119  343  1121  1
741  1084  716  209  1
852  910  856  495  1
718  1090  726  717  1
740  1038  924  1043  1
343  1119  983  153  1
992  841  1028  471  1
728  1047  330  19  1
855  842  851  529  1
772  641  919  688  1
696  697  730  1001  1
1004  851  841  992  1
150  709  708  151  1
983  692  993  339  1
779  1110  749  777  1
768  1043  332  231  1
729  1046  681  1019  1
1034  949  1024  379  1
368  356  183  182  1
1031  814  1124  668  1
694  1016  739  753  1
695  1069  742  1058  1
333  1059  744  146  1
1084  899  1092  716  1
716  1092  329  210  1
997  679  1059  783  1
684  1045  727  826  1
853  930  910  852  1
507  1114  796  951  1
978  788  996  553  1
344  743  714  196  1
666  668  1047  728  1
934  801  959  700  1
914  1067  623  956  1
840  1028  841  839  1
352  985  891  890  1
1116  745  1091  712  1
653  1087  747  646  1
973  1089  627  608  1
711  713  958  712  1
1028  840  1023  871  1
1047  1124  759  330  1
876  114  115  949  1
733  626  671  735  1
955  1097  704  922  1
1122  693  1063  923  1
954  830  962  461  1
656  1091  745  650  1
1078  976  1009  366  1
991  819  984  442  1
500  1108  1098  892  1
653  648  745  1116  1
968  822  943  503  1
959  662  820  723  1
1071  961  1070  219  1
939  844  998  419  1
124  125  933  986  1
190  1123  713  711  1
700  959  723  156  1
1003  369  1068  746  1
478  943  822  921  1
471  1028  871  412  1
687  1064  686  655  1
787  632  1084  741  1
1008  977  1081  365  1
538  868  791  800  1
762  988  989  1025  1
1054  547  626  734  1
672  1072  575  670  1
339  934  700  155  1
868  478  921  791  1
980  347  750  1101  1
1074  369  120  121  1
492  1114  507  490  1
824  1110  779  628  1
340  1086  149  148  1
848  991  849  619  1
1096  122  935  732  1
483  855  529  436  1
675  1067  914  458  1
1030  572  916  674  1
600  919  641  640  1
711  712  341  191  1
477  480  943  478  1
707  1106  706  335  1
994  998  844  833  1
507  1122  923  490  1
206  1097  345  207  1
503  943  480  501  1
1062  722  1029  798  1
693  1122  951  637  1
517  1062  798  468  1
636  993  692  611  1
665  1065  580  664  1
462  1094  804  803  1
694  946  388  634  1
800  927  904  538  1
1027  1055  608  525  1
600  639  599  598  1
825  667  586  588  1
610  1040  612  611  1
773  1120  348  15  1
708  1118  781  707  1
681  1046  1091  656  1
431  1094  433  432  1
754  1098  753  617  1
705  1121  343  152  1
1023  854  1010  437  1
896  503  501  520  1
683  968  684  682  1
387  388  946  390  1
787  825  588  590  1
605  606  666  751  1
927  455  453  904  1
942  465  995  913  1
660  954  800  791  1
345  1017  738  207  1
937  1018  572  1030  1
1059  679  678  744  1
624  1088  902  546  1
892  1066  398  394  1
1042  986  1061  378  1
868  538  473  475  1
906  849  982  425  1
702  1060  703  334  1
723  820  328  157  1
361  736  127  128  1
376  113  10  763  1
722  1062  721  584  1
882  609  611  692  1
667  1017  831  567  1
519  497  518  533  1
496  1063  853  852  1
931  995  465  456  1
871  1023  437  414  1
664  580  579  997  1
497  498  494  493  1
634  388  574  635  1
416  939  419  418  1
913  995  661  587  1
856  845  838  842  1
478  868  475  477  1
421  998  439  423  1
738  1017  667  825  1
843  1010  854  835  1
689  690  696  980  1
929  1106  607  561  1
950  876  1034  371  1
791  921  659  660  1
713  1123  784  1087  1
642  1056  640  641  1
563  996  781  941  1
637  951  790  638  1
618  992  870  404  1
538  904  460  473  1
817  769  813  340  1
331  1123  189  188  1
795  574  386  342  1
582  930  610  609  1
671  626  604  740  1
727  1045  896  603  1
547  534  539  604  1
558  978  555  557  1
854  1023  840  837  1
654  645  644  747  1
821  659  921  822  1
798  1029  802  463  1
386  1048  385  342  1
1111  736  974  734  1
924  1038  635  1076  1
826  1058  336  710  1
427  982  442  429  1
465  942  884  454  1
1040  1063  693  612  1
833  844  843  834  1
678  669  614  817  1
619  981  832  554  1
570  975  680  606  1
652  821  657  656  1
982  849  991  442  1
14  373  967  372  1
588  587  589  590  1
356  1057  985  21  1
457  1077  459  458  1
360  999  810  811  1
577  1000  578  536  1
721  1113  823  585  1
389  1048  386  387  1
686  944  673  655  1
429  431  430  428  1
786  1060  702  720  1
508  1002  391  393  1
426  427  428  443  1
873  1004  618  402  1
822  968  683  821  1
842  838  839  851  1
852  495  487  496  1
426  908  424  425  1
510  435  462  511  1
832  994  833  556  1
423  906  425  424  1
930  853  1040  610  1
488  923  496  487  1
621  620  578  622  1
948  920  1035  1102  1
619  554  552  848  1
419  998  421  420  1
609  698  581  582  1
719  332  924  1076  1
551  996  563  549  1
647  658  649  648  1
828  827  883  864  1
438  903  894  420  1
631  942  913  568  1
354  1109  1025  1011  1
522  509  527  575  1
987  933  932  1100  1
439  981  906  423  1
708  707  335  151  1
557  555  556  834  1
715  596  689  1101  1
553  996  551  552  1
760  1014  349  758  1
905  901  438  422  1
930  582  583  910  1
644  645  642  643  1
915  884  942  631  1
849  906  981  619  1
938  1029  722  907  1
1014  1109  354  171  1
392  394  393  391  1
719  1076  795  200  1
912  674  482  399  1
677  909  629  630  1
1030  926  754  937  1
557  560  559  558  1
559  857  562  561  1
901  905  677  630  1
502  883  827  521  1
901  828  903  438  1
420  894  418  419  1
510  1020  691  435  1
836  845  857  560  1
909  677  908  443  1
905  424  908  677  1
844  939  1010  843  1
423  424  422  421  1
607  1106  788  978  1
520  502  521  542  1
894  865  881  418  1
895  915  900  467  1
925  938  443  428  1
579  580  528  514  1
425  982  427  426  1
887  417  888  861  1
536  578  620  846  1
888  881  865  863  1
900  915  631  566  1
864  883  531  863  1
884  915  893  452  1
481  531  883  502  1
881  888  417  415  1
904  453  451  460  1
889  405  869  847  1
466  467  499  846  1
479  531  481  480  1
448  877  858  450  1
861  888  863  862  1
879  886  860  859  1
470  898  885  867  1
531  479  862  863  1
444  466  875  440  1
395  393  394  396  1
835  836  560  834  1
565  566  567  831  1
886  872  887  860  1
535  506  565  850  1
404  870  406  405  1
402  618  404  403  1
877  530  879  858  1
858  879  859  472  1
479  477  476  862  1
886  879  530  874  1
867  885  866  395  1
397  395  396  399  1
407  869  405  406  1
401  867  397  400  1
860  887  861  573  1
872  886  874  411  1
446  895  467  466  1
415  417  413  414  1
403  470  401  402  1
548  540  616  819  1
452  893  449  451  1
889  847  898  470  1
467  900  506  499  1
413  872  411  412  1
909  938  907  629  1
410  471  412  411  1
417  887  872  413  1
474  573  476  475  1
411  874  408  410  1
877  448  445  441  1
485  486  487  495  1
447  895  446  445  1
400  873  402  401  1
472  859  474  473  1
409  530  441  440  1
408  407  406  410  1
399  482  436  400  1
445  446  444  441  1
603  896  520  542  1
407  408  409  440  1
472  460  450  858  1
874  530  409  408  1
573  474  859  860  1
440  875  869  407  1
448  449  447  445  1
855  483  485  495  1
405  889  403  404  1
452  453  454  884  1
499  535  536  846  1
603  542  633  695  1
839  838  837  840  1
573  861  862  476  1
544  543  521  827  1
483  482  484  485  1
451  449  450  460  1
846  620  847  875  1
893  895  447  449  1
759  814  764  758  1
491  1018  493  492  1
828  901  630  827  1
897  508  866  885  1
430  431  432  802  1
837  838  836  835  1
898  847  620  621  1
865  894  903  864  1
455  927  461  457  1
393  395  866  508  1
501  481  502  520  1
544  827  630  629  1
752  1016  634  635  1
701  385  1048  720  1
926  1030  674  912  1
434  464  463  432  1
550  819  848  552  1
390  500  392  391  1
1013  1085  364  1009  1
506  900  566  565  1
562  583  582  581  1
418  881  415  416  1
919  600  598  812  1
691  1020  699  509  1
546  902  543  545  1
699  1052  809  527  1
629  907  545  544  1
597  1041  625  596  1
1000  1060  622  578  1
112  770  360  111  1
515  540  537  532  1
914  1075  931  458  1
344  195  742  1069  1
422  438  420  421  1
714  789  337  197  1
705  16  335  706  1
515  511  803  540  1
566  631  568  567  1
981  439  994  832  1
550  551  549  548  1
934  339  993  638  1
454  455  456  465  1
916  489  486  484  1
910  583  845  856  1
568  587  586  567  1
569  516  570  605  1
412  871  414  413  1
469  975  516  468  1
928  1007  579  514  1
584  721  585  546  1
830  954  660  651  1
489  916  572  491  1
614  532  537  769  1
524  525  564  952  1
730  731  732  940  1
669  928  532  614  1
437  1010  939  416  1
622  1060  786  897  1
615  1065  811  810  1
802  1029  925  430  1
870  471  410  406  1
379  176  371  1034  1
504  957  691  509  1
602  796  523  601  1
545  907  584  546  1
674  916  484  482  1
494  523  796  1114  1
1053  950  1022  359  1
651  659  652  650  1
512  1020  510  511  1
489  491  490  488  1
624  585  725  1107  1
615  528  580  1065  1
785  198  337  751  1
583  562  857  845  1
703  1000  922  704  1
650  745  648  649  1
743  1088  624  1107  1
732  935  918  940  1
334  204  701  702  1
799  541  549  563  1
725  823  613  789  1
396  398  912  399  1
873  400  436  529  1
541  799  769  537  1
554  832  556  555  1
414  437  416  415  1
590  591  592  632  1
698  1105  929  581  1
381  756  129  130  1
1037  687  890  891  1
637  636  612  693  1
956  591  589  661  1
392  500  892  394  1
885  898  621  897  1
522  575  576  1032  1
554  555  553  552  1
954  461  927  800  1
458  931  456  457  1
1005  429  442  984  1
662  959  801  602  1
1072  766  576  575  1
535  850  577  536  1
764  766  761  758  1
598  599  597  595  1
513  512  511  515  1
220  1070  374  221  1
464  504  469  468  1
388  387  386  574  1
613  605  751  789  1
676  1003  746  1041  1
540  548  541  537  1
389  387  390  391  1
724  117  382  1026  1
542  543  902  633  1
561  607  558  559  1
532  928  513  515  1
591  956  623  593  1
11  771  362  119  1
641  772  643  642  1
340  148  880  817  1
110  755  380  109  1
801  934  638  790  1
486  489  488  487  1
595  597  596  594  1
498  524  523  494  1
1005  984  804  1094  1
1061  933  987  370  1
709  1086  813  941  1
1078  816  384  976  1
918  935  936  961  1
948  375  1024  947  1
1079  366  139  138  1
164  365  1082  165  1
882  1121  698  609  1
1027  1051  519  534  1
528  1052  526  514  1
363  1117  1012  1008  1
1083  964  1104  373  1
329  1049  750  211  1
955  850  831  1017  1
606  680  1031  668  1
505  1095  975  469  1
673  1056  645  655  1
748  808  807  1085  1
647  643  772  658  1
179  375  1103  180  1
688  919  812  675  1
792  979  346  186  1
683  682  657  821  1
805  777  1117  363  1
799  941  813  769  1
945  676  639  685  1
374  378  222  221  1
649  830  651  650  1
385  701  203  202  1
368  181  1102  1035  1
670  575  527  809  1
638  993  636  637  1
346  718  717  187  1
765  766  1072  1006  1
793  357  26  215  1
526  1020  512  514  1
741  208  338  787  1
737  665  664  797  1
581  929  561  562  1
658  962  830  649  1
803  804  616  540  1
498  1051  525  524  1
850  955  922  577  1
696  1001  794  980  1
334  703  704  205  1
932  377  972  971  1
786  1002  508  897  1
625  690  689  596  1
990  655  654  1090  1
193  710  336  194  1
823  1113  569  613  1
880  147  744  678  1
338  25  738  825  1
765  988  762  761  1
782  1064  382  118  1
228  227  355  767  1
593  595  594  592  1
601  663  662  602  1
513  928  514  512  1
663  952  953  818  1
367  1071  218  217  1
644  643  646  747  1
225  1021  358  226  1
728  199  785  666  1
782  119  362  944  1
142  364  806  143  1
646  643  647  648  1
736  1112  126  127  1
973  1055  974  361  1
330  759  757  168  1
1011  359  173  172  1
663  818  820  662  1
1068  1074  731  697  1
717  726  331  188  1
695  1058  727  603  1
463  464  468  798  1
224  370  1021  225  1
778  1044  776  350  1
435  957  434  433  1
932  933  125  12  1
729  22  341  1046  1
564  627  628  952  1
739  533  617  753  1
952  663  601  524  1
166  1083  373  167  1
114  876  763  10  1
116  117  724  920  1
377  1112  1111  972  1
917  367  217  216  1
431  429  1005  1094  1
824  1089  756  381  1
539  534  533  739  1
814  1032  576  764  1
715  1092  899  594  1
735  969  971  972  1
657  682  681  656  1
730  940  793  1001  1
985  352  184  21  1
763  876  950  989  1
774  783  333  145  1
1015  595  593  623  1
946  1108  500  390  1
778  780  818  953  1
805  363  161  160  1
518  1018  937  617  1
180  1103  1102  181  1
780  350  159  158  1
459  1077  962  658  1
680  1095  1032  1031  1
790  796  602  801  1
202  201  342  385  1
381  130  383  749  1
494  1114  492  493  1
774  144  348  797  1
433  1094  462  435  1
384  816  108  109  1
131  815  383  130  1
359  1022  174  173  1
384  109  380  748  1
767  351  229  228  1
755  111  360  811  1
517  516  569  1113  1
1036  1057  356  368  1
158  157  328  780  1
890  979  792  352  1
809  1052  615  810  1
564  525  608  627  1
362  945  685  944  1
777  805  775  776  1
999  1099  672  670  1
794  353  214  213  1
687  990  979  890  1
775  17  350  776  1
1009  364  141  140  1
1004  873  529  851  1
150  149  1086  709  1
765  1006  376  988  1
742  194  336  1058  1
374  1115  1042  378  1
757  758  349  169  1
352  792  185  184  1
1039  355  227  226  1
1111  734  733  972  1
398  1066  926  912  1
878  1065  665  808  1
1075  661  995  931  1
357  917  216  26  1
1051  498  497  519  1
788  707  781  996  1
230  351  768  231  1
143  806  773  15  1
756  1089  361  128  1
829  768  351  1050  1
162  363  1008  163  1
165  1082  1083  166  1
965  967  963  9  1
767  969  1050  351  1
775  805  160  17  1
1078  1079  966  816  1
750  347  212  211  1
929  1105  706  1106  1
1090  654  747  726  1
784  1123  331  726  1
699  1020  526  1052  1
818  780  328  820  1
971  969  970  1100  1
746  1068  690  625  1
372  1080  137  136  1
1085  807  806  364  1
163  1008  365  164  1
945  771  1003  676  1
175  1022  371  20  1
1026  1037  891  1057  1
592  594  899  632  1
27  1093  370  224  1
1007  928  669  679  1
354  1011  172  171  1
459  688  675  458  1
1105  698  1121  705  1
673  944  685  1056  1
965  9  108  816  1
170  349  1014  171  1
676  1041  599  639  1
1045  968  503  896  1
345  1097  955  1017  1
518  497  493  1018  1
672  1099  1006  1072  1
1080  1079  138  137  1
712  1091  1046  341  1
958  1087  653  1116  1
121  122  1096  1074  1
366  1009  140  139  1
378  1093  223  222  1
640  1056  685  639  1
807  808  737  1120  1
719  200  24  332  1
461  962  1077  457  1
811  1065  878  755  1
355  1039  970  969  1
1025  989  1053  1011  1
504  509  505  469  1
1113  721  1062  517  1
664  997  783  797  1
1015  1067  812  598  1
1042  1115  960  986  1
12  126  1112  377  1
1050  735  671  829  1
627  1089  824  628  1
776  1044  779  777  1
376  1099  770  113  1
1104  963  967  373  1
178  1033  375  179  1
379  1033  177  176  1
213  212  347  794  1
201  200  795  342  1
339  155  154  983  1
710  1019  1073  826  1
1097  206  205  704  1
984  819  616  804  1
762  1109  760  761  1
1054  974  1055  571  1
353  793  215  214  1
633  911  1069  695  1
682  1073  1019  681  1
957  504  464  434  1
740  1043  829  671  1
686  1064  782  944  1
670  809  810  999  1
770  1099  999  360  1
690  1068  697  696  1
773  806  807  1120  1
752  1038  604  539  1
1088  911  633  902  1
1104  964  815  963  1
953  628  1044  778  1
979  990  718  346  1
522  1095  505  509  1
383  815  1081  977  1
1120  737  797  348  1
947  1024  949  115  1
123  124  960  936  1
571  1027  534  547  1
1115  1070  961  936  1
369  1003  771  120  1
1071  367  918  961  1
1036  724  1026  1057  1
1036  368  1035  724  1
966  1080  372  965  1
1096  732  731  1074  1
911  1088  743  344  1
947  116  920  948  1
1049  329  1092  715  1
123  936  935  122  1
878  808  380  755  1
131  9  963  815  1
1037  382  1064  687  1
1076  635  574  795  1
997  579  1007  679  1
1081  964  1082  365  1
1066  892  1098  754  1
459  658  772  688  1
748  1013  976  384  1
747  1087  784  726  1
539  739  1016  752  1
1049  715  1101  750  1
917  357  940  918  1
789  714  1107  725  1
956  661  1075  914  1
753  1098  1108  694  1
977  1012  749  383  1
1001  793  353  794  1
763  989  988  376  1
1039  226  358  970  1
1073  682  684  826  1
749  1012  1117  777  1
381  749  1110  824  1
1093  378  1061  370  1
1118  709  941  781  1
692  983  1119  882  1
1024  375  1033  379  1
987  358  1021  370  1
948  1102  1103  375  1
2  46  1125  132  2
132  1125  114  10  2
46  47  1126  1125  2
1125  1126  115  114  2
47  48  1127  1126  2
1126  1127  116  115  2
48  49  1128  1127  2
1127  1128  117  116  2
49  50  1129  1128  2
1128  1129  118  117  2
50  51  1130  1129  2
1129  1130  119  118  2
51  3  135  1130  2
1130  135  11  119  2
3  28  1131  135  2
135  1131  120  11  2
28  29  1132  1131  2
1131  1132  121  120  2
29  30  1133  1132  2
1132  1133  122  121  2
30  31  1134  1133  2
1133  1134  123  122  2
31  32  1135  1134  2
1134  1135  124  123  2
32  33  1136  1135  2
1135  1136  125  124  2
33  4  134  1136  2
1136  134  12  125  2
4  34  1137  134  2
134  1137  126  12  2
34  35  1138  1137  2
1137  1138  127  126  2
35  36  1139  1138  2
1138  1139  128  127  2
36  37  1140  1139  2
1139  1140  129  128  2
37  38  1141  1140  2
1140  1141  130  129  2
38  39  1142  1141  2
1141  1142  131  130  2
39  1  133  1142  2
1142  133  9  131  2
1  40  1143  133  2
133  1143  108  9  2
40  41  1144  1143  2
1143  1144  109  108  2
41  42  1145  1144  2
1144  1145  110  109  2
42  43  1146  1145  2
1145  1146  111  110  2
43  44  1147  1146  2
1146  1147  112  111  2
44  45  1148  1147  2
1147  1148  113  112  2
45  2  132  1148  2
1148  132  10  113  2
6  52  1149  83  3
83  1149  1150  82  3
82  1150  1151  81  3
81  1151  1152  80  3
80  1152  1153  79  3
79  1153  1154  78  3
78  1154  1155  77  3
77  1155  1156  76  3
76  1156  46  2  3
52  53  1157  1149  3
1149  1157  1158  1150  3
1150  1158  1159  1151  3
1151  1159  1160  1152  3
1152  1160  1161  1153  3
1153  1161  1162  1154  3
1154  1162  1163  1155  3
1155  1163  1164  1156  3
1156  1164  47  46  3
53  54  1165  1157  3
1157  1165  1166  1158  3
1158  1166  1167  1159  3
1159  1167  1168  1160  3
1160  1168  1169  1161  3
1161  1169  1170  1162  3
1162  1170  1171  1163  3
1163  1171  1172  1164  3
1164  1172  48  47  3
54  55  1173  1165  3
1165  1173  1174  1166  3
1166  1174  1175  1167  3
1167  1175  1176  1168  3
1168  1176  1177  1169  3
1169  1177  1178  1170  3
1170  1178  1179  1171  3
1171  1179  1180  1172  3
1172  1180  49  48  3
55  56  1181  1173  3
1173  1181  1182  1174  3
1174  1182  1183  1175  3
1175  1183  1184  1176  3
1176  1184  1185  1177  3
1177  1185  1186  1178  3
1178  1186  1187  1179  3
1179  1187  1188  1180  3
1180  1188  50  49  3
56  57  1189  1181  3
1181  1189  1190  1182  3
1182  1190  1191  1183  3
1183  1191  1192  1184  3
1184  1192  1193  1185  3
1185  1193  1194  1186  3
1186  1194  1195  1187  3
1187  1195  1196  1188  3
1188  1196  51  50  3
57  7  107  1189  3
1189  107  106  1190  3
1190  106  105  1191  3
1191  105  104  1192  3
1192  104  103  1193  3
1193  103  102  1194  3
1194  102  101  1195  3
1195  101  100  1196  3
1196  100  3  51  3
7  58  1197  107  3
107  1197  1198  106  3
106  1198  1199  105  3
105  1199  1200  104  3
104  1200  1201  103  3
103  1201  1202  102  3
102  1202  1203  101  3
101  1203  1204  100  3
100  1204  28  3  3
58  59  1205  1197  3
1197  1205  1206  1198  3
1198  1206  1207  1199  3
1199  1207  1208  1200  3
1200  1208  1209  1201  3
1201  1209  1210  1202  3
1202  1210  1211  1203  3
1203  1211  1212  1204  3
1204  1212  29  28  3
59  60  1213  1205  3
1205  1213  1214  1206  3
1206  1214  1215  1207  3
1207  1215  1216  1208  3
1208  1216  1217  1209  3
1209  1217  1218  1210  3
1210  1218  1219  1211  3
1211  1219  1220  1212  3
1212  1220  30  29  3
60  61  1221  1213  3
1213  1221  1222  1214  3
1214  1222  1223  1215  3
1215  1223  1224  1216  3
1216  1224  1225  1217  3
1217  1225  1226  1218  3
1218  1226  1227  1219  3
1219  1227  1228  1220  3
1220  1228  31  30  3
61  62  1229  1221  3
1221  1229  1230  1222  3
1222  1230  1231  1223  3
1223  1231  1232  1224  3
1224  1232  1233  1225  3
1225  1233  1234  1226  3
1226  1234  1235  1227  3
1227  1235  1236  1228  3
1228  1236  32  31  3
62  63  1237  1229  3
1229  1237  1238  1230  3
1230  1238  1239  1231  3
1231  1239  1240  1232  3
1232  1240  1241  1233  3
1233  1241  1242  1234  3
1234  1242  1243  1235  3
1235  1243  1244  1236  3
1236  1244  33  32  3
63  8  99  1237  3
1237  99  98  1238  3
1238  98  97  1239  3
1239  97  96  1240  3
1240  96  95  1241  3
1241  95  94  1242  3
1242  94  93  1243  3
1243  93  92  1244  3
1244  92  4  33  3
8  64  1245  99  3
99  1245  1246  98  3
98  1246  1247  97  3
97  1247  1248  96  3
96  1248  1249  95  3
95  1249  1250  94  3
94  1250  1251  93  3
93  1251  1252  92  3
92  1252  34  4  3
64  65  1253  1245  3
1245  1253  1254  1246  3
1246  1254  1255  1247  3
1247  1255  1256  1248  3
1248  1256  1257  1249  3
1249  1257  1258  1250  3
1250  1258  1259  1251  3
1251  1259  1260  1252  3
1252  1260  35  34  3
65  66  1261  1253  3
1253  1261  1262  1254  3
1254  1262  1263  1255  3
1255  1263  1264  1256  3
1256  1264  1265  1257  3
1257  1265  1266  1258  3
1258  1266  1267  1259  3
1259  1267  1268  1260  3
1260  1268  36  35  3
66  67  1269  1261  3
1261  1269  1270  1262  3
1262  1270  1271  1263  3
1263  1271  1272  1264  3
1264  1272  1273  1265  3
1265  1273  1274  1266  3
1266  1274  1275  1267  3
1267  1275  1276  1268  3
1268  1276  37  36  3
67  68  1277  1269  3
1269  1277  1278  1270  3
1270  1278  1279  1271  3
1271  1279  1280  1272  3
1272  1280  1281  1273  3
1273  1281  1282  1274  3
1274  1282  1283  1275  3
1275  1283  1284  1276  3
1276  1284  38  37  3
68  69  1285  1277  3
1277  1285  1286  1278  3
1278  1286  1287  1279  3
1279  1287  1288  1280  3
1280  1288  1289  1281  3
1281  1289  1290  1282  3
1282  1290  1291  1283  3
1283  1291  1292  1284  3
1284  1292  39  38  3
69  5  91  1285  3
1285  91  90  1286  3
1286  90  89  1287  3
1287  89  88  1288  3
1288  88  87  1289  3
1289  87  86  1290  3
1290  86  85  1291  3
1291  85  84  1292  3
1292  84  1  39  3
5  70  1293  91  3
91  1293  1294  90  3
90  1294  1295  89  3
89  1295  1296  88  3
88  1296  1297  87  3
87  1297  1298  86  3
86  1298  1299  85  3
85  1299  1300  84  3
84  1300  40  1  3
70  71  1301  1293  3
1293  1301  1302  1294  3
1294  1302  1303  1295  3
1295  1303  1304  1296  3
1296  1304  1305  1297  3
1297  1305  1306  1298  3
1298  1306  1307  1299  3
1299  1307  1308  1300  3
1300  1308  41  40  3
71  72  1309  1301  3
1301  1309  1310  1302  3
1302  1310  1311  1303  3
1303  1311  1312  1304  3
1304  1312  1313  1305  3
1305  1313  1314  1306  3
1306  1314  1315  1307  3
1307  1315  1316  1308  3
1308  1316  42  41  3
72  73  1317  1309  3
1309  1317  1318  1310  3
1310  1318  1319  1311  3
1311  1319  1320  1312  3
1312  1320  1321  1313  3
1313  1321  1322  1314  3
1314  1322  1323  1315  3
1315  1323  1324  1316  3
1316  1324  43  42  3
73  74  1325  1317  3
1317  1325  1326  1318  3
1318  1326  1327  1319  3
1319  1327  1328  1320  3
1320  1328  1329  1321  3
1321  1329  1330  1322  3
1322  1330  1331  1323  3
1323  1331  1332  1324  3
1324  1332  44  43  3
74  75  1333  1325  3
1325  1333  1334  1326  3
1326  1334  1335  1327  3
1327  1335  1336  1328  3
1328  1336  1337  1329  3
1329  1337  1338  1330  3
1330  1338  1339  1331  3
1331  1339  1340  1332  3
1332  1340  45  44  3
75  6  83  1333  3
1333  83  82  1334  3
1334  82  81  1335  3
1335  81  80  1336  3
1336  80  79  1337  3
1337  79  78  1338  3
1338  78  77  1339  3
1339  77  76  1340  3
1340  76  2  45  3
232  233  1349  1341  4
1341  1349  1350  1342  4
1342  1350  1351  1343  4
1343  1351  1352  1344  4
1344  1352  1353  1345  4
1345  1353  1354  1346  4
1346  1354  1355  1347  4
1347  1355  1356  1348  4
1348  1356  241  240  4
233  234  1357  1349  4
1349  1357  1358  1350  4
1350  1358  1359  1351  4
1351  1359  1360  1352  4
1352  1360  1361  1353  4
1353  1361  1362  1354  4
1354  1362  1363  1355  4
1355  1363  1364  1356  4
1356  1364  242  241  4
234  235  1365  1357  4
1357  1365  1366  1358  4
1358  1366  1367  1359  4
1359  1367  1368  1360  4
1360  1368  1369  1361  4
1361  1369  1370  1362  4
1362  1370  1371  1363  4
1363  1371  1372  1364  4
1364  1372  243  242  4
235  236  1373  1365  4
1365  1373  1374  1366  4
1366  1374  1375  1367  4
1367  1375  1376  1368  4
1368  1376  1377  1369  4
1369  1377  1378  1370  4
1370  1378  1379  1371  4
1371  1379  1380  1372  4
1372  1380  244  243  4
236  237  1381  1373  4
1373  1381  1382  1374  4
1374  1382  1383  1375  4
1375  1383  1384  1376  4
1376  1384  1385  1377  4
1377  1385  1386  1378  4
1378  1386  1387  1379  4
1379  1387  1388  1380  4
1380  1388  245  244  4
237  238  1389  1381  4
1381  1389  1390  1382  4
1382  1390  1391  1383  4
1383  1391  1392  1384  4
1384  1392  1393  1385  4
1385  1393  1394  1386  4
1386  1394  1395  1387  4
1387  1395  1396  1388  4
1388  1396  246  245  4
238  239  1397  1389  4
1389  1397  1398  1390  4
1390  1398  1399  1391  4
1391  1399  1400  1392  4
1392  1400  1401  1393  4
1393  1401  1402  1394  4
1394  1402  1403  1395  4
1395  1403  1404  1396  4
1396  1404  247  246  4
239  14  136  1397  4
1397  136  137  1398  4
1398  137  138  1399  4
1399  138  139  1400  4
1400  139  140  1401  4
1401  140  141  1402  4
1402  141  142  1403  4
1403  142  143  1404  4
1404  143  15  247  4
240  241  1413  1405  4
1405  1413  1414  1406  4
1406  1414  1415  1407  4
1407  1415  1416  1408  4
1408  1416  1417  1409  4
1409  1417  1418  1410  4
1410  1418  1419  1411  4
1411  1419  1420  1412  4
1412  1420  249  248  4
241  242  1421  1413  4
1413  1421  1422  1414  4
1414  1422  1423  1415  4
1415  1423  1424  1416  4
1416  1424  1425  1417  4
1417  1425  1426  1418  4
1418  1426  1427  1419  4
1419  1427  1428  1420  4
1420  1428  250  249  4
242  243  1429  1421  4
1421  1429  1430  1422  4
1422  1430  1431  1423  4
1423  1431  1432  1424  4
1424  1432  1433  1425  4
1425  1433  1434  1426  4
1426  1434  1435  1427  4
1427  1435  1436  1428  4
1428  1436  251  250  4
243  244  1437  1429  4
1429  1437  1438  1430  4
1430  1438  1439  1431  4
1431  1439  1440  1432  4
1432  1440  1441  1433  4
1433  1441  1442  1434  4
1434  1442  1443  1435  4
1435  1443  1444  1436  4
1436  1444  252  251  4
244  245  1445  1437  4
1437  1445  1446  1438  4
1438  1446  1447  1439  4
1439  1447  1448  1440  4
1440  1448  1449  1441  4
1441  1449  1450  1442  4
1442  1450  1451  1443  4
1443  1451  1452  1444  4
1444  1452  253  252  4
245  246  1453  1445  4
1445  1453  1454  1446  4
1446  1454  1455  1447  4
1447  1455  1456  1448  4
1448  1456  1457  1449  4
1449  1457  1458  1450  4
1450  1458  1459  1451  4
1451  1459  1460  1452  4
1452  1460  254  253  4
246  247  1461  1453  4
1453  1461  1462  1454  4
1454  1462  1463  1455  4
1455  1463  1464  1456  4
1456  1464  1465  1457  4
1457  1465  1466  1458  4
1458  1466  1467  1459  4
1459  1467  1468  1460  4
1460  1468  255  254  4
247  15  144  1461  4
1461  144  145  1462  4
1462  145  146  1463  4
1463  146  147  1464  4
1464  147  148  1465  4
1465  148  149  1466  4
1466  149  150  1467  4
1467  150  151  1468  4
1468  151  16  255  4
248  249  1477  1469  4
1469  1477  1478  1470  4
1470  1478  1479  1471  4
1471  1479  1480  1472  4
1472  1480  1481  1473  4
1473  1481  1482  1474  4
1474  1482  1483  1475  4
1475  1483  1484  1476  4
1476  1484  257  256  4
249  250  1485  1477  4
1477  1485  1486  1478  4
1478  1486  1487  1479  4
1479  1487  1488  1480  4
1480  1488  1489  1481  4
1481  1489  1490  1482  4
1482  1490  1491  1483  4
1483  1491  1492  1484  4
1484  1492  258  257  4
250  251  1493  1485  4
1485  1493  1494  1486  4
1486  1494  1495  1487  4
1487  1495  1496  1488  4
1488  1496  1497  1489  4
1489  1497  1498  1490  4
1490  1498  1499  1491  4
1491  1499  1500  1492  4
1492  1500  259  258  4
251  252  1501  1493  4
1493  1501  1502  1494  4
1494  1502  1503  1495  4
1495  1503  1504  1496  4
1496  1504  1505  1497  4
1497  1505  1506  1498  4
1498  1506  1507  1499  4
1499  1507  1508  1500  4
1500  1508  260  259  4
252  253  1509  1501  4
1501  1509  1510  1502  4
1502  1510  1511  1503  4
1503  1511  1512  1504  4
1504  1512  1513  1505  4
1505  1513  1514  1506  4
1506  1514  1515  1507  4
1507  1515  1516  1508  4
1508  1516  261  260  4
253  254  1517  1509  4
1509  1517  1518  1510  4
1510  1518  1519  1511  4
1511  1519  1520  1512  4
1512  1520  1521  1513  4
1513  1521  1522  1514  4
1514  1522  1523  1515  4
1515  1523  1524  1516  4
1516  1524  262  261  4
254  255  1525  1517  4
1517  1525  1526  1518  4
1518  1526  1527  1519  4
1519  1527  1528  1520  4
1520  1528  1529  1521  4
1521  1529  1530  1522  4
1522  1530  1531  1523  4
1523  1531  1532  1524  4
1524  1532  263  262  4
255  16  152  1525  4
1525  152  153  1526  4
1526  153  154  1527  4
1527  154  155  1528  4
1528  155  156  1529  4
1529  156  157  1530  4
1530  157  158  1531  4
1531  158  159  1532  4
1532  159  17  263  4
256  257  1541  1533  4
1533  1541  1542  1534  4
1534  1542  1543  1535  4
1535  1543  1544  1536  4
1536  1544  1545  1537  4
1537  1545  1546  1538  4
1538  1546  1547  1539  4
1539  1547  1548  1540  4
1540  1548  233  232  4
257  258  1549  1541  4
1541  1549  1550  1542  4
1542  1550  1551  1543  4
1543  1551  1552  1544  4
1544  1552  1553  1545  4
1545  1553  1554  1546  4
1546  1554  1555  1547  4
1547  1555  1556  1548  4
1548  1556  234  233  4
258  259  1557  1549  4
1549  1557  1558  1550  4
1550  1558  1559  1551  4
1551  1559  1560  1552  4
1552  1560  1561  1553  4
1553  1561  1562  1554  4
1554  1562  1563  1555  4
1555  1563  1564  1556  4
1556  1564  235  234  4
259  260  1565  1557  4
1557  1565  1566  1558  4
1558  1566  1567  1559  4
1559  1567  1568  1560  4
1560  1568  1569  1561  4
1561  1569  1570  1562  4
1562  1570  1571  1563  4
1563  1571  1572  1564  4
1564  1572  236  235  4
260  261  1573  1565  4
1565  1573  1574  1566  4
1566  1574  1575  1567  4
1567  1575  1576  1568  4
1568  1576  1577  1569  4
1569  1577  1578  1570  4
1570  1578  1579  1571  4
1571  1579  1580  1572  4
1572  1580  237  236  4
261  262  1581  1573  4
1573  1581  1582  1574  4
1574  1582  1583  1575  4
1575  1583  1584  1576  4
1576  1584  1585  1577  4
1577  1585  1586  1578  4
1578  1586  1587  1579  4
1579  1587  1588  1580  4
1580  1588  238  237  4
262  263  1589  1581  4
1581  1589  1590  1582  4
1582  1590  1591  1583  4
1583  1591  1592  1584  4
1584  1592  1593  1585  4
1585  1593  1594  1586  4
1586  1594  1595  1587  4
1587  1595  1596  1588  4
1588  1596  239  238  4
263  17  160  1589  4
1589  160  161  1590  4
1590  161  162  1591  4
1591  162  163  1592  4
1592  163  164  1593  4
1593  164  165  1594  4
1594  165  166  1595  4
1595  166  167  1596  4
1596  167  14  239  4
264  265  1605  1597  5
1597  1605  1606  1598  5
1598  1606  1607  1599  5
1599  1607  1608  1600  5
1600  1608  1609  1601  5
1601  1609  1610  1602  5
1602  1610  1611  1603  5
1603  1611  1612  1604  5
1604  1612  273  272  5
265  266  1613  1605  5
1605  1613  1614  1606  5
1606  1614  1615  1607  5
1607  1615  1616  1608  5
1608  1616  1617  1609  5
1609  1617  1618  1610  5
1610  1618  1619  1611  5
1611  1619  1620  1612  5
1612  1620  274  273  5
266  267  1621  1613  5
1613  1621  1622  1614  5
1614  1622  1623  1615  5
1615  1623  1624  1616  5
1616  1624  1625  1617  5
1617  1625  1626  1618  5
1618  1626  1627  1619  5
1619  1627  1628  1620  5
1620  1628  275  274  5
267  268  1629  1621  5
1621  1629  1630  1622  5
1622  1630  1631  1623  5
1623  1631  1632  1624  5
1624  1632  1633  1625  5
1625  1633  1634  1626  5
1626  1634  1635  1627  5
1627  1635  1636  1628  5
1628  1636  276  275  5
268  269  1637  1629  5
1629  1637  1638  1630  5
1630  1638  1639  1631  5
1631  1639  1640  1632  5
1632  1640  1641  1633  5
1633  1641  1642  1634  5
1634  1642  1643  1635  5
1635  1643  1644  1636  5
1636  1644  277  276  5
269  270  1645  1637  5
1637  1645  1646  1638  5
1638  1646  1647  1639  5
1639  1647  1648  1640  5
1640  1648  1649  1641  5
1641  1649  1650  1642  5
1642  1650  1651  1643  5
1643  1651  1652  1644  5
1644  1652  278  277  5
270  271  1653  1645  5
1645  1653  1654  1646  5
1646  1654  1655  1647  5
1647  1655  1656  1648  5
1648  1656  1657  1649  5
1649  1657  1658  1650  5
1650  1658  1659  1651  5
1651  1659  1660  1652  5
1652  1660  279  278  5
271  19  168  1653  5
1653  168  169  1654  5
1654  169  170  1655  5
1655  170  171  1656  5
1656  171  172  1657  5
1657  172  173  1658  5
1658  173  174  1659  5
1659  174  175  1660  5
1660  175  20  279  5
272  273  1669  1661  5
1661  1669  1670  1662  5
1662  1670  1671  1663  5
1663  1671  1672  1664  5
1664  1672  1673  1665  5
1665  1673  1674  1666  5
1666  1674  1675  1667  5
1667  1675  1676  1668  5
1668  1676  281  280  5
273  274  1677  1669  5
1669  1677  1678  1670  5
1670  1678  1679  1671  5
1671  1679  1680  1672  5
1672  1680  1681  1673  5
1673  1681  1682  1674  5
1674  1682  1683  1675  5
1675  1683  1684  1676  5
1676  1684  282  281  5
274  275  1685  1677  5
1677  1685  1686  1678  5
1678  1686  1687  1679  5
1679  1687  1688  1680  5
1680  1688  1689  1681  5
1681  1689  1690  1682  5
1682  1690  1691  1683  5
1683  1691  1692  1684  5
1684  1692  283  282  5
275  276  1693  1685  5
1685  1693  1694  1686  5
1686  1694  1695  1687  5
1687  1695  1696  1688  5
1688  1696  1697  1689  5
1689  1697  1698  1690  5
1690  1698  1699  1691  5
1691  1699  1700  1692  5
1692  1700  284  283  5
276  277  1701  1693  5
1693  1701  1702  1694  5
1694  1702  1703  1695  5
1695  1703  1704  1696  5
1696  1704  1705  1697  5
1697  1705  1706  1698  5
1698  1706  1707  1699  5
1699  1707  1708  1700  5
1700  1708  285  284  5
277  278  1709  1701  5
1701  1709  1710  1702  5
1702  1710  1711  1703  5
1703  1711  1712  1704  5
1704  1712  1713  1705  5
1705  1713  1714  1706  5
1706  1714  1715  1707  5
1707  1715  1716  1708  5
1708  1716  286  285  5
278  279  1717  1709  5
1709  1717  1718  1710  5
1710  1718  1719  1711  5
1711  1719  1720  1712  5
1712  1720  1721  1713  5
1713  1721  1722  1714  5
1714  1722  1723  1715  5
1715  1723  1724  1716  5
1716  1724  287  286  5
279  20  176  1717  5
1717  176  177  1718  5
1718  177  178  1719  5
1719  178  179  1720  5
1720  179  180  1721  5
1721  180  181  1722  5
1722  181  182  1723  5
1723  182  183  1724  5
1724  183  21  287  5
280  281  1733  1725  5
1725  1733  1734  1726  5
1726  1734  1735  1727  5
1727  1735  1736  1728  5
1728  1736  1737  1729  5
1729  1737  1738  1730  5
1730  1738  1739  1731  5
1731  1739  1740  1732  5
1732  1740  289  288  5
281  282  1741  1733  5
1733  1741  1742  1734  5
1734  1742  1743  1735  5
1735  1743  1744  1736  5
1736  1744  1745  1737  5
1737  1745  1746  1738  5
1738  1746  1747  1739  5
1739  1747  1748  1740  5
1740  1748  290  289  5
282  283  1749  1741  5
1741  1749  1750  1742  5
1742  1750  1751  1743  5
1743  1751  1752  1744  5
1744  1752  1753  1745  5
1745  1753  1754  1746  5
1746  1754  1755  1747  5
1747  1755  1756  1748  5
1748  1756  291  290  5
283  284  1757  1749  5
1749  1757  1758  1750  5
1750  1758  1759  1751  5
1751  1759  1760  1752  5
1752  1760  1761  1753  5
1753  1761  1762  1754  5
1754  1762  1763  1755  5
1755  1763  1764  1756  5
1756  1764  292  291  5
284  285  1765  1757  5
1757  1765  1766  1758  5
1758  1766  1767  1759  5
1759  1767  1768  1760  5
1760  1768  1769  1761  5
1761  1769  1770  1762  5
1762  1770  1771  1763  5
1763  1771  1772  1764  5
1764  1772  293  292  5
285  286  1773  1765  5
1765  1773  1774  1766  5
1766  1774  1775  1767  5
1767  1775  1776  1768  5
1768  1776  1777  1769  5
1769  1777  1778  1770  5
1770  1778  1779  1771  5
1771  1779  1780  1772  5
1772  1780  294  293  5
286  287  1781  1773  5
1773  1781  1782  1774  5
1774  1782  1783  1775  5
1775  1783  1784  1776  5
1776  1784  1785  1777  5
1777  1785  1786  1778  5
1778  1786  1787  1779  5
1779  1787  1788  1780  5
1780  1788  295  294  5
287  21  184  1781  5
1781  184  185  1782  5
1782  185  186  1783  5
1783  186  187  1784  5
1784  187  188  1785  5
1785  188  189  1786  5
1786  189  190  1787  5
1787  190  191  1788  5
1788  191  22  295  5
288  289  1797  1789  5
1789  1797  1798  1790  5
1790  1798  1799  1791  5
1791  1799  1800  1792  5
1792  1800  1801  1793  5
1793  1801  1802  1794  5
1794  1802  1803  1795  5
1795  1803  1804  1796  5
1796  1804  265  264  5
289  290  1805  1797  5
1797  1805  1806  1798  5
1798  1806  1807  1799  5
1799  1807  1808  1800  5
1800  1808  1809  1801  5
1801  1809  1810  1802  5
1802  1810  1811  1803  5
1803  1811  1812  1804  5
1804  1812  266  265  5
290  291  1813  1805  5
1805  1813  1814  1806  5
1806  1814  1815  1807  5
1807  1815  1816  1808  5
1808  1816  1817  1809  5
1809  1817  1818  1810  5
1810  1818  1819  1811  5
1811  1819  1820  1812  5
1812  1820  267  266  5
291  292  1821  1813  5
1813  1821  1822  1814  5
1814  1822  1823  1815  5
1815  1823  1824  1816  5
1816  1824  1825  1817  5
1817  1825  1826  1818  5
1818  1826  1827  1819  5
1819  1827  1828  1820  5
1820  1828  268  267  5
292  293  1829  1821  5
1821  1829  1830  1822  5
1822  1830  1831  1823  5
1823  1831  1832  1824  5
1824  1832  1833  1825  5
1825  1833  1834  1826  5
1826  1834  1835  1827  5
1827  1835  1836  1828  5
1828  1836  269  268  5
293  294  1837  1829  5
1829  1837  1838  1830  5
1830  1838  1839  1831  5
1831  1839  1840  1832  5
1832  1840  1841  1833  5
1833  1841  1842  1834  5
1834  1842  1843  1835  5
1835  1843  1844  1836  5
1836  1844  270  269  5
294  295  1845  1837  5
1837  1845  1846  1838  5
1838  1846  1847  1839  5
1839  1847  1848  1840  5
1840  1848  1849  1841  5
1841  1849  1850  1842  5
1842  1850  1851  1843  5
1843  1851  1852  1844  5
1844  1852  271  270  5
295  22  192  1845  5
1845  192  193  1846  5
1846  193  194  1847  5
1847  194  195  1848  5
1848  195  196  1849  5
1849  196  197  1850  5
1850  197  198  1851  5
1851  198  199  1852  5
1852  199  19  271  5
296  297  1861  1853  6
1853  1861  1862  1854  6
1854  1862  1863  1855  6
1855  1863  1864  1856  6
1856  1864  1865  1857  6
1857  1865  1866  1858  6
1858  1866  1867  1859  6
1859  1867  1868  1860  6
1860  1868  305  304  6
297  298  1869  1861  6
1861  1869  1870  1862  6
1862  1870  1871  1863  6
1863  1871  1872  1864  6
1864  1872  1873  1865  6
1865  1873  1874  1866  6
1866  1874  1875  1867  6
1867  1875  1876  1868  6
1868  1876  306  305  6
298  299  1877  1869  6
1869  1877  1878  1870  6
1870  1878  1879  1871  6
1871  1879  1880  1872  6
1872  1880  1881  1873  6
1873  1881  1882  1874  6
1874  1882  1883  1875  6
1875  1883  1884  1876  6
1876  1884  307  306  6
299  300  1885  1877  6
1877  1885  1886  1878  6
1878  1886  1887  1879  6
1879  1887  1888  1880  6
1880  1888  1889  1881  6
1881  1889  1890  1882  6
1882  1890  1891  1883  6
1883  1891  1892  1884  6
1884  1892  308  307  6
300  301  1893  1885  6
1885  1893  1894  1886  6
1886  1894  1895  1887  6
1887  1895  1896  1888  6
1888  1896  1897  1889  6
1889  1897  1898  1890  6
1890  1898  1899  1891  6
1891  1899  1900  1892  6
1892  1900  309  308  6
301  302  1901  1893  6
1893  1901  1902  1894  6
1894  1902  1903  1895  6
1895  1903  1904  1896  6
1896  1904  1905  1897  6
1897  1905  1906  1898  6
1898  1906  1907  1899  6
1899  1907  1908  1900  6
1900  1908  310  309  6
302  303  1909  1901  6
1901  1909  1910  1902  6
1902  1910  1911  1903  6
1903  1911  1912  1904  6
1904  1912  1913  1905  6
1905  1913  1914  1906  6
1906  1914  1915  1907  6
1907  1915  1916  1908  6
1908  1916  311  310  6
303  24  200  1909  6
1909  200  201  1910  6
1910  201  202  1911  6
1911  202  203  1912  6
1912  203  204  1913  6
1913  204  205  1914  6
1914  205  206  1915  6
1915  206  207  1916  6
1916  207  25  311  6
304  305  1925  1917  6
1917  1925  1926  1918  6
1918  1926  1927  1919  6
1919  1927  1928  1920  6
1920  1928  1929  1921  6
1921  1929  1930  1922  6
1922  1930  1931  1923  6
1923  1931  1932  1924  6
1924  1932  313  312  6
305  306  1933  1925  6
1925  1933  1934  1926  6
1926  1934  1935  1927  6
1927  1935  1936  1928  6
1928  1936  1937  1929  6
1929  1937  1938  1930  6
1930  1938  1939  1931  6
1931  1939  1940  1932  6
1932  1940  314  313  6
306  307  1941  1933  6
1933  1941  1942  1934  6
1934  1942  1943  1935  6
1935  1943  1944  1936  6
1936  1944  1945  1937  6
1937  1945  1946  1938  6
1938  1946  1947  1939  6
1939  1947  1948  1940  6
1940  1948  315  314  6
307  308  1949  1941  6
1941  1949  1950  1942  6
1942  1950  1951  1943  6
1943  1951  1952  1944  6
1944  1952  1953  1945  6
1945  1953  1954  1946  6
1946  1954  1955  1947  6
1947  1955  1956  1948  6
1948  1956  316  315  6
308  309  1957  1949  6
1949  1957  1958  1950  6
1950  1958  1959  1951  6
1951  1959  1960  1952  6
1952  1960  1961  1953  6
1953  1961  1962  1954  6
1954  1962  1963  1955  6
1955  1963  1964  1956  6
1956  1964  317  316  6
309  310  1965  1957  6
1957  1965  1966  1958  6
1958  1966  1967  1959  6
1959  1967  1968  1960  6
1960  1968  1969  1961  6
1961  1969  1970  1962  6
1962  1970  1971  1963  6
1963  1971  1972  1964  6
1964  1972  318  317  6
310  311  1973  1965  6
1965  1973  1974  1966  6
1966  1974  1975  1967  6
1967  1975  1976  1968  6
1968  1976  1977  1969  6
1969  1977  1978  1970  6
1970  1978  1979  1971  6
1971  1979  1980  1972  6
1972  1980  319  318  6
311  25  208  1973  6
1973  208  209  1974  6
1974  209  210  1975  6
1975  210  211  1976  6
1976  211  212  1977  6
1977  212  213  1978  6
1978  213  214  1979  6
1979  214  215  1980  6
1980  215  26  319  6
312  313  1989  1981  6
1981  1989  1990  1982  6
1982  1990  1991  1983  6
1983  1991  1992  1984  6
1984  1992  1993  1985  6
1985  1993  1994  1986  6
1986  1994  1995  1987  6
1987  1995  1996  1988  6
1988  1996  321  320  6
313  314  1997  1989  6
1989  1997  1998  1990  6
1990  1998  1999  1991  6
1991  1999  2000  1992  6
1992  2000  2001  1993  6
1993  2001  2002  1994  6
1994  2002  2003  1995  6
1995  2003  2004  1996  6
1996  2004  322  321  6
314  315  2005  1997  6
1997  2005  2006  1998  6
1998  2006  2007  1999  6
1999  2007  2008  2000  6
2000  2008  2009  2001  6
2001  2009  2010  2002  6
2002  2010  2011  2003  6
2003  2011  2012  2004  6
2004  2012  323  322  6
315  316  2013  2005  6
2005  2013  2014  2006  6
2006  2014  2015  2007  6
2007  2015  2016  2008  6
2008  2016  2017  2009  6
2009  2017  2018  2010  6
2010  2018  2019  2011  6
2011  2019  2020  2012  6
2012  2020  324  323  6
316  317  2021  2013  6
2013  2021  2022  2014  6
2014  2022  2023  2015  6
2015  2023  2024  2016  6
2016  2024  2025  2017  6
2017  2025  2026  2018  6
2018  2026  2027  2019  6
2019  2027  2028  2020  6
2020  2028  325  324  6
317  318  2029  2021  6
2021  2029  2030  2022  6
2022  2030  2031  2023  6
2023  2031  2032  2024  6
2024  2032  2033  2025  6
2025  2033  2034  2026  6
2026  2034  2035  2027  6
2027  2035  2036  2028  6
2028  2036  326  325  6
318  319  2037  2029  6
2029  2037  2038  2030  6
2030  2038  2039  2031  6
2031  2039  2040  2032  6
2032  2040  2041  2033  6
2033  2041  2042  2034  6
2034  2042  2043  2035  6
2035  2043  2044  2036  6
2036  2044  327  326  6
319  26  216  2037  6
2037  216  217  2038  6
2038  217  218  2039  6
2039  218  219  2040  6
2040  219  220  2041  6
2041  220  221  2042  6
2042  221  222  2043  6
2043  222  223  2044  6
2044  223  27  327  6
320  321  2053  2045  6
2045  2053  2054  2046  6
2046  2054  2055  2047  6
2047  2055  2056  2048  6
2048  2056  2057  2049  6
2049  2057  2058  2050  6
2050  2058  2059  2051  6
2051  2059  2060  2052  6
2052  2060  297  296  6
321  322  2061  2053  6
2053  2061  2062  2054  6
2054  2062  2063  2055  6
2055  2063  2064  2056  6
2056  2064  2065  2057  6
2057  2065  2066  2058  6
2058  2066  2067  2059  6
2059  2067  2068  2060  6
2060  2068  298  297  6
322  323  2069  2061  6
2061  2069  2070  2062  6
2062  2070  2071  2063  6
2063  2071  2072  2064  6
2064  2072  2073  2065  6
2065  2073  2074  2066  6
2066  2074  2075  2067  6
2067  2075  2076  2068  6
2068  2076  299  298  6
323  324  2077  2069  6
2069  2077  2078  2070  6
2070  2078  2079  2071  6
2071  2079  2080  2072  6
2072  2080  2081  2073  6
2073  2081  2082  2074  6
2074  2082  2083  2075  6
2075  2083  2084  2076  6
2076  2084  300  299  6
324  325  2085  2077  6
2077  2085  2086  2078  6
2078  2086  2087  2079  6
2079  2087  2088  2080  6
2080  2088  2089  2081  6
2081  2089  2090  2082  6
2082  2090  2091  2083  6
2083  2091  2092  2084  6
2084  2092  301  300  6
325  326  2093  2085  6
2085  2093  2094  2086  6
2086  2094  2095  2087  6
2087  2095  2096  2088  6
2088  2096  2097  2089  6
2089  2097  2098  2090  6
2090  2098  2099  2091  6
2091  2099  2100  2092  6
2092  2100  302  301  6
326  327  2101  2093  6
2093  2101  2102  2094  6
2094  2102  2103  2095  6
2095  2103  2104  2096  6
2096  2104  2105  2097  6
2097  2105  2106  2098  6
2098  2106  2107  2099  6
2099  2107  2108  2100  6
2100  2108  303  302  6
327  27  224  2101  6
2101  224  225  2102  6
2102  225  226  2103  6
2103  226  227  2104  6
2104  227  228  2105  6
2105  228  229  2106  6
2106  229  230  2107  6
2107  230  231  2108  6
2108  231  24  303  6
End
