MeshVersionFormatted 1
Dimension 
2
Vertices
1940
1.000000000000000e+01  0.000000000000000e+00  5
-1.000000000000000e+01  0.000000000000000e+00  5
1.080000000000000e-01  0.000000000000000e+00  3
-1.080000000000000e-01  0.000000000000000e+00  3
9.200000000000000e-02  0.000000000000000e+00  2
-9.200000000000000e-02  0.000000000000000e+00  2
1.750000000000000e-02  0.000000000000000e+00  1
-1.750000000000000e-02  0.000000000000000e+00  1
9.829730996073655e+00  1.837495182260037e+00  5
9.324722290762198e+00  3.612416670341696e+00  5
8.502171349487055e+00  5.264321641385666e+00  5
7.390089157808291e+00  6.736956452259753e+00  5
6.026346342010989e+00  7.980172289251078e+00  5
4.457383527750832e+00  8.951632928496094e+00  5
2.736629863108190e+00  9.618256442429908e+00  5
9.226835506346063e-01  9.957341767027399e+00  5
-9.226836387343050e-01  9.957341758863759e+00  5
-2.736629938136881e+00  9.618256421082407e+00  5
-4.457383588421353e+00  8.951632898285764e+00  5
-6.026346387208910e+00  7.980172255119192e+00  5
-7.390089187211601e+00  6.736956420005860e+00  5
-8.502171366454368e+00  5.264321613982514e+00  5
-9.324722298124668e+00  3.612416651336973e+00  5
-9.829730997909509e+00  1.837495172439080e+00  5
-9.829730996073655e+00  -1.837495182260037e+00  5
-9.324722290762198e+00  -3.612416670341696e+00  5
-8.502171349487055e+00  -5.264321641385666e+00  5
-7.390089157808291e+00  -6.736956452259753e+00  5
-6.026346342010989e+00  -7.980172289251078e+00  5
-4.457383527750832e+00  -8.951632928496094e+00  5
-2.736629863108190e+00  -9.618256442429908e+00  5
-9.226835506346063e-01  -9.957341767027399e+00  5
9.226836387343050e-01  -9.957341758863759e+00  5
2.736629938136881e+00  -9.618256421082407e+00  5
4.457383588421353e+00  -8.951632898285764e+00  5
6.026346387208910e+00  -7.980172255119192e+00  5
7.390089187211601e+00  -6.736956420005860e+00  5
8.502171366454368e+00  -5.264321613982514e+00  5
9.324722298124668e+00  -3.612416651336973e+00  5
9.829730997909509e+00  -1.837495172439080e+00  5
1.061610947578169e-01  1.984494796722359e-02  3
1.007070007402275e-01  3.901410003970129e-02  3
9.182345057234882e-02  5.685467373037517e-02  3
7.981296290863531e-02  7.275912967968216e-02  3
6.508454050548085e-02  8.618586071502925e-02  3
4.813974211084859e-02  9.667763562221095e-02  3
2.955560253317851e-02  1.038771695749397e-01  3
9.964982354944290e-03  1.075392910831462e-01  3
-9.964983290493565e-03  1.075392909964548e-01  3
-2.955560332207016e-02  1.038771693504806e-01  3
-4.813974274477580e-02  9.667763530655270e-02  3
-6.508454097409670e-02  8.618586036114699e-02  3
-7.981296321924250e-02  7.275912933896229e-02  3
-9.182345075712674e-02  5.685467343194860e-02  3
-1.007070008184189e-01  3.901409983786597e-02  3
-1.061610947776372e-01  1.984494786119460e-02  3
-1.061610947578169e-01  -1.984494796722359e-02  3
-1.007070007402275e-01  -3.901410003970129e-02  3
-9.182345057234882e-02  -5.685467373037517e-02  3
-7.981296290863531e-02  -7.275912967968216e-02  3
-6.508454050548085e-02  -8.618586071502925e-02  3
-4.813974211084859e-02  -9.667763562221095e-02  3
-2.955560253317851e-02  -1.038771695749397e-01  3
-9.964982354944290e-03  -1.075392910831462e-01  3
9.964983290493565e-03  -1.075392909964548e-01  3
2.955560332207016e-02  -1.038771693504806e-01  3
4.813974274477580e-02  -9.667763530655270e-02  3
6.508454097409670e-02  -8.618586036114699e-02  3
7.981296321924250e-02  -7.275912933896229e-02  3
9.182345075712674e-02  -5.685467343194860e-02  3
1.007070008184189e-01  -3.901409983786597e-02  3
1.061610947776372e-01  -1.984494786119460e-02  3
9.043352516408627e-02  1.690495567567613e-02  2
8.578744507521580e-02  3.323423336661809e-02  2
7.821997641568103e-02  4.843175910010191e-02  2
6.798882025754817e-02  6.197999935452408e-02  2
5.544238635360795e-02  7.341758505574306e-02  2
4.100792846238920e-02  8.235502293863786e-02  2
2.517699474883150e-02  8.848795926801177e-02  2
8.488688671647999e-03  9.160754425611373e-02  2
-8.488689469840497e-03  9.160754418215029e-02  2
-2.517699542428100e-02  8.848795907582982e-02  2
-4.100792900446405e-02  8.235502266871667e-02  2
-5.544238675971697e-02  7.341758474906376e-02  2
-6.798882051805052e-02  6.197999906876663e-02  2
-7.821997656983758e-02  4.843175885113053e-02  2
-8.578744514145903e-02  3.323423319562459e-02  2
-9.043352518065897e-02  1.690495558702001e-02  2
-9.043352516408627e-02  -1.690495567567613e-02  2
-8.578744507521580e-02  -3.323423336661809e-02  2
-7.821997641568103e-02  -4.843175910010191e-02  2
-6.798882025754817e-02  -6.197999935452408e-02  2
-5.544238635360795e-02  -7.341758505574306e-02  2
-4.100792846238920e-02  -8.235502293863786e-02  2
-2.517699474883150e-02  -8.848795926801177e-02  2
-8.488688671647999e-03  -9.160754425611373e-02  2
8.488689469840497e-03  -9.160754418215029e-02  2
2.517699542428100e-02  -8.848795907582982e-02  2
4.100792900446405e-02  -8.235502266871667e-02  2
5.544238675971697e-02  -7.341758474906376e-02  2
6.798882051805052e-02  -6.197999906876663e-02  2
7.821997656983758e-02  -4.843175885113053e-02  2
8.578744514145903e-02  -3.323423319562459e-02  2
9.043352518065897e-02  -1.690495558702001e-02  2
1.720202924313361e-02  3.215616568929863e-03  1
1.631826400874119e-02  6.321729173337144e-03  1
1.487879986125020e-02  9.212562872993648e-03  1
1.293265602682612e-02  1.178967379072882e-02  1
1.054610609948291e-02  1.396530150546165e-02  1
7.800421175862899e-03  1.566535762372343e-02  1
4.789102263247230e-03  1.683194877345343e-02  1
1.614696215924125e-03  1.742534809208357e-02  1
-1.614696365602787e-03  1.742534807821380e-02  1
-4.789102389578044e-03  1.683194873750921e-02  1
-7.800421277554138e-03  1.566535757308721e-02  1
-1.054610617525721e-02  1.396530144823956e-02  1
-1.293265607636108e-02  1.178967373639156e-02  1
-1.487879989044357e-02  9.212562825844737e-03  1
-1.631826402142906e-02  6.321729140585983e-03  1
-1.720202924632736e-02  3.215616551844789e-03  1
-1.720202924313361e-02  -3.215616568929863e-03  1
-1.631826400874119e-02  -6.321729173337144e-03  1
-1.487879986125020e-02  -9.212562872993648e-03  1
-1.293265602682612e-02  -1.178967379072882e-02  1
-1.054610609948291e-02  -1.396530150546165e-02  1
-7.800421175862899e-03  -1.566535762372343e-02  1
-4.789102263247230e-03  -1.683194877345343e-02  1
-1.614696215924125e-03  -1.742534809208357e-02  1
1.614696365602787e-03  -1.742534807821380e-02  1
4.789102389578044e-03  -1.683194873750921e-02  1
7.800421277554138e-03  -1.566535757308721e-02  1
1.054610617525721e-02  -1.396530144823956e-02  1
1.293265607636108e-02  -1.178967373639156e-02  1
1.487879989044357e-02  -9.212562825844737e-03  1
1.631826402142906e-02  -6.321729140585983e-03  1
1.720202924632736e-02  -3.215616551844789e-03  1
9.798122448979832e+00  0.000000000000000e+00  0
9.596244897960013e+00  0.000000000000000e+00  0
9.394367346940191e+00  0.000000000000000e+00  0
9.192489795920372e+00  0.000000000000000e+00  0
8.990612244900182e+00  0.000000000000000e+00  0
8.788734693880036e+00  0.000000000000000e+00  0
8.586857142860909e+00  0.000000000000000e+00  0
8.384979591841089e+00  0.000000000000000e+00  0
8.183102040821270e+00  0.000000000000000e+00  0
7.981224489801448e+00  0.000000000000000e+00  0
7.779346938781629e+00  0.000000000000000e+00  0
7.577469387761808e+00  0.000000000000000e+00  0
7.375591836741988e+00  0.000000000000000e+00  0
7.173714285722168e+00  0.000000000000000e+00  0
6.971836734702347e+00  0.000000000000000e+00  0
6.769959183682527e+00  0.000000000000000e+00  0
6.568081632662707e+00  0.000000000000000e+00  0
6.366204081642886e+00  0.000000000000000e+00  0
6.164326530623066e+00  0.000000000000000e+00  0
5.962448979603246e+00  0.000000000000000e+00  0
5.760571428583425e+00  0.000000000000000e+00  0
5.558693877563606e+00  0.000000000000000e+00  0
5.356816326543785e+00  0.000000000000000e+00  0
5.154938775523965e+00  0.000000000000000e+00  0
4.953061224503465e+00  0.000000000000000e+00  0
4.751183673482284e+00  0.000000000000000e+00  0
4.549306122461370e+00  0.000000000000000e+00  0
4.347428571440643e+00  0.000000000000000e+00  0
4.145551020419916e+00  0.000000000000000e+00  0
3.943673469398778e+00  0.000000000000000e+00  0
3.741795918377598e+00  0.000000000000000e+00  0
3.539918367356418e+00  0.000000000000000e+00  0
3.338040816335620e+00  0.000000000000000e+00  0
3.136163265314893e+00  0.000000000000000e+00  0
2.934285714294093e+00  0.000000000000000e+00  0
2.732408163272913e+00  0.000000000000000e+00  0
2.530530612251732e+00  0.000000000000000e+00  0
2.328653061230553e+00  0.000000000000000e+00  0
2.126775510209525e+00  0.000000000000000e+00  0
1.924897959189140e+00  0.000000000000000e+00  0
1.723020408168209e+00  0.000000000000000e+00  0
1.521142857147170e+00  0.000000000000000e+00  0
1.319265306125750e+00  0.000000000000000e+00  0
1.117387755104696e+00  0.000000000000000e+00  0
9.155102040837928e-01  0.000000000000000e+00  0
7.136326530628754e-01  0.000000000000000e+00  0
5.117551020424962e-01  0.000000000000000e+00  0
3.098775510210725e-01  0.000000000000000e+00  0
1.000000000000217e-01  0.000000000000000e+00  0
5.475000000010020e-02  0.000000000000000e+00  0
-9.798122448979832e+00  0.000000000000000e+00  0
-9.596244897960013e+00  0.000000000000000e+00  0
-9.394367346940191e+00  0.000000000000000e+00  0
-9.192489795920372e+00  0.000000000000000e+00  0
-8.990612244900182e+00  0.000000000000000e+00  0
-8.788734693880036e+00  0.000000000000000e+00  0
-8.586857142860909e+00  0.000000000000000e+00  0
-8.384979591841089e+00  0.000000000000000e+00  0
-8.183102040821270e+00  0.000000000000000e+00  0
-7.981224489801448e+00  0.000000000000000e+00  0
-7.779346938781629e+00  0.000000000000000e+00  0
-7.577469387761808e+00  0.000000000000000e+00  0
-7.375591836741988e+00  0.000000000000000e+00  0
-7.173714285722168e+00  0.000000000000000e+00  0
-6.971836734702347e+00  0.000000000000000e+00  0
-6.769959183682527e+00  0.000000000000000e+00  0
-6.568081632662707e+00  0.000000000000000e+00  0
-6.366204081642886e+00  0.000000000000000e+00  0
-6.164326530623066e+00  0.000000000000000e+00  0
-5.962448979603246e+00  0.000000000000000e+00  0
-5.760571428583425e+00  0.000000000000000e+00  0
-5.558693877563606e+00  0.000000000000000e+00  0
-5.356816326543785e+00  0.000000000000000e+00  0
-5.154938775523965e+00  0.000000000000000e+00  0
-4.953061224503465e+00  0.000000000000000e+00  0
-4.751183673482284e+00  0.000000000000000e+00  0
-4.549306122461370e+00  0.000000000000000e+00  0
-4.347428571440643e+00  0.000000000000000e+00  0
-4.145551020419916e+00  0.000000000000000e+00  0
-3.943673469398778e+00  0.000000000000000e+00  0
-3.741795918377598e+00  0.000000000000000e+00  0
-3.539918367356418e+00  0.000000000000000e+00  0
-3.338040816335620e+00  0.000000000000000e+00  0
-3.136163265314893e+00  0.000000000000000e+00  0
-2.934285714294093e+00  0.000000000000000e+00  0
-2.732408163272913e+00  0.000000000000000e+00  0
-2.530530612251732e+00  0.000000000000000e+00  0
-2.328653061230553e+00  0.000000000000000e+00  0
-2.126775510209525e+00  0.000000000000000e+00  0
-1.924897959189140e+00  0.000000000000000e+00  0
-1.723020408168209e+00  0.000000000000000e+00  0
-1.521142857147170e+00  0.000000000000000e+00  0
-1.319265306125750e+00  0.000000000000000e+00  0
-1.117387755104696e+00  0.000000000000000e+00  0
-9.155102040837928e-01  0.000000000000000e+00  0
-7.136326530628754e-01  0.000000000000000e+00  0
-5.117551020424962e-01  0.000000000000000e+00  0
-3.098775510210725e-01  0.000000000000000e+00  0
-1.000000000000217e-01  0.000000000000000e+00  0
-5.475000000010020e-02  0.000000000000000e+00  0
9.631290795805013e+00  -1.800400269896718e+00  0
9.136477087975788e+00  -3.539490068653405e+00  0
8.330531613072997e+00  -5.158046778461201e+00  0
7.240899876518059e+00  -6.600952393665882e+00  0
5.904687982183854e+00  -7.819070491961057e+00  0
4.367399020142346e+00  -8.770919525572118e+00  0
2.681383523140724e+00  -9.424085415945253e+00  0
9.040567273987383e-01  -9.756325381968747e+00  0
-9.040566410779007e-01  -9.756325389967552e+00  0
-2.681383449627134e+00  -9.424085436861670e+00  0
-4.367398960697063e+00  -8.770919555172352e+00  0
-5.904687937898776e+00  -7.819070525403595e+00  0
-7.240899847708476e+00  -6.600952425268486e+00  0
-8.330531596448184e+00  -5.158046805311194e+00  0
-9.136477080761974e+00  -3.539490087274395e+00  0
-9.631290794006222e+00  -1.800400279519412e+00  0
9.432850593700865e+00  -1.763305367354420e+00  0
8.948231877827231e+00  -3.466563485969962e+00  0
8.158891859691920e+00  -5.051771942940070e+00  0
7.091710565824771e+00  -6.464948367326137e+00  0
5.783029577159007e+00  -7.657968728803199e+00  0
4.277414451863494e+00  -8.590206152858782e+00  0
2.626137108144668e+00  -9.229914410808432e+00  0
8.854298160632057e-01  -9.555309005074083e+00  0
-8.854297315212269e-01  -9.555309012908051e+00  0
-2.626137036146173e+00  -9.229914431293770e+00  0
-4.277414393643446e+00  -8.590206181848924e+00  0
-5.783029533786772e+00  -7.657968761556391e+00  0
-7.091710537608918e+00  -6.464948398277452e+00  0
-8.158891843409609e+00  -5.051771969236906e+00  0
-8.948231870762074e+00  -3.466563504207220e+00  0
-9.432850591939131e+00  -1.763305376778850e+00  0
9.234410391596700e+00  -1.726210464812122e+00  0
8.759986667678666e+00  -3.393636903286519e+00  0
7.987252106310842e+00  -4.945497107418939e+00  0
6.942521255131481e+00  -6.328944340986392e+00  0
5.661371172134162e+00  -7.496866965645339e+00  0
4.187429883584643e+00  -8.409492780145447e+00  0
2.570890693148607e+00  -9.035743405671610e+00  0
8.668029047276722e-01  -9.354292628179415e+00  0
-8.668028219645527e-01  -9.354292635848550e+00  0
-2.570890622665210e+00  -9.035743425725864e+00  0
-4.187429826589831e+00  -8.409492808525492e+00  0
-5.661371129674770e+00  -7.496866997709184e+00  0
-6.942521227509360e+00  -6.328944371286418e+00  0
-7.987252090371032e+00  -4.945497133162618e+00  0
-8.759986660762170e+00  -3.393636921140044e+00  0
-9.234410389872037e+00  -1.726210474038288e+00  0
9.035970189492552e+00  -1.689115562269825e+00  0
8.571741457530106e+00  -3.320710320603076e+00  0
7.815612352929765e+00  -4.839222271897809e+00  0
6.793331944438196e+00  -6.192940314646648e+00  0
5.539712767109316e+00  -7.335765202487481e+00  0
4.097445315305792e+00  -8.228779407432112e+00  0
2.515644278152545e+00  -8.841572400534790e+00  0
8.481759933921378e-01  -9.153276251284751e+00  0
-8.481759124078794e-01  -9.153276258789049e+00  0
-2.515644209184249e+00  -8.841572420157961e+00  0
-4.097445259536215e+00  -8.228779435202060e+00  0
-5.539712725562767e+00  -7.335765233861980e+00  0
-6.793331917409802e+00  -6.192940344295383e+00  0
-7.815612337332458e+00  -4.839222297088330e+00  0
-8.571741450762271e+00  -3.320710338072869e+00  0
-9.035970187804942e+00  -1.689115571297727e+00  0
8.837529987388033e+00  -1.652020659727459e+00  0
8.383496247381204e+00  -3.247783737919500e+00  0
7.643972599548375e+00  -4.732947436376485e+00  0
6.644142633744637e+00  -6.056936288306654e+00  0
5.418054362084248e+00  -7.174663439329328e+00  0
4.007460747026773e+00  -8.048066034718447e+00  0
2.460397863156387e+00  -8.647401395397614e+00  0
8.295490820565705e-01  -8.952259874389718e+00  0
-8.295490028511723e-01  -8.952259881729178e+00  0
-2.460397795703186e+00  -8.647401414589703e+00  0
-4.007460692482438e+00  -8.048066061878298e+00  0
-5.418054321450542e+00  -7.174663470014480e+00  0
-6.644142607309969e+00  -6.056936317304101e+00  0
-7.643972584293568e+00  -4.732947461013847e+00  0
-8.383496240762028e+00  -3.247783755005560e+00  0
-8.837529985737488e+00  -1.652020668557097e+00  0
8.639089785283559e+00  -1.614925757185101e+00  0
8.195251037232342e+00  -3.174857155235939e+00  0
7.472332846167024e+00  -4.626672600855183e+00  0
6.494953323051110e+00  -5.920932261966690e+00  0
5.296395957059203e+00  -7.013561676171210e+00  0
3.917476178747778e+00  -7.867352662004820e+00  0
2.405151448160237e+00  -8.453230390260480e+00  0
8.109221707210059e-01  -8.751243497494727e+00  0
-8.109220932944696e-01  -8.751243504669354e+00  0
-2.405151382222134e+00  -8.453230409021486e+00  0
-3.917476125428676e+00  -7.867352688554578e+00  0
-5.296395917338343e+00  -7.013561706167015e+00  0
-6.494953297210170e+00  -5.920932290312848e+00  0
-7.472332831254713e+00  -4.626672624939387e+00  0
-8.195251030761826e+00  -3.174857171938267e+00  0
-8.639089783670073e+00  -1.614925765816476e+00  0
8.440649583180088e+00  -1.577830854642931e+00  0
8.007005827084427e+00  -3.101930572552747e+00  0
7.300693092786535e+00  -4.520397765334416e+00  0
6.345764012358334e+00  -5.784928235627413e+00  0
5.174737552034776e+00  -6.852459913013906e+00  0
3.827491610469235e+00  -7.686639289292105e+00  0
2.349905033164367e+00  -8.259059385124326e+00  0
7.922952593855364e-01  -8.550227120600750e+00  0
-7.922951837378585e-01  -8.550227127610542e+00  0
-2.349904968741363e+00  -8.259059403454250e+00  0
-3.827491558375370e+00  -7.686639315231768e+00  0
-5.174737513226757e+00  -6.852459942320362e+00  0
-6.345763987111122e+00  -5.784928263322281e+00  0
-7.300693078216728e+00  -4.520397788865465e+00  0
-8.007005820762572e+00  -3.101930588871343e+00  0
-8.440649581603665e+00  -1.577830863076042e+00  0
8.242209381075934e+00  -1.540735952100633e+00  0
7.818760616935869e+00  -3.029003989869305e+00  0
7.129053339405460e+00  -4.414122929813286e+00  0
6.196574701665047e+00  -5.648924209287668e+00  0
5.053079147009930e+00  -6.691358149856048e+00  0
3.737507042190384e+00  -7.505925916578771e+00  0
2.294658618168308e+00  -8.064888379987504e+00  0
7.736683480500037e-01  -8.349210743706086e+00  0
-7.736682741811851e-01  -8.349210750551041e+00  0
-2.294658555260402e+00  -8.064888397886346e+00  0
-3.737506991321755e+00  -7.505925941908338e+00  0
-5.053079109114755e+00  -6.691358178473157e+00  0
-6.196574677011564e+00  -5.648924236331247e+00  0
-7.129053325178152e+00  -4.414122952791177e+00  0
-7.818760610762673e+00  -3.029004005804167e+00  0
-8.242209379536575e+00  -1.540735960335480e+00  0
8.043769178971782e+00  -1.503641049558335e+00  0
7.630515406787313e+00  -2.956077407185862e+00  0
6.957413586024384e+00  -4.307848094292155e+00  0
6.047385390971762e+00  -5.512920182947924e+00  0
4.931420741985086e+00  -6.530256386698190e+00  0
3.647522473911532e+00  -7.325212543865436e+00  0
2.239412203172247e+00  -7.870717374850685e+00  0
7.550414367144684e-01  -8.148194366811421e+00  0
-7.550413646245118e-01  -8.148194373491540e+00  0
-2.239412141779439e+00  -7.870717392318444e+00  0
-3.647522424268140e+00  -7.325212568584908e+00  0
-4.931420705002752e+00  -6.530256414625952e+00  0
-6.047385366912009e+00  -5.512920209340214e+00  0
-6.957413572139577e+00  -4.307848116716888e+00  0
-7.630515400762772e+00  -2.956077422736993e+00  0
-8.043769177469484e+00  -1.503641057594918e+00  0
7.845328976867624e+00  -1.466546147016037e+00  0
7.442270196638755e+00  -2.883150824502418e+00  0
6.785773832643306e+00  -4.201573258771024e+00  0
5.898196080278473e+00  -5.376916156608178e+00  0
4.809762336960239e+00  -6.369154623540330e+00  0
3.557537905632679e+00  -7.144499171152099e+00  0
2.184165788176188e+00  -7.676546369713863e+00  0
7.364145253789354e-01  -7.947177989916754e+00  0
-7.364144550678389e-01  -7.947177996432037e+00  0
-2.184165728298477e+00  -7.676546386750539e+00  0
-3.557537857214525e+00  -7.144499195261476e+00  0
-4.809762300890748e+00  -6.369154650778746e+00  0
-5.898196056812448e+00  -5.376916182349179e+00  0
-6.785773819101002e+00  -4.201573280642599e+00  0
-7.442270190762871e+00  -2.883150839669816e+00  0
-7.845328975402388e+00  -1.466546154854357e+00  0
7.646888774763473e+00  -1.429451244473740e+00  0
7.254024986490194e+00  -2.810224241818976e+00  0
6.614134079262229e+00  -4.095298423249894e+00  0
5.749006769585187e+00  -5.240912130268435e+00  0
4.688103931935394e+00  -6.208052860382473e+00  0
3.467553337353828e+00  -6.963785798438765e+00  0
2.128919373180128e+00  -7.482375364577044e+00  0
7.177876140434014e-01  -7.746161613022090e+00  0
-7.177875455111655e-01  -7.746161619372537e+00  0
-2.128919314817515e+00  -7.482375381182638e+00  0
-3.467553290160909e+00  -6.963785821938046e+00  0
-4.688103896778746e+00  -6.208052886931542e+00  0
-5.749006746712892e+00  -5.240912155358146e+00  0
-6.614134066062426e+00  -4.095298444568312e+00  0
-7.254024980762970e+00  -2.810224256602642e+00  0
-7.646888773335296e+00  -1.429451252113795e+00  0
7.448448572659315e+00  -1.392356341931442e+00  0
7.065779776341635e+00  -2.737297659135533e+00  0
6.442494325881153e+00  -3.989023587728763e+00  0
5.599817458891898e+00  -5.104908103928690e+00  0
4.566445526910548e+00  -6.046951097224614e+00  0
3.377568769074976e+00  -6.783072425725430e+00  0
2.073672958184068e+00  -7.288204359440223e+00  0
6.991607027078679e-01  -7.545145236127424e+00  0
-6.991606359544913e-01  -7.545145242313035e+00  0
-2.073672901336553e+00  -7.288204375614734e+00  0
-3.377568723107294e+00  -6.783072448614616e+00  0
-4.566445492666741e+00  -6.046951123084336e+00  0
-5.599817436613332e+00  -5.104908128367112e+00  0
-6.442494313023849e+00  -3.989023608494024e+00  0
-7.065779770763071e+00  -2.737297673535466e+00  0
-7.448448571268206e+00  -1.392356349373234e+00  0
7.250008370555161e+00  -1.355261439389144e+00  0
6.877534566193074e+00  -2.664371076452090e+00  0
6.270854572500077e+00  -3.882748752207632e+00  0
5.450628148198610e+00  -4.968904077588944e+00  0
4.444787121885702e+00  -5.885849334066756e+00  0
3.287584200796124e+00  -6.602359053012094e+00  0
2.018426543188009e+00  -7.094033354303401e+00  0
6.805337913723344e-01  -7.344128859232757e+00  0
-6.805337263978184e-01  -7.344128865253533e+00  0
-2.018426487855591e+00  -7.094033370046829e+00  0
-3.287584156053679e+00  -6.602359075291186e+00  0
-4.444787088554740e+00  -5.885849359237131e+00  0
-5.450628126513772e+00  -4.968904101376078e+00  0
-6.270854559985274e+00  -3.882748772419735e+00  0
-6.877534560763171e+00  -2.664371090468291e+00  0
-7.250008369201112e+00  -1.355261446632672e+00  0
7.051568168451010e+00  -1.318166536846846e+00  0
6.689289356044518e+00  -2.591444493768647e+00  0
6.099214819119003e+00  -3.776473916686502e+00  0
5.301438837505325e+00  -4.832900051249200e+00  0
4.323128716860856e+00  -5.724747570908898e+00  0
3.197599632517273e+00  -6.421645680298760e+00  0
1.963180128191949e+00  -6.899862349166581e+00  0
6.619068800368009e-01  -7.143112482338092e+00  0
-6.619068168411446e-01  -7.143112488194033e+00  0
-1.963180074374629e+00  -6.899862364478928e+00  0
-3.197599589000063e+00  -6.421645701967755e+00  0
-4.323128684442737e+00  -5.724747595389926e+00  0
-5.301438816414215e+00  -4.832900074385043e+00  0
-6.099214806946698e+00  -3.776473936345447e+00  0
-6.689289350763270e+00  -2.591444507401116e+00  0
-7.051568167134020e+00  -1.318166543892110e+00  0
6.853127966346852e+00  -1.281071634304549e+00  0
6.501044145895959e+00  -2.518517911085204e+00  0
5.927575065737922e+00  -3.670199081165371e+00  0
5.152249526812035e+00  -4.696896024909454e+00  0
4.201470311836010e+00  -5.563645807751039e+00  0
3.107615064238421e+00  -6.240932307585423e+00  0
1.907933713195890e+00  -6.705691344029758e+00  0
6.432799687012678e-01  -6.942096105443425e+00  0
-6.432799072844722e-01  -6.942096111134529e+00  0
-1.907933660893669e+00  -6.705691358911023e+00  0
-3.107615021946449e+00  -6.240932328644323e+00  0
-4.201470280330732e+00  -5.563645831542719e+00  0
-5.152249506314655e+00  -4.696896047394008e+00  0
-5.927575053908120e+00  -3.670199100271157e+00  0
-6.501044140763368e+00  -2.518517924333940e+00  0
-6.853127965066927e+00  -1.281071641151548e+00  0
6.654687764242699e+00  -1.243976731762251e+00  0
6.312798935747400e+00  -2.445591328401761e+00  0
5.755935312356847e+00  -3.563924245644240e+00  0
5.003060216118749e+00  -4.560891998569709e+00  0
4.079811906811163e+00  -5.402544044593180e+00  0
3.017630495959569e+00  -6.060218934872088e+00  0
1.852687298199830e+00  -6.511520338892939e+00  0
6.246530573657334e-01  -6.741079728548759e+00  0
-6.246529977277975e-01  -6.741079734075028e+00  0
-1.852687247412705e+00  -6.511520353343119e+00  0
-3.017630454892834e+00  -6.060218955320892e+00  0
-4.079811876218731e+00  -5.402544067695514e+00  0
-5.003060196215098e+00  -4.560892020402975e+00  0
-5.755935300869544e+00  -3.563924264196870e+00  0
-6.312798930763471e+00  -2.445591341266765e+00  0
-6.654687762999836e+00  -1.243976738410987e+00  0
6.456247562138544e+00  -1.206881829219953e+00  0
6.124553725598840e+00  -2.372664745718319e+00  0
5.584295558975771e+00  -3.457649410123110e+00  0
4.853870905425463e+00  -4.424887972229965e+00  0
3.958153501786318e+00  -5.241442281435322e+00  0
2.927645927680717e+00  -5.879505562158753e+00  0
1.797440883203769e+00  -6.317349333756118e+00  0
6.060261460301999e-01  -6.540063351654094e+00  0
-6.060260881711246e-01  -6.540063357015528e+00  0
-1.797440833931744e+00  -6.317349347775217e+00  0
-2.927645887839218e+00  -5.879505581997463e+00  0
-3.958153472106727e+00  -5.241442303848309e+00  0
-4.853870886115538e+00  -4.424887993411941e+00  0
-5.584295547830969e+00  -3.457649428122582e+00  0
-6.124553720763570e+00  -2.372664758199590e+00  0
-6.456247560932745e+00  -1.206881835670425e+00  0
6.257807360034391e+00  -1.169786926677655e+00  0
5.936308515450279e+00  -2.299738163034875e+00  0
5.412655805594694e+00  -3.351374574601979e+00  0
4.704681594732175e+00  -4.288883945890220e+00  0
3.836495096761472e+00  -5.080340518277463e+00  0
2.837661359401865e+00  -5.698792189445418e+00  0
1.742194468207709e+00  -6.123178328619296e+00  0
5.873992346946655e-01  -6.339046974759428e+00  0
-5.873991786144499e-01  -6.339046979956026e+00  0
-1.742194420450781e+00  -6.123178342207312e+00  0
-2.837661320785603e+00  -5.698792208674032e+00  0
-3.836495067994723e+00  -5.080340540001103e+00  0
-4.704681576015981e+00  -4.288883966420907e+00  0
-5.412655794792393e+00  -3.351374592048293e+00  0
-5.936308510763668e+00  -2.299738175132415e+00  0
-6.257807358865651e+00  -1.169786932929864e+00  0
6.059367157930238e+00  -1.132692024135357e+00  0
5.748063305301724e+00  -2.226811580351433e+00  0
5.241016052213617e+00  -3.245099739080849e+00  0
4.555492284038889e+00  -4.152879919550475e+00  0
3.714836691736626e+00  -4.919238755119605e+00  0
2.747676791123014e+00  -5.518078816732083e+00  0
1.686948053211651e+00  -5.929007323482476e+00  0
5.687723233591320e-01  -6.138030597864763e+00  0
-5.687722690577766e-01  -6.138030602896524e+00  0
-1.686948006969821e+00  -5.929007336639410e+00  0
-2.747676753731989e+00  -5.518078835350601e+00  0
-3.714836663882721e+00  -4.919238776153898e+00  0
-4.555492265916421e+00  -4.152879939429872e+00  0
-5.241016041753820e+00  -3.245099755974005e+00  0
-5.748063300763770e+00  -2.226811592065240e+00  0
-6.059367156798560e+00  -1.132692030189302e+00  0
5.860926955826081e+00  -1.095597121593060e+00  0
5.559818095153163e+00  -2.153884997667989e+00  0
5.069376298832539e+00  -3.138824903559718e+00  0
4.406302973345601e+00  -4.016875893210731e+00  0
3.593178286711780e+00  -4.758136991961748e+00  0
2.657692222844163e+00  -5.337365444018747e+00  0
1.631701638215591e+00  -5.734836318345654e+00  0
5.501454120235980e-01  -5.937014220970097e+00  0
-5.501453595011023e-01  -5.937014225837023e+00  0
-1.631701593488859e+00  -5.734836331071506e+00  0
-2.657692186678372e+00  -5.337365462027170e+00  0
-3.593178259770718e+00  -4.758137012306693e+00  0
-4.406302955816864e+00  -4.016875912438838e+00  0
-5.069376288715244e+00  -3.138824919899716e+00  0
-5.559818090763869e+00  -2.153885008998064e+00  0
-5.860926954731466e+00  -1.095597127448740e+00  0
5.662486753721927e+00  -1.058502219050762e+00  0
5.371572885004606e+00  -2.080958414984547e+00  0
4.897736545451462e+00  -3.032550068038587e+00  0
4.257113662652312e+00  -3.880871866870987e+00  0
3.471519881686934e+00  -4.597035228803890e+00  0
2.567707654565310e+00  -5.156652071305412e+00  0
1.576455223219530e+00  -5.540665313208835e+00  0
5.315185006880645e-01  -5.735997844075431e+00  0
-5.315184499444294e-01  -5.735997848777522e+00  0
-1.576455180007897e+00  -5.540665325503603e+00  0
-2.567707619624758e+00  -5.156652088703740e+00  0
-3.471519855658714e+00  -4.597035248459488e+00  0
-4.257113645717305e+00  -3.880871885447805e+00  0
-4.897736535676668e+00  -3.032550083825428e+00  0
-5.371572880763967e+00  -2.080958425930889e+00  0
-5.662486752664374e+00  -1.058502224708179e+00  0
5.464046551617775e+00  -1.021407316508464e+00  0
5.183327674856049e+00  -2.008031832301104e+00  0
4.726096792070388e+00  -2.926275232517457e+00  0
4.107924351959026e+00  -3.744867840531242e+00  0
3.349861476662089e+00  -4.435933465646031e+00  0
2.477723086286458e+00  -4.975938698592078e+00  0
1.521208808223471e+00  -5.346494308072014e+00  0
5.128915893525301e-01  -5.534981467180766e+00  0
-5.128915403877561e-01  -5.534981471718021e+00  0
-1.521208766526935e+00  -5.346494319935700e+00  0
-2.477723052571143e+00  -4.975938715380311e+00  0
-3.349861451546712e+00  -4.435933484612283e+00  0
-4.107924335617748e+00  -3.744867858456772e+00  0
-4.726096782638091e+00  -2.926275247751140e+00  0
-5.183327670764069e+00  -2.008031842863714e+00  0
-5.464046550597284e+00  -1.021407321967617e+00  0
5.265606349513620e+00  -9.843124139661662e-01  0
4.995082464707488e+00  -1.935105249617661e+00  0
4.554457038689311e+00  -2.820000396996326e+00  0
3.958735041265740e+00  -3.608863814191497e+00  0
3.228203071637242e+00  -4.274831702488172e+00  0
2.387738518007607e+00  -4.795225325878742e+00  0
1.465962393227412e+00  -5.152323302935192e+00  0
4.942646780169966e-01  -5.333965090286100e+00  0
-4.942646308310819e-01  -5.333965094658519e+00  0
-1.465962353045973e+00  -5.152323314367797e+00  0
-2.387738485517527e+00  -4.795225342056880e+00  0
-3.228203047434710e+00  -4.274831720765077e+00  0
-3.958735025518187e+00  -3.608863831465737e+00  0
-4.554457029599516e+00  -2.820000411676852e+00  0
-4.995082460764170e+00  -1.935105259796538e+00  0
-5.265606348530189e+00  -9.843124192270554e-01  0
5.067166147409466e+00  -9.472175114238683e-01  0
4.806837254558929e+00  -1.862178666934218e+00  0
4.382817285308233e+00  -2.713725561475195e+00  0
3.809545730572451e+00  -3.472859787851752e+00  0
3.106544666612395e+00  -4.113729939330313e+00  0
2.297753949728755e+00  -4.614511953165406e+00  0
1.410715978231352e+00  -4.958152297798371e+00  0
4.756377666814631e-01  -5.132948713391434e+00  0
-4.756377212744087e-01  -5.132948717599017e+00  0
-1.410715939565011e+00  -4.958152308799893e+00  0
-2.297753918463912e+00  -4.614511968733448e+00  0
-3.106544643322706e+00  -4.113729956917871e+00  0
-3.809545715418628e+00  -3.472859804474703e+00  0
-4.382817276560938e+00  -2.713725575602563e+00  0
-4.806837250764269e+00  -1.862178676729363e+00  0
-5.067166146463097e+00  -9.472175164864935e-01  0
4.868725945304645e+00  -9.101226088814457e-01  0
4.618592044409734e+00  -1.789252084250530e+00  0
4.211177531926580e+00  -2.607450725953707e+00  0
3.660356419878663e+00  -3.336855761511550e+00  0
2.984886261587139e+00  -3.952628176171914e+00  0
2.207769381449601e+00  -4.433798580451463e+00  0
1.355469563235105e+00  -4.763981292660898e+00  0
4.570108553458665e-01  -4.931932336496091e+00  0
-4.570108117176721e-01  -4.931932340538840e+00  0
-1.355469526083863e+00  -4.763981303231336e+00  0
-2.207769351409994e+00  -4.433798595409409e+00  0
-2.984886239210294e+00  -3.952628193070124e+00  0
-3.660356405318568e+00  -3.336855777483211e+00  0
-4.211177523521785e+00  -2.607450739527917e+00  0
-4.618592040763732e+00  -1.789252093661942e+00  0
-4.868725944395337e+00  -9.101226137458071e-01  0
4.670285743199153e+00  -8.730277063388979e-01  0
4.430346834259907e+00  -1.716325501566595e+00  0
4.039537778544347e+00  -2.501175890431860e+00  0
3.511167109184369e+00  -3.200851735170888e+00  0
2.863227856561475e+00  -3.791526413012970e+00  0
2.117784813170143e+00  -4.253085207736911e+00  0
1.300223148238673e+00  -4.569810287522768e+00  0
4.383839440102073e-01  -4.730915959600072e+00  0
-4.383839021608740e-01  -4.730915963477984e+00  0
-1.300223112602530e+00  -4.569810297662125e+00  0
-2.117784784355773e+00  -4.253085222084762e+00  0
-2.863227835097470e+00  -3.791526429221833e+00  0
-3.511167095218005e+00  -3.200851750491261e+00  0
-4.039537770482054e+00  -2.501175903452913e+00  0
-4.430346830762566e+00  -1.716325510594276e+00  0
-4.670285742326908e+00  -8.730277110049955e-01  0
4.471845541093923e+00  -8.359328037963991e-01  0
4.242101624110328e+00  -1.643398918882757e+00  0
3.867898025162341e+00  -2.394901054910153e+00  0
3.361977798490274e+00  -3.064847708830407e+00  0
2.741569451535969e+00  -3.630424649854238e+00  0
2.027800244890802e+00  -4.072371835022595e+00  0
1.244976733242315e+00  -4.375639282384895e+00  0
4.197570326745730e-01  -4.529899582704316e+00  0
-4.197569926040989e-01  -4.529899586417393e+00  0
-1.244976699121268e+00  -4.375639292093169e+00  0
-2.027800217301670e+00  -4.072371848760352e+00  0
-2.741569430984808e+00  -3.630424665373754e+00  0
-3.361977785117637e+00  -3.064847723499490e+00  0
-3.867898017442548e+00  -2.394901067378048e+00  0
-4.242101620761645e+00  -1.643398927526705e+00  0
-4.471845540258740e+00  -8.359328082642328e-01  0
4.273405338988878e+00  -7.988379012539347e-01  0
4.053856413960925e+00  -1.570472336198987e+00  0
3.696258271780493e+00  -2.288626219388546e+00  0
3.212788487796317e+00  -2.928843682490051e+00  0
2.619911046510578e+00  -3.469322886695656e+00  0
1.937815676611546e+00  -3.891658462308448e+00  0
1.189730318246007e+00  -4.181468277247202e+00  0
4.011301213389551e-01  -4.328883205808747e+00  0
-4.011300830473417e-01  -4.328883209356989e+00  0
-1.189730285640058e+00  -4.181468286524394e+00  0
-1.937815650247650e+00  -3.891658475436109e+00  0
-2.619911026872260e+00  -3.469322901525826e+00  0
-3.212788475017408e+00  -2.928843696507845e+00  0
-3.696258264403200e+00  -2.288626231303283e+00  0
-4.053856410760899e+00  -1.570472344459202e+00  0
-4.273405338190756e+00  -7.988379055235045e-01  0
4.074965136883831e+00  -7.617429987114703e-01  0
3.865611203811520e+00  -1.497545753515217e+00  0
3.524618518398647e+00  -2.182351383866938e+00  0
3.063599177102360e+00  -2.792839656149695e+00  0
2.498252641485184e+00  -3.308221123537074e+00  0
1.847831108332291e+00  -3.710945089594302e+00  0
1.134483903249699e+00  -3.987297272109509e+00  0
3.825032100033379e-01  -4.127866828913179e+00  0
-3.825031734905846e-01  -4.127866832296584e+00  0
-1.134483872158848e+00  -3.987297280955619e+00  0
-1.847831083193631e+00  -3.710945102111867e+00  0
-2.498252622759710e+00  -3.308221137677897e+00  0
-3.063599164917180e+00  -2.792839669516200e+00  0
-3.524618511363853e+00  -2.182351395228517e+00  0
-3.865611200760154e+00  -1.497545761391700e+00  0
-4.074965136122772e+00  -7.617430027827764e-01  0
3.876524934778382e+00  -7.246480961689306e-01  0
3.677365993661732e+00  -1.424619170831298e+00  0
3.352978765016449e+00  -2.076076548345114e+00  0
2.914409866408099e+00  -2.656835629809063e+00  0
2.376594236459545e+00  -3.147119360378165e+00  0
1.757846540052852e+00  -3.530231716879787e+00  0
1.079237488253279e+00  -3.793126266971421e+00  0
3.638762986676827e-01  -3.926850452017201e+00  0
-3.638762639337898e-01  -3.926850455235771e+00  0
-1.079237458677526e+00  -3.793126275386448e+00  0
-1.757846516139429e+00  -3.530231728787258e+00  0
-2.376594218646912e+00  -3.147119373829641e+00  0
-2.914409854816647e+00  -2.656835642524279e+00  0
-3.352978758324158e+00  -2.076076559153536e+00  0
-3.677365990759025e+00  -1.424619178324048e+00  0
-3.876524934054386e+00  -7.246481000419727e-01  0
3.678084732672892e+00  -6.875531936263828e-01  0
3.489120783511906e+00  -1.351692588147363e+00  0
3.181339011634217e+00  -1.969801712823267e+00  0
2.765220555713807e+00  -2.520831603468402e+00  0
2.254935831433879e+00  -2.986017597219221e+00  0
1.667861971773395e+00  -3.349518344165235e+00  0
1.023991073256846e+00  -3.598955261833293e+00  0
3.452493873320233e-01  -3.725834075121182e+00  0
-3.452493543769910e-01  -3.725834078174915e+00  0
-1.023991045196193e+00  -3.598955269817236e+00  0
-1.667861949085207e+00  -3.349518355462609e+00  0
-2.254935814534090e+00  -2.986017609981350e+00  0
-2.765220544716084e+00  -2.520831615532328e+00  0
-3.181339005284426e+00  -1.969801723078531e+00  0
-3.489120780757857e+00  -1.351692595256382e+00  0
-3.678084731985957e+00  -6.875531973011610e-01  0
3.479644530567401e+00  -6.504582910838353e-01  0
3.300875573362080e+00  -1.278766005463430e+00  0
3.009699258251984e+00  -1.863526877301421e+00  0
2.616031245019516e+00  -2.384827577127742e+00  0
2.133277426408214e+00  -2.824915834060278e+00  0
1.577877403493936e+00  -3.168804971450683e+00  0
9.687446582604149e-01  -3.404784256695164e+00  0
3.266224759963641e-01  -3.524817698225163e+00  0
-3.266224448201920e-01  -3.524817701114061e+00  0
-9.687446317148583e-01  -3.404784264248026e+00  0
-1.577877382030986e+00  -3.168804982137962e+00  0
-2.133277410421267e+00  -2.824915846133060e+00  0
-2.616031234615520e+00  -2.384827588540379e+00  0
-3.009699252244694e+00  -1.863526887003528e+00  0
-3.300875570756689e+00  -1.278766012188715e+00  0
-3.479644529917528e+00  -6.504582945603498e-01  0
3.281204328462286e+00  -6.133633885413577e-01  0
3.112630363212608e+00  -1.205839422779633e+00  0
2.838059504870077e+00  -1.757252041779775e+00  0
2.466841934325506e+00  -2.248823550787338e+00  0
2.011619021382779e+00  -2.663814070901640e+00  0
1.487892835214649e+00  -2.988091598736472e+00  0
9.134982432640877e-01  -3.210613251557403e+00  0
3.079955646607400e-01  -3.323801321329523e+00  0
-3.079955352634280e-01  -3.323801324053586e+00  0
-9.134982182336295e-01  -3.210613258679182e+00  0
-1.487892814976935e+00  -2.988091608813656e+00  0
-2.011619006308675e+00  -2.663814082285074e+00  0
-2.466841924515240e+00  -2.248823561548686e+00  0
-2.838059499205288e+00  -1.757252050928725e+00  0
-3.112630360755877e+00  -1.205839429121187e+00  0
-3.281204327849474e+00  -6.133633918196084e-01  0
3.082764126357240e+00  -5.762684859988934e-01  0
2.924385153063204e+00  -1.132912840095863e+00  0
2.666419751488229e+00  -1.650977206258168e+00  0
2.317652623631549e+00  -2.112819524446983e+00  0
1.889960616357386e+00  -2.502712307743058e+00  0
1.397908266935393e+00  -2.807378226022326e+00  0
8.582518282677802e-01  -3.016442246419710e+00  0
2.893686533251227e-01  -3.122784944433954e+00  0
-2.893686257066705e-01  -3.122784946993181e+00  0
-8.582518047524188e-01  -3.016442253110406e+00  0
-1.397908247922916e+00  -2.807378235489414e+00  0
-1.889960602196126e+00  -2.502712318437145e+00  0
-2.317652614415012e+00  -2.112819534557041e+00  0
-2.666419746165940e+00  -1.650977214853959e+00  0
-2.924385150755131e+00  -1.132912846053684e+00  0
-3.082764125781491e+00  -5.762684890788802e-01  0
2.884323924252122e+00  -5.391735834564155e-01  0
2.736139942913732e+00  -1.059986257412066e+00  0
2.494779998106320e+00  -1.544702370736521e+00  0
2.168463312937537e+00  -1.976815498106578e+00  0
1.768302211331950e+00  -2.341610544584417e+00  0
1.307923698656104e+00  -2.626664853308113e+00  0
8.030054132714521e-01  -2.822271241281947e+00  0
2.707417419894982e-01  -2.921768567538313e+00  0
-2.707417161499066e-01  -2.921768569932704e+00  0
-8.030053912711888e-01  -2.822271247541561e+00  0
-1.307923680868864e+00  -2.626664862165106e+00  0
-1.768302198083532e+00  -2.341610554589157e+00  0
-2.168463304314729e+00  -1.976815507565347e+00  0
-2.494779993126532e+00  -1.544702378779155e+00  0
-2.736139940754318e+00  -1.059986262986155e+00  0
-2.884323923713436e+00  -5.391735863381384e-01  0
2.685883722146631e+00  -5.020786809138678e-01  0
2.547894732763904e+00  -9.870596747281318e-01  0
2.323140244724086e+00  -1.438427535214674e+00  0
2.019274002243246e+00  -1.840811471765917e+00  0
1.646643806306284e+00  -2.180508781425473e+00  0
1.217939130376646e+00  -2.445951480593560e+00  0
7.477589982750199e-01  -2.628100236143818e+00  0
2.521148306538392e-01  -2.720752190642293e+00  0
-2.521148065931076e-01  -2.720752192871848e+00  0
-7.477589777898555e-01  -2.628100241972349e+00  0
-1.217939113814643e+00  -2.445951488840458e+00  0
-1.646643793970709e+00  -2.180508790740867e+00  0
-2.019273994214165e+00  -1.840811480573397e+00  0
-2.323140240086799e+00  -1.438427542704150e+00  0
-2.547894730753149e+00  -9.870596799184882e-01  0
-2.685883721645006e+00  -5.020786835973269e-01  0
2.487443520041140e+00  -4.649837783713201e-01  0
2.359649522614077e+00  -9.141330920441977e-01  0
2.151500491341853e+00  -1.332152699692827e+00  0
1.870084691548952e+00  -1.704807445425256e+00  0
1.524985401280618e+00  -2.019407018266530e+00  0
1.127954562097187e+00  -2.265238107879008e+00  0
6.925125832785877e-01  -2.433929231005688e+00  0
2.334879193181798e-01  -2.519735813746273e+00  0
-2.334878970363088e-01  -2.519735815810992e+00  0
-6.925125643085215e-01  -2.433929236403138e+00  0
-1.127954546760421e+00  -2.265238115515810e+00  0
-1.524985389857887e+00  -2.019407026892576e+00  0
-1.870084684113601e+00  -1.704807453581446e+00  0
-2.151500487047067e+00  -1.332152706629146e+00  0
-2.359649520751980e+00  -9.141330968508216e-01  0
-2.487443519576576e+00  -4.649837808565153e-01  0
2.289003317935650e+00  -4.278888758287726e-01  0
2.171404312464251e+00  -8.412065093602638e-01  0
1.979860737959622e+00  -1.225877864170981e+00  0
1.720895380854661e+00  -1.568803419084595e+00  0
1.403326996254954e+00  -1.858305255107587e+00  0
1.037969993817731e+00  -2.084524735164456e+00  0
6.372661682821559e-01  -2.239758225867560e+00  0
2.148610079825206e-01  -2.318719436850254e+00  0
-2.148609874795094e-01  -2.318719438750138e+00  0
-6.372661508271871e-01  -2.239758230833927e+00  0
-1.037969979706200e+00  -2.084524742191163e+00  0
-1.403326985745065e+00  -1.858305263044286e+00  0
-1.720895374013039e+00  -1.568803426589497e+00  0
-1.979860734007336e+00  -1.225877870554142e+00  0
-2.171404310750813e+00  -8.412065137831553e-01  0
-2.289003317508148e+00  -4.278888781157039e-01  0
2.090563115830308e+00  -3.907939732862529e-01  0
1.983159102314565e+00  -7.682799266763847e-01  0
1.808220984577518e+00  -1.119603028649215e+00  0
1.571706070160481e+00  -1.432799392744037e+00  0
1.281668591229379e+00  -1.697203491948765e+00  0
9.479854255383401e-01  -1.903811362450039e+00  0
5.820197532857657e-01  -2.045587220729578e+00  0
1.962340966468754e-01  -2.117703059954386e+00  0
-1.962340779227242e-01  -2.117703061689434e+00  0
-5.820197373458950e-01  -2.045587225264862e+00  0
-9.479854126520466e-01  -1.903811368866651e+00  0
-1.281668581632334e+00  -1.697203499196117e+00  0
-1.571706063912587e+00  -1.432799399597649e+00  0
-1.808220980967733e+00  -1.119603034479218e+00  0
-1.983159100749787e+00  -7.682799307155439e-01  0
-2.090563115439869e+00  -3.907939753749204e-01  0
1.892122913725600e+00  -3.536990707438515e-01  0
1.794913892165481e+00  -6.953533439927381e-01  0
1.636581231195962e+00  -1.013328193127788e+00  0
1.422516759466777e+00  -1.296795366403912e+00  0
1.160010186204193e+00  -1.536101728790457e+00  0
8.580008572592368e-01  -1.723097989736200e+00  0
5.267733382895519e-01  -1.851416215592215e+00  0
1.776071853112899e-01  -1.916686683059158e+00  0
-1.776071683659988e-01  -1.916686684629371e+00  0
-5.267733238647786e-01  -1.851416219696417e+00  0
-8.580008455981801e-01  -1.723097995542716e+00  0
-1.160010177519991e+00  -1.536101735348462e+00  0
-1.422516753812612e+00  -1.296795372606236e+00  0
-1.636581227928678e+00  -1.013328198404633e+00  0
-1.794913890749360e+00  -6.953533476481649e-01  0
-1.892122913372222e+00  -3.536990726342551e-01  0
1.693682711620353e+00  -3.166041682013494e-01  0
1.606668682015886e+00  -6.224267613088934e-01  0
1.464941477813940e+00  -9.070533576060715e-01  0
1.273327448772668e+00  -1.160791340063418e+00  0
1.038351781178678e+00  -1.374999965631711e+00  0
7.680162889798896e-01  -1.542384617021869e+00  0
4.715269232931881e-01  -1.657245210454325e+00  0
1.589802739756535e-01  -1.715670306163385e+00  0
-1.589802588092227e-01  -1.715670307568762e+00  0
-4.715269103835131e-01  -1.657245214127444e+00  0
-7.680162785440695e-01  -1.542384622218290e+00  0
-1.038351773407318e+00  -1.374999971500369e+00  0
-1.273327443712232e+00  -1.160791345614452e+00  0
-1.464941474889156e+00  -9.070533623297594e-01  0
-1.606668680748424e+00  -6.224267645805880e-01  0
-1.693682711304037e+00  -3.166041698934891e-01  0
1.495242509515001e+00  -2.795092656588278e-01  0
1.418423471866191e+00  -5.495001786250109e-01  0
1.293301724431828e+00  -8.007785220843000e-01  0
1.124138138078481e+00  -1.024787313722854e+00  0
9.166933761530980e-01  -1.213898202472881e+00  0
6.780317207004952e-01  -1.361671244307444e+00  0
4.162805082967950e-01  -1.463074205316333e+00  0
1.403533626400074e-01  -1.514653929267507e+00  0
-1.403533492524367e-01  -1.514653930508049e+00  0
-4.162804969022179e-01  -1.463074208558369e+00  0
-6.780317114899115e-01  -1.361671248893770e+00  0
-9.166933692945811e-01  -1.213898207652192e+00  0
-1.124138133611774e+00  -1.024787318622598e+00  0
-1.293301721849546e+00  -8.007785262548303e-01  0
-1.418423470747388e+00  -5.495001815129729e-01  0
-1.495242509235748e+00  -2.795092671527038e-01  0
1.296802307409275e+00  -2.424143631162359e-01  0
1.230178261716139e+00  -4.765735959409897e-01  0
1.121661971049391e+00  -6.945036865623267e-01  0
9.749488273840119e-01  -8.887832873820305e-01  0
7.950349711272876e-01  -1.052796439313745e+00  0
5.880471524209299e-01  -1.180957871592676e+00  0
3.610340933002972e-01  -1.268903200177973e+00  0
1.217264513043260e-01  -1.313637552371248e+00  0
-1.217264396956156e-01  -1.313637553446953e+00  0
-3.610340834208180e-01  -1.268903202988927e+00  0
-5.880471444355833e-01  -1.180957875568906e+00  0
-7.950349651816139e-01  -1.052796443803710e+00  0
-9.749488235110326e-01  -8.887832916304858e-01  0
-1.121661968809609e+00  -6.945036901796993e-01  0
-1.230178260745996e+00  -4.765735984452194e-01  0
-1.296802307167083e+00  -2.424143644118480e-01  0
1.098362105303908e+00  -2.053194605737114e-01  0
1.041933051566430e+00  -4.036470132571011e-01  0
9.500222176672659e-01  -5.882288510405466e-01  0
8.257595166898127e-01  -7.527792610414544e-01  0
6.733765661016982e-01  -8.916946761549025e-01  0
4.980625841415282e-01  -1.000244498878236e+00  0
3.057876783038999e-01  -1.074732195039965e+00  0
1.030995399686785e-01  -1.112621175475354e+00  0
-1.030995301388283e-01  -1.112621176386223e+00  0
-3.057876699395184e-01  -1.074732197419836e+00  0
-4.980625773814182e-01  -1.000244502244371e+00  0
-6.733765610688673e-01  -8.916946799555199e-01  0
-8.257595134105622e-01  -7.527792646386207e-01  0
-9.500222157699842e-01  -5.882288541047614e-01  0
-1.041933050744945e+00  -4.036470153775984e-01  0
-1.098362105098778e+00  -2.053194616710597e-01  0
8.999219031986888e-01  -1.682245580312148e-01  0
8.536878414168616e-01  -3.307204305732673e-01  0
7.783824642852687e-01  -4.819540155188462e-01  0
6.765702059957254e-01  -6.167752347009806e-01  0
5.517181610761994e-01  -7.305929129961806e-01  0
4.080780158621940e-01  -8.195311261639321e-01  0
2.505412633075438e-01  -8.805611899021032e-01  0
8.447262863304483e-02  -9.116047985796100e-01  0
-8.447262058205479e-02  -9.116047993256442e-01  0
-2.505412564582603e-01  -8.805611918508923e-01  0
-4.080780103273204e-01  -8.195311289199717e-01  0
-5.517181569562117e-01  -7.305929161074509e-01  0
-6.765702033102036e-01  -6.167752376468575e-01  0
-7.783824627304879e-01  -4.819540180299034e-01  0
-8.536878407440354e-01  -3.307204323100321e-01  0
-8.999219030306210e-01  -1.682245589302991e-01  0
7.014817010934562e-01  -1.311296554887153e-01  0
6.654426312672792e-01  -2.577938478894279e-01  0
6.067427109032593e-01  -3.756791799971377e-01  0
5.273808953016269e-01  -4.807712083604964e-01  0
4.300597560506922e-01  -5.694911498374462e-01  0
3.180934475828530e-01  -6.388177534496142e-01  0
1.952948483111838e-01  -6.863901847642266e-01  0
6.584571729740984e-02  -7.105884216838513e-01  0
-6.584571102527997e-02  -7.105884222650498e-01  0
-1.952948429769983e-01  -6.863901862819332e-01  0
-3.180934432732160e-01  -6.388177555955586e-01  0
-4.300597528435475e-01  -5.694911522593695e-01  0
-5.273808932098341e-01  -4.807712106550840e-01  0
-6.067427096909792e-01  -3.756791819550372e-01  0
-6.654426307431118e-01  -2.577938492424603e-01  0
-7.014817009624501e-01  -1.311296561895358e-01  0
5.030414989887525e-01  -9.403475294631486e-02  0
4.771974211181995e-01  -1.848672652057832e-01  0
4.351029575217077e-01  -2.694043444757130e-01  0
3.781915846079271e-01  -3.447671820203754e-01  0
3.084013510255095e-01  -4.083893866791423e-01  0
2.281088793037522e-01  -4.581043807357792e-01  0
1.400484333149712e-01  -4.922191796268687e-01  0
4.721880596182457e-02  -5.095720447886295e-01  0
-4.721880146855492e-02  -5.095720452049923e-01  0
-1.400484294958836e-01  -4.922191807134927e-01  0
-2.281088762193517e-01  -4.581043822716281e-01  0
-3.084013487312078e-01  -4.083893884117186e-01  0
-3.781915831098627e-01  -3.447671836636738e-01  0
-4.351029566519283e-01  -2.694043458804549e-01  0
-4.771974207426906e-01  -1.848672661750833e-01  0
-5.030414988948085e-01  -9.403475344887156e-02  0
3.046012968830222e-01  -5.693985040372233e-02  0
2.889522109681454e-01  -1.119406825217609e-01  0
2.634632041392677e-01  -1.631295089537380e-01  0
2.290022739134549e-01  -2.087631556795501e-01  0
1.867429459996972e-01  -2.472876235200040e-01  0
1.381243110241856e-01  -2.773910080210081e-01  0
8.480201831847249e-02  -2.980481744885051e-01  0
2.859189462614282e-02  -3.085556678923667e-01  0
-2.859189191173332e-02  -3.085556681438937e-01  0
-8.480201601448295e-02  -2.980481751440466e-01  0
-1.381243091650218e-01  -2.773910089467617e-01  0
-1.867429446182384e-01  -2.472876245632332e-01  0
-2.290022730091191e-01  -2.087631566715592e-01  0
-2.634632036119892e-01  -1.631295098053223e-01  0
-2.889522107412953e-01  -1.119406831073286e-01  0
-3.046012968261402e-01  -5.693985070801519e-02  0
9.631290794006222e+00  1.800400279519412e+00  0
9.136477080761974e+00  3.539490087274395e+00  0
8.330531596448182e+00  5.158046805311194e+00  0
7.240899847708476e+00  6.600952425268486e+00  0
5.904687937898776e+00  7.819070525403595e+00  0
4.367398960697061e+00  8.770919555172352e+00  0
2.681383449627134e+00  9.424085436861670e+00  0
9.040566410779016e-01  9.756325389967552e+00  0
-9.040567273987392e-01  9.756325381968747e+00  0
-2.681383523140726e+00  9.424085415945253e+00  0
-4.367399020142344e+00  8.770919525572118e+00  0
-5.904687982183855e+00  7.819070491961057e+00  0
-7.240899876518059e+00  6.600952393665882e+00  0
-8.330531613072999e+00  5.158046778461201e+00  0
-9.136477087975784e+00  3.539490068653405e+00  0
-9.631290795805009e+00  1.800400269896718e+00  0
9.432850591939129e+00  1.763305376778850e+00  0
8.948231870762072e+00  3.466563504207220e+00  0
8.158891843409608e+00  5.051771969236906e+00  0
7.091710537608918e+00  6.464948398277452e+00  0
5.783029533786773e+00  7.657968761556391e+00  0
4.277414393643447e+00  8.590206181848924e+00  0
2.626137036146172e+00  9.229914431293770e+00  0
8.854297315212261e-01  9.555309012908051e+00  0
-8.854298160632066e-01  9.555309005074083e+00  0
-2.626137108144667e+00  9.229914410808432e+00  0
-4.277414451863494e+00  8.590206152858782e+00  0
-5.783029577159008e+00  7.657968728803199e+00  0
-7.091710565824771e+00  6.464948367326137e+00  0
-8.158891859691918e+00  5.051771942940070e+00  0
-8.948231877827228e+00  3.466563485969962e+00  0
-9.432850593700861e+00  1.763305367354420e+00  0
9.234410389872036e+00  1.726210474038288e+00  0
8.759986660762172e+00  3.393636921140044e+00  0
7.987252090371032e+00  4.945497133162618e+00  0
6.942521227509359e+00  6.328944371286418e+00  0
5.661371129674770e+00  7.496866997709184e+00  0
4.187429826589831e+00  8.409492808525492e+00  0
2.570890622665210e+00  9.035743425725864e+00  0
8.668028219645532e-01  9.354292635848550e+00  0
-8.668029047276709e-01  9.354292628179415e+00  0
-2.570890693148606e+00  9.035743405671610e+00  0
-4.187429883584644e+00  8.409492780145447e+00  0
-5.661371172134162e+00  7.496866965645339e+00  0
-6.942521255131483e+00  6.328944340986392e+00  0
-7.987252106310842e+00  4.945497107418939e+00  0
-8.759986667678664e+00  3.393636903286519e+00  0
-9.234410391596704e+00  1.726210464812122e+00  0
9.035970187804942e+00  1.689115571297727e+00  0
8.571741450762273e+00  3.320710338072869e+00  0
7.815612337332455e+00  4.839222297088330e+00  0
6.793331917409801e+00  6.192940344295383e+00  0
5.539712725562766e+00  7.335765233861980e+00  0
4.097445259536215e+00  8.228779435202060e+00  0
2.515644209184249e+00  8.841572420157961e+00  0
8.481759124078803e-01  9.153276258789049e+00  0
-8.481759933921378e-01  9.153276251284751e+00  0
-2.515644278152546e+00  8.841572400534790e+00  0
-4.097445315305791e+00  8.228779407432112e+00  0
-5.539712767109316e+00  7.335765202487481e+00  0
-6.793331944438196e+00  6.192940314646648e+00  0
-7.815612352929765e+00  4.839222271897809e+00  0
-8.571741457530109e+00  3.320710320603076e+00  0
-9.035970189492552e+00  1.689115562269825e+00  0
8.837529985737490e+00  1.652020668557097e+00  0
8.383496240762028e+00  3.247783755005560e+00  0
7.643972584293568e+00  4.732947461013847e+00  0
6.644142607309970e+00  6.056936317304101e+00  0
5.418054321450542e+00  7.174663470014480e+00  0
4.007460692482438e+00  8.048066061878298e+00  0
2.460397795703186e+00  8.647401414589703e+00  0
8.295490028511718e-01  8.952259881729178e+00  0
-8.295490820565701e-01  8.952259874389718e+00  0
-2.460397863156386e+00  8.647401395397614e+00  0
-4.007460747026775e+00  8.048066034718447e+00  0
-5.418054362084248e+00  7.174663439329328e+00  0
-6.644142633744635e+00  6.056936288306654e+00  0
-7.643972599548375e+00  4.732947436376485e+00  0
-8.383496247381206e+00  3.247783737919500e+00  0
-8.837529987388033e+00  1.652020659727459e+00  0
8.639089783670073e+00  1.614925765816476e+00  0
8.195251030761826e+00  3.174857171938267e+00  0
7.472332831254713e+00  4.626672624939387e+00  0
6.494953297210169e+00  5.920932290312848e+00  0
5.296395917338343e+00  7.013561706167015e+00  0
3.917476125428677e+00  7.867352688554578e+00  0
2.405151382222134e+00  8.453230409021486e+00  0
8.109220932944687e-01  8.751243504669354e+00  0
-8.109221707210064e-01  8.751243497494727e+00  0
-2.405151448160236e+00  8.453230390260480e+00  0
-3.917476178747776e+00  7.867352662004820e+00  0
-5.296395957059204e+00  7.013561676171210e+00  0
-6.494953323051108e+00  5.920932261966690e+00  0
-7.472332846167022e+00  4.626672600855183e+00  0
-8.195251037232342e+00  3.174857155235939e+00  0
-8.639089785283556e+00  1.614925757185101e+00  0
8.440649581603669e+00  1.577830863076042e+00  0
8.007005820762572e+00  3.101930588871343e+00  0
7.300693078216728e+00  4.520397788865465e+00  0
6.345763987111123e+00  5.784928263322281e+00  0
5.174737513226757e+00  6.852459942320362e+00  0
3.827491558375370e+00  7.686639315231768e+00  0
2.349904968741364e+00  8.259059403454250e+00  0
7.922951837378580e-01  8.550227127610542e+00  0
-7.922952593855368e-01  8.550227120600750e+00  0
-2.349905033164367e+00  8.259059385124326e+00  0
-3.827491610469234e+00  7.686639289292105e+00  0
-5.174737552034776e+00  6.852459913013906e+00  0
-6.345764012358335e+00  5.784928235627413e+00  0
-7.300693092786533e+00  4.520397765334416e+00  0
-8.007005827084431e+00  3.101930572552747e+00  0
-8.440649583180090e+00  1.577830854642931e+00  0
8.242209379536575e+00  1.540735960335480e+00  0
7.818760610762672e+00  3.029004005804167e+00  0
7.129053325178150e+00  4.414122952791177e+00  0
6.196574677011564e+00  5.648924236331247e+00  0
5.053079109114755e+00  6.691358178473157e+00  0
3.737506991321754e+00  7.505925941908338e+00  0
2.294658555260401e+00  8.064888397886346e+00  0
7.736682741811851e-01  8.349210750551041e+00  0
-7.736683480500024e-01  8.349210743706086e+00  0
-2.294658618168307e+00  8.064888379987504e+00  0
-3.737507042190385e+00  7.505925916578771e+00  0
-5.053079147009932e+00  6.691358149856048e+00  0
-6.196574701665047e+00  5.648924209287668e+00  0
-7.129053339405459e+00  4.414122929813286e+00  0
-7.818760616935871e+00  3.029003989869305e+00  0
-8.242209381075931e+00  1.540735952100633e+00  0
8.043769177469482e+00  1.503641057594918e+00  0
7.630515400762773e+00  2.956077422736993e+00  0
6.957413572139576e+00  4.307848116716888e+00  0
6.047385366912009e+00  5.512920209340214e+00  0
4.931420705002752e+00  6.530256414625952e+00  0
3.647522424268140e+00  7.325212568584908e+00  0
2.239412141779439e+00  7.870717392318444e+00  0
7.550413646245127e-01  8.148194373491540e+00  0
-7.550414367144689e-01  8.148194366811421e+00  0
-2.239412203172248e+00  7.870717374850685e+00  0
-3.647522473911531e+00  7.325212543865436e+00  0
-4.931420741985087e+00  6.530256386698190e+00  0
-6.047385390971760e+00  5.512920182947924e+00  0
-6.957413586024384e+00  4.307848094292155e+00  0
-7.630515406787314e+00  2.956077407185862e+00  0
-8.043769178971779e+00  1.503641049558335e+00  0
7.845328975402389e+00  1.466546154854357e+00  0
7.442270190762871e+00  2.883150839669816e+00  0
6.785773819101000e+00  4.201573280642599e+00  0
5.898196056812448e+00  5.376916182349179e+00  0
4.809762300890748e+00  6.369154650778746e+00  0
3.557537857214525e+00  7.144499195261476e+00  0
2.184165728298478e+00  7.676546386750539e+00  0
7.364144550678393e-01  7.947177996432037e+00  0
-7.364145253789358e-01  7.947177989916754e+00  0
-2.184165788176189e+00  7.676546369713863e+00  0
-3.557537905632679e+00  7.144499171152099e+00  0
-4.809762336960238e+00  6.369154623540330e+00  0
-5.898196080278471e+00  5.376916156608178e+00  0
-6.785773832643307e+00  4.201573258771024e+00  0
-7.442270196638753e+00  2.883150824502418e+00  0
-7.845328976867624e+00  1.466546147016037e+00  0
7.646888773335298e+00  1.429451252113795e+00  0
7.254024980762972e+00  2.810224256602642e+00  0
6.614134066062425e+00  4.095298444568312e+00  0
5.749006746712890e+00  5.240912155358146e+00  0
4.688103896778745e+00  6.208052886931542e+00  0
3.467553290160912e+00  6.963785821938046e+00  0
2.128919314817515e+00  7.482375381182638e+00  0
7.177875455111646e-01  7.746161619372537e+00  0
-7.177876140434019e-01  7.746161613022090e+00  0
-2.128919373180129e+00  7.482375364577044e+00  0
-3.467553337353830e+00  6.963785798438765e+00  0
-4.688103931935393e+00  6.208052860382473e+00  0
-5.749006769585186e+00  5.240912130268435e+00  0
-6.614134079262230e+00  4.095298423249894e+00  0
-7.254024986490195e+00  2.810224241818976e+00  0
-7.646888774763472e+00  1.429451244473740e+00  0
7.448448571268205e+00  1.392356349373234e+00  0
7.065779770763070e+00  2.737297673535466e+00  0
6.442494313023850e+00  3.989023608494024e+00  0
5.599817436613331e+00  5.104908128367112e+00  0
4.566445492666741e+00  6.046951123084336e+00  0
3.377568723107294e+00  6.783072448614616e+00  0
2.073672901336553e+00  7.288204375614734e+00  0
6.991606359544917e-01  7.545145242313035e+00  0
-6.991607027078679e-01  7.545145236127424e+00  0
-2.073672958184069e+00  7.288204359440223e+00  0
-3.377568769074977e+00  6.783072425725430e+00  0
-4.566445526910547e+00  6.046951097224614e+00  0
-5.599817458891899e+00  5.104908103928690e+00  0
-6.442494325881153e+00  3.989023587728763e+00  0
-7.065779776341636e+00  2.737297659135533e+00  0
-7.448448572659316e+00  1.392356341931442e+00  0
7.250008369201113e+00  1.355261446632672e+00  0
6.877534560763173e+00  2.664371090468291e+00  0
6.270854559985274e+00  3.882748772419735e+00  0
5.450628126513774e+00  4.968904101376078e+00  0
4.444787088554740e+00  5.885849359237131e+00  0
3.287584156053679e+00  6.602359075291186e+00  0
2.018426487855592e+00  7.094033370046829e+00  0
6.805337263978184e-01  7.344128865253533e+00  0
-6.805337913723348e-01  7.344128859232757e+00  0
-2.018426543188009e+00  7.094033354303401e+00  0
-3.287584200796124e+00  6.602359053012094e+00  0
-4.444787121885701e+00  5.885849334066756e+00  0
-5.450628148198610e+00  4.968904077588944e+00  0
-6.270854572500077e+00  3.882748752207632e+00  0
-6.877534566193074e+00  2.664371076452090e+00  0
-7.250008370555162e+00  1.355261439389144e+00  0
7.051568167134022e+00  1.318166543892110e+00  0
6.689289350763270e+00  2.591444507401116e+00  0
6.099214806946698e+00  3.776473936345447e+00  0
5.301438816414213e+00  4.832900074385043e+00  0
4.323128684442737e+00  5.724747595389926e+00  0
3.197599589000065e+00  6.421645701967755e+00  0
1.963180074374629e+00  6.899862364478928e+00  0
6.619068168411451e-01  7.143112488194033e+00  0
-6.619068800368009e-01  7.143112482338092e+00  0
-1.963180128191949e+00  6.899862349166581e+00  0
-3.197599632517272e+00  6.421645680298760e+00  0
-4.323128716860857e+00  5.724747570908898e+00  0
-5.301438837505323e+00  4.832900051249200e+00  0
-6.099214819119003e+00  3.776473916686502e+00  0
-6.689289356044519e+00  2.591444493768647e+00  0
-7.051568168451010e+00  1.318166536846846e+00  0
6.853127965066929e+00  1.281071641151548e+00  0
6.501044140763370e+00  2.518517924333940e+00  0
5.927575053908121e+00  3.670199100271157e+00  0
5.152249506314654e+00  4.696896047394008e+00  0
4.201470280330733e+00  5.563645831542719e+00  0
3.107615021946448e+00  6.240932328644323e+00  0
1.907933660893668e+00  6.705691358911023e+00  0
6.432799072844699e-01  6.942096111134529e+00  0
-6.432799687012669e-01  6.942096105443425e+00  0
-1.907933713195889e+00  6.705691344029758e+00  0
-3.107615064238421e+00  6.240932307585423e+00  0
-4.201470311836010e+00  5.563645807751039e+00  0
-5.152249526812036e+00  4.696896024909454e+00  0
-5.927575065737923e+00  3.670199081165371e+00  0
-6.501044145895958e+00  2.518517911085204e+00  0
-6.853127966346853e+00  1.281071634304549e+00  0
6.654687762999836e+00  1.243976738410987e+00  0
6.312798930763471e+00  2.445591341266765e+00  0
5.755935300869545e+00  3.563924264196870e+00  0
5.003060196215097e+00  4.560892020402975e+00  0
4.079811876218731e+00  5.402544067695514e+00  0
3.017630454892834e+00  6.060218955320892e+00  0
1.852687247412705e+00  6.511520353343119e+00  0
6.246529977277975e-01  6.741079734075028e+00  0
-6.246530573657330e-01  6.741079728548759e+00  0
-1.852687298199829e+00  6.511520338892939e+00  0
-3.017630495959569e+00  6.060218934872088e+00  0
-4.079811906811163e+00  5.402544044593180e+00  0
-5.003060216118750e+00  4.560891998569709e+00  0
-5.755935312356845e+00  3.563924245644240e+00  0
-6.312798935747399e+00  2.445591328401761e+00  0
-6.654687764242700e+00  1.243976731762251e+00  0
6.456247560932744e+00  1.206881835670425e+00  0
6.124553720763571e+00  2.372664758199590e+00  0
5.584295547830969e+00  3.457649428122582e+00  0
4.853870886115539e+00  4.424887993411941e+00  0
3.958153472106726e+00  5.241442303848309e+00  0
2.927645887839218e+00  5.879505581997463e+00  0
1.797440833931744e+00  6.317349347775217e+00  0
6.060260881711232e-01  6.540063357015528e+00  0
-6.060261460301994e-01  6.540063351654094e+00  0
-1.797440883203770e+00  6.317349333756118e+00  0
-2.927645927680716e+00  5.879505562158753e+00  0
-3.958153501786317e+00  5.241442281435322e+00  0
-4.853870905425463e+00  4.424887972229965e+00  0
-5.584295558975770e+00  3.457649410123110e+00  0
-6.124553725598839e+00  2.372664745718319e+00  0
-6.456247562138545e+00  1.206881829219953e+00  0
6.257807358865650e+00  1.169786932929864e+00  0
5.936308510763670e+00  2.299738175132415e+00  0
5.412655794792395e+00  3.351374592048293e+00  0
4.704681576015981e+00  4.288883966420907e+00  0
3.836495067994726e+00  5.080340540001103e+00  0
2.837661320785603e+00  5.698792208674032e+00  0
1.742194420450781e+00  6.123178342207312e+00  0
5.873991786144503e-01  6.339046979956026e+00  0
-5.873992346946650e-01  6.339046974759428e+00  0
-1.742194468207710e+00  6.123178328619296e+00  0
-2.837661359401865e+00  5.698792189445418e+00  0
-3.836495096761471e+00  5.080340518277463e+00  0
-4.704681594732175e+00  4.288883945890220e+00  0
-5.412655805594695e+00  3.351374574601979e+00  0
-5.936308515450280e+00  2.299738163034875e+00  0
-6.257807360034390e+00  1.169786926677655e+00  0
6.059367156798557e+00  1.132692030189302e+00  0
5.748063300763770e+00  2.226811592065240e+00  0
5.241016041753818e+00  3.245099755974005e+00  0
4.555492265916421e+00  4.152879939429872e+00  0
3.714836663882721e+00  4.919238776153898e+00  0
2.747676753731989e+00  5.518078835350601e+00  0
1.686948006969820e+00  5.929007336639410e+00  0
5.687722690577766e-01  6.138030602896524e+00  0
-5.687723233591311e-01  6.138030597864763e+00  0
-1.686948053211650e+00  5.929007323482476e+00  0
-2.747676791123013e+00  5.518078816732083e+00  0
-3.714836691736626e+00  4.919238755119605e+00  0
-4.555492284038888e+00  4.152879919550475e+00  0
-5.241016052213618e+00  3.245099739080849e+00  0
-5.748063305301724e+00  2.226811580351433e+00  0
-6.059367157930237e+00  1.132692024135357e+00  0
5.860926954731467e+00  1.095597127448740e+00  0
5.559818090763867e+00  2.153885008998064e+00  0
5.069376288715242e+00  3.138824919899716e+00  0
4.406302955816862e+00  4.016875912438838e+00  0
3.593178259770719e+00  4.758137012306693e+00  0
2.657692186678371e+00  5.337365462027170e+00  0
1.631701593488859e+00  5.734836331071506e+00  0
5.501453595011032e-01  5.937014225837023e+00  0
-5.501454120235980e-01  5.937014220970097e+00  0
-1.631701638215590e+00  5.734836318345654e+00  0
-2.657692222844162e+00  5.337365444018747e+00  0
-3.593178286711780e+00  4.758136991961748e+00  0
-4.406302973345602e+00  4.016875893210731e+00  0
-5.069376298832540e+00  3.138824903559718e+00  0
-5.559818095153164e+00  2.153884997667989e+00  0
-5.860926955826081e+00  1.095597121593060e+00  0
5.662486752664374e+00  1.058502224708179e+00  0
5.371572880763970e+00  2.080958425930889e+00  0
4.897736535676667e+00  3.032550083825428e+00  0
4.257113645717307e+00  3.880871885447805e+00  0
3.471519855658715e+00  4.597035248459488e+00  0
2.567707619624758e+00  5.156652088703740e+00  0
1.576455180007897e+00  5.540665325503603e+00  0
5.315184499444294e-01  5.735997848777522e+00  0
-5.315185006880641e-01  5.735997844075431e+00  0
-1.576455223219530e+00  5.540665313208835e+00  0
-2.567707654565309e+00  5.156652071305412e+00  0
-3.471519881686933e+00  4.597035228803890e+00  0
-4.257113662652314e+00  3.880871866870987e+00  0
-4.897736545451465e+00  3.032550068038587e+00  0
-5.371572885004604e+00  2.080958414984547e+00  0
-5.662486753721928e+00  1.058502219050762e+00  0
5.464046550597284e+00  1.021407321967617e+00  0
5.183327670764070e+00  2.008031842863714e+00  0
4.726096782638091e+00  2.926275247751140e+00  0
4.107924335617746e+00  3.744867858456772e+00  0
3.349861451546713e+00  4.435933484612283e+00  0
2.477723052571143e+00  4.975938715380311e+00  0
1.521208766526935e+00  5.346494319935700e+00  0
5.128915403877561e-01  5.534981471718021e+00  0
-5.128915893525297e-01  5.534981467180766e+00  0
-1.521208808223470e+00  5.346494308072014e+00  0
-2.477723086286457e+00  4.975938698592078e+00  0
-3.349861476662088e+00  4.435933465646031e+00  0
-4.107924351959026e+00  3.744867840531242e+00  0
-4.726096792070388e+00  2.926275232517457e+00  0
-5.183327674856047e+00  2.008031832301104e+00  0
-5.464046551617775e+00  1.021407316508464e+00  0
5.265606348530190e+00  9.843124192270554e-01  0
4.995082460764168e+00  1.935105259796538e+00  0
4.554457029599515e+00  2.820000411676852e+00  0
3.958735025518188e+00  3.608863831465737e+00  0
3.228203047434709e+00  4.274831720765077e+00  0
2.387738485517529e+00  4.795225342056880e+00  0
1.465962353045974e+00  5.152323314367797e+00  0
4.942646308310823e-01  5.333965094658519e+00  0
-4.942646780169970e-01  5.333965090286100e+00  0
-1.465962393227412e+00  5.152323302935192e+00  0
-2.387738518007606e+00  4.795225325878742e+00  0
-3.228203071637242e+00  4.274831702488172e+00  0
-3.958735041265739e+00  3.608863814191497e+00  0
-4.554457038689310e+00  2.820000396996326e+00  0
-4.995082464707488e+00  1.935105249617661e+00  0
-5.265606349513620e+00  9.843124139661662e-01  0
5.067166146463098e+00  9.472175164864935e-01  0
4.806837250764270e+00  1.862178676729363e+00  0
4.382817276560941e+00  2.713725575602563e+00  0
3.809545715418628e+00  3.472859804474703e+00  0
3.106544643322705e+00  4.113729956917871e+00  0
2.297753918463912e+00  4.614511968733448e+00  0
1.410715939565012e+00  4.958152308799893e+00  0
4.756377212744085e-01  5.132948717599017e+00  0
-4.756377666814628e-01  5.132948713391434e+00  0
-1.410715978231351e+00  4.958152297798371e+00  0
-2.297753949728754e+00  4.614511953165406e+00  0
-3.106544666612396e+00  4.113729939330313e+00  0
-3.809545730572451e+00  3.472859787851752e+00  0
-4.382817285308234e+00  2.713725561475195e+00  0
-4.806837254558929e+00  1.862178666934218e+00  0
-5.067166147409464e+00  9.472175114238683e-01  0
4.868725944395335e+00  9.101226137458071e-01  0
4.618592040763733e+00  1.789252093661942e+00  0
4.211177523521785e+00  2.607450739527917e+00  0
3.660356405318570e+00  3.336855777483211e+00  0
2.984886239210293e+00  3.952628193070124e+00  0
2.207769351409994e+00  4.433798595409409e+00  0
1.355469526083864e+00  4.763981303231336e+00  0
4.570108117176721e-01  4.931932340538840e+00  0
-4.570108553458665e-01  4.931932336496091e+00  0
-1.355469563235105e+00  4.763981292660898e+00  0
-2.207769381449600e+00  4.433798580451463e+00  0
-2.984886261587140e+00  3.952628176171914e+00  0
-3.660356419878663e+00  3.336855761511550e+00  0
-4.211177531926580e+00  2.607450725953707e+00  0
-4.618592044409734e+00  1.789252084250530e+00  0
-4.868725945304644e+00  9.101226088814457e-01  0
4.670285742326908e+00  8.730277110049955e-01  0
4.430346830762566e+00  1.716325510594276e+00  0
4.039537770482054e+00  2.501175903452913e+00  0
3.511167095218004e+00  3.200851750491261e+00  0
2.863227835097470e+00  3.791526429221833e+00  0
2.117784784355773e+00  4.253085222084762e+00  0
1.300223112602529e+00  4.569810297662125e+00  0
4.383839021608731e-01  4.730915963477984e+00  0
-4.383839440102077e-01  4.730915959600072e+00  0
-1.300223148238673e+00  4.569810287522768e+00  0
-2.117784813170141e+00  4.253085207736911e+00  0
-2.863227856561474e+00  3.791526413012970e+00  0
-3.511167109184370e+00  3.200851735170888e+00  0
-4.039537778544348e+00  2.501175890431860e+00  0
-4.430346834259907e+00  1.716325501566595e+00  0
-4.670285743199154e+00  8.730277063388979e-01  0
4.471845540258739e+00  8.359328082642328e-01  0
4.242101620761645e+00  1.643398927526705e+00  0
3.867898017442547e+00  2.394901067378048e+00  0
3.361977785117636e+00  3.064847723499490e+00  0
2.741569430984808e+00  3.630424665373754e+00  0
2.027800217301670e+00  4.072371848760352e+00  0
1.244976699121268e+00  4.375639292093169e+00  0
4.197569926040985e-01  4.529899586417393e+00  0
-4.197570326745730e-01  4.529899582704316e+00  0
-1.244976733242314e+00  4.375639282384895e+00  0
-2.027800244890802e+00  4.072371835022595e+00  0
-2.741569451535969e+00  3.630424649854238e+00  0
-3.361977798490274e+00  3.064847708830407e+00  0
-3.867898025162340e+00  2.394901054910153e+00  0
-4.242101624110330e+00  1.643398918882757e+00  0
-4.471845541093924e+00  8.359328037963991e-01  0
4.273405338190757e+00  7.988379055235045e-01  0
4.053856410760899e+00  1.570472344459202e+00  0
3.696258264403200e+00  2.288626231303283e+00  0
3.212788475017409e+00  2.928843696507845e+00  0
2.619911026872260e+00  3.469322901525826e+00  0
1.937815650247650e+00  3.891658475436109e+00  0
1.189730285640058e+00  4.181468286524394e+00  0
4.011300830473421e-01  4.328883209356989e+00  0
-4.011301213389555e-01  4.328883205808747e+00  0
-1.189730318246007e+00  4.181468277247202e+00  0
-1.937815676611547e+00  3.891658462308448e+00  0
-2.619911046510577e+00  3.469322886695656e+00  0
-3.212788487796317e+00  2.928843682490051e+00  0
-3.696258271780492e+00  2.288626219388546e+00  0
-4.053856413960925e+00  1.570472336198987e+00  0
-4.273405338988877e+00  7.988379012539347e-01  0
4.074965136122772e+00  7.617430027827764e-01  0
3.865611200760155e+00  1.497545761391700e+00  0
3.524618511363854e+00  2.182351395228517e+00  0
3.063599164917180e+00  2.792839669516200e+00  0
2.498252622759709e+00  3.308221137677897e+00  0
1.847831083193631e+00  3.710945102111867e+00  0
1.134483872158849e+00  3.987297280955619e+00  0
3.825031734905853e-01  4.127866832296584e+00  0
-3.825032100033379e-01  4.127866828913179e+00  0
-1.134483903249699e+00  3.987297272109509e+00  0
-1.847831108332290e+00  3.710945089594302e+00  0
-2.498252641485184e+00  3.308221123537074e+00  0
-3.063599177102360e+00  2.792839656149695e+00  0
-3.524618518398645e+00  2.182351383866938e+00  0
-3.865611203811520e+00  1.497545753515217e+00  0
-4.074965136883831e+00  7.617429987114703e-01  0
3.876524934054384e+00  7.246481000419727e-01  0
3.677365990759025e+00  1.424619178324048e+00  0
3.352978758324157e+00  2.076076559153536e+00  0
2.914409854816648e+00  2.656835642524279e+00  0
2.376594218646912e+00  3.147119373829641e+00  0
1.757846516139429e+00  3.530231728787258e+00  0
1.079237458677526e+00  3.793126275386448e+00  0
3.638762639337898e-01  3.926850455235771e+00  0
-3.638762986676822e-01  3.926850452017201e+00  0
-1.079237488253278e+00  3.793126266971421e+00  0
-1.757846540052852e+00  3.530231716879787e+00  0
-2.376594236459545e+00  3.147119360378165e+00  0
-2.914409866408099e+00  2.656835629809063e+00  0
-3.352978765016449e+00  2.076076548345114e+00  0
-3.677365993661733e+00  1.424619170831298e+00  0
-3.876524934778382e+00  7.246480961689306e-01  0
3.678084731985957e+00  6.875531973011610e-01  0
3.489120780757857e+00  1.351692595256382e+00  0
3.181339005284426e+00  1.969801723078531e+00  0
2.765220544716084e+00  2.520831615532328e+00  0
2.254935814534090e+00  2.986017609981350e+00  0
1.667861949085207e+00  3.349518355462609e+00  0
1.023991045196193e+00  3.598955269817236e+00  0
3.452493543769903e-01  3.725834078174915e+00  0
-3.452493873320228e-01  3.725834075121182e+00  0
-1.023991073256846e+00  3.598955261833293e+00  0
-1.667861971773394e+00  3.349518344165235e+00  0
-2.254935831433879e+00  2.986017597219221e+00  0
-2.765220555713807e+00  2.520831603468402e+00  0
-3.181339011634216e+00  1.969801712823267e+00  0
-3.489120783511905e+00  1.351692588147363e+00  0
-3.678084732672891e+00  6.875531936263828e-01  0
3.479644529917527e+00  6.504582945603498e-01  0
3.300875570756689e+00  1.278766012188715e+00  0
3.009699252244695e+00  1.863526887003528e+00  0
2.616031234615521e+00  2.384827588540379e+00  0
2.133277410421268e+00  2.824915846133060e+00  0
1.577877382030987e+00  3.168804982137962e+00  0
9.687446317148589e-01  3.404784264248026e+00  0
3.266224448201913e-01  3.524817701114061e+00  0
-3.266224759963641e-01  3.524817698225163e+00  0
-9.687446582604147e-01  3.404784256695164e+00  0
-1.577877403493936e+00  3.168804971450683e+00  0
-2.133277426408213e+00  2.824915834060278e+00  0
-2.616031245019515e+00  2.384827577127742e+00  0
-3.009699258251984e+00  1.863526877301421e+00  0
-3.300875573362079e+00  1.278766005463430e+00  0
-3.479644530567401e+00  6.504582910838353e-01  0
3.281204327849474e+00  6.133633918196084e-01  0
3.112630360755877e+00  1.205839429121187e+00  0
2.838059499205287e+00  1.757252050928725e+00  0
2.466841924515240e+00  2.248823561548686e+00  0
2.011619006308675e+00  2.663814082285074e+00  0
1.487892814976936e+00  2.988091608813656e+00  0
9.134982182336291e-01  3.210613258679182e+00  0
3.079955352634278e-01  3.323801324053586e+00  0
-3.079955646607400e-01  3.323801321329523e+00  0
-9.134982432640875e-01  3.210613251557403e+00  0
-1.487892835214648e+00  2.988091598736472e+00  0
-2.011619021382778e+00  2.663814070901640e+00  0
-2.466841934325506e+00  2.248823550787338e+00  0
-2.838059504870076e+00  1.757252041779775e+00  0
-3.112630363212608e+00  1.205839422779633e+00  0
-3.281204328462286e+00  6.133633885413577e-01  0
3.082764125781492e+00  5.762684890788802e-01  0
2.924385150755132e+00  1.132912846053684e+00  0
2.666419746165940e+00  1.650977214853959e+00  0
2.317652614415011e+00  2.112819534557041e+00  0
1.889960602196126e+00  2.502712318437145e+00  0
1.397908247922915e+00  2.807378235489414e+00  0
8.582518047524190e-01  3.016442253110406e+00  0
2.893686257066708e-01  3.122784946993181e+00  0
-2.893686533251223e-01  3.122784944433954e+00  0
-8.582518282677798e-01  3.016442246419710e+00  0
-1.397908266935393e+00  2.807378226022326e+00  0
-1.889960616357386e+00  2.502712307743058e+00  0
-2.317652623631549e+00  2.112819524446983e+00  0
-2.666419751488228e+00  1.650977206258168e+00  0
-2.924385153063204e+00  1.132912840095863e+00  0
-3.082764126357240e+00  5.762684859988934e-01  0
2.884323923713437e+00  5.391735863381384e-01  0
2.736139940754318e+00  1.059986262986155e+00  0
2.494779993126532e+00  1.544702378779155e+00  0
2.168463304314729e+00  1.976815507565347e+00  0
1.768302198083533e+00  2.341610554589157e+00  0
1.307923680868864e+00  2.626664862165106e+00  0
8.030053912711890e-01  2.822271247541561e+00  0
2.707417161499062e-01  2.921768569932704e+00  0
-2.707417419894977e-01  2.921768567538313e+00  0
-8.030054132714521e-01  2.822271241281947e+00  0
-1.307923698656104e+00  2.626664853308113e+00  0
-1.768302211331950e+00  2.341610544584417e+00  0
-2.168463312937537e+00  1.976815498106578e+00  0
-2.494779998106320e+00  1.544702370736521e+00  0
-2.736139942913732e+00  1.059986257412066e+00  0
-2.884323924252122e+00  5.391735834564155e-01  0
2.685883721645006e+00  5.020786835973269e-01  0
2.547894730753149e+00  9.870596799184882e-01  0
2.323140240086798e+00  1.438427542704150e+00  0
2.019273994214166e+00  1.840811480573397e+00  0
1.646643793970709e+00  2.180508790740867e+00  0
1.217939113814643e+00  2.445951488840458e+00  0
7.477589777898555e-01  2.628100241972349e+00  0
2.521148065931074e-01  2.720752192871848e+00  0
-2.521148306538390e-01  2.720752190642293e+00  0
-7.477589982750195e-01  2.628100236143818e+00  0
-1.217939130376646e+00  2.445951480593560e+00  0
-1.646643806306284e+00  2.180508781425473e+00  0
-2.019274002243244e+00  1.840811471765917e+00  0
-2.323140244724086e+00  1.438427535214674e+00  0
-2.547894732763904e+00  9.870596747281318e-01  0
-2.685883722146631e+00  5.020786809138678e-01  0
2.487443519576575e+00  4.649837808565153e-01  0
2.359649520751979e+00  9.141330968508216e-01  0
2.151500487047066e+00  1.332152706629146e+00  0
1.870084684113602e+00  1.704807453581446e+00  0
1.524985389857887e+00  2.019407026892576e+00  0
1.127954546760421e+00  2.265238115515810e+00  0
6.925125643085215e-01  2.433929236403138e+00  0
2.334878970363086e-01  2.519735815810992e+00  0
-2.334879193181800e-01  2.519735813746273e+00  0
-6.925125832785881e-01  2.433929231005688e+00  0
-1.127954562097188e+00  2.265238107879008e+00  0
-1.524985401280618e+00  2.019407018266530e+00  0
-1.870084691548952e+00  1.704807445425256e+00  0
-2.151500491341852e+00  1.332152699692827e+00  0
-2.359649522614077e+00  9.141330920441977e-01  0
-2.487443520041140e+00  4.649837783713201e-01  0
2.289003317508149e+00  4.278888781157039e-01  0
2.171404310750813e+00  8.412065137831553e-01  0
1.979860734007336e+00  1.225877870554142e+00  0
1.720895374013039e+00  1.568803426589497e+00  0
1.403326985745065e+00  1.858305263044286e+00  0
1.037969979706200e+00  2.084524742191163e+00  0
6.372661508271871e-01  2.239758230833927e+00  0
2.148609874795093e-01  2.318719438750138e+00  0
-2.148610079825208e-01  2.318719436850254e+00  0
-6.372661682821564e-01  2.239758225867560e+00  0
-1.037969993817730e+00  2.084524735164456e+00  0
-1.403326996254953e+00  1.858305255107587e+00  0
-1.720895380854661e+00  1.568803419084595e+00  0
-1.979860737959621e+00  1.225877864170981e+00  0
-2.171404312464251e+00  8.412065093602638e-01  0
-2.289003317935649e+00  4.278888758287726e-01  0
2.090563115439869e+00  3.907939753749204e-01  0
1.983159100749786e+00  7.682799307155439e-01  0
1.808220980967733e+00  1.119603034479218e+00  0
1.571706063912588e+00  1.432799399597649e+00  0
1.281668581632334e+00  1.697203499196117e+00  0
9.479854126520471e-01  1.903811368866651e+00  0
5.820197373458951e-01  2.045587225264862e+00  0
1.962340779227247e-01  2.117703061689434e+00  0
-1.962340966468754e-01  2.117703059954386e+00  0
-5.820197532857661e-01  2.045587220729578e+00  0
-9.479854255383401e-01  1.903811362450039e+00  0
-1.281668591229380e+00  1.697203491948765e+00  0
-1.571706070160481e+00  1.432799392744037e+00  0
-1.808220984577518e+00  1.119603028649215e+00  0
-1.983159102314565e+00  7.682799266763847e-01  0
-2.090563115830308e+00  3.907939732862529e-01  0
1.892122913372223e+00  3.536990726342551e-01  0
1.794913890749360e+00  6.953533476481649e-01  0
1.636581227928677e+00  1.013328198404633e+00  0
1.422516753812612e+00  1.296795372606236e+00  0
1.160010177519991e+00  1.536101735348462e+00  0
8.580008455981801e-01  1.723097995542716e+00  0
5.267733238647787e-01  1.851416219696417e+00  0
1.776071683659988e-01  1.916686684629371e+00  0
-1.776071853112898e-01  1.916686683059158e+00  0
-5.267733382895521e-01  1.851416215592215e+00  0
-8.580008572592368e-01  1.723097989736200e+00  0
-1.160010186204194e+00  1.536101728790457e+00  0
-1.422516759466777e+00  1.296795366403912e+00  0
-1.636581231195962e+00  1.013328193127788e+00  0
-1.794913892165480e+00  6.953533439927381e-01  0
-1.892122913725600e+00  3.536990707438515e-01  0
1.693682711304038e+00  3.166041698934891e-01  0
1.606668680748424e+00  6.224267645805880e-01  0
1.464941474889156e+00  9.070533623297594e-01  0
1.273327443712232e+00  1.160791345614452e+00  0
1.038351773407318e+00  1.374999971500369e+00  0
7.680162785440696e-01  1.542384622218290e+00  0
4.715269103835128e-01  1.657245214127444e+00  0
1.589802588092228e-01  1.715670307568762e+00  0
-1.589802739756536e-01  1.715670306163385e+00  0
-4.715269232931878e-01  1.657245210454325e+00  0
-7.680162889798897e-01  1.542384617021869e+00  0
-1.038351781178678e+00  1.374999965631711e+00  0
-1.273327448772668e+00  1.160791340063418e+00  0
-1.464941477813940e+00  9.070533576060715e-01  0
-1.606668682015886e+00  6.224267613088934e-01  0
-1.693682711620353e+00  3.166041682013494e-01  0
1.495242509235748e+00  2.795092671527038e-01  0
1.418423470747388e+00  5.495001815129729e-01  0
1.293301721849546e+00  8.007785262548303e-01  0
1.124138133611774e+00  1.024787318622598e+00  0
9.166933692945813e-01  1.213898207652192e+00  0
6.780317114899115e-01  1.361671248893770e+00  0
4.162804969022177e-01  1.463074208558369e+00  0
1.403533492524368e-01  1.514653930508049e+00  0
-1.403533626400075e-01  1.514653929267507e+00  0
-4.162805082967947e-01  1.463074205316333e+00  0
-6.780317207004951e-01  1.361671244307444e+00  0
-9.166933761530980e-01  1.213898202472881e+00  0
-1.124138138078481e+00  1.024787313722854e+00  0
-1.293301724431828e+00  8.007785220843000e-01  0
-1.418423471866191e+00  5.495001786250109e-01  0
-1.495242509515001e+00  2.795092656588278e-01  0
1.296802307167083e+00  2.424143644118480e-01  0
1.230178260745996e+00  4.765735984452194e-01  0
1.121661968809609e+00  6.945036901796993e-01  0
9.749488235110326e-01  8.887832916304858e-01  0
7.950349651816137e-01  1.052796443803710e+00  0
5.880471444355833e-01  1.180957875568906e+00  0
3.610340834208180e-01  1.268903202988927e+00  0
1.217264396956157e-01  1.313637553446953e+00  0
-1.217264513043261e-01  1.313637552371248e+00  0
-3.610340933002974e-01  1.268903200177973e+00  0
-5.880471524209302e-01  1.180957871592676e+00  0
-7.950349711272877e-01  1.052796439313745e+00  0
-9.749488273840117e-01  8.887832873820305e-01  0
-1.121661971049392e+00  6.945036865623267e-01  0
-1.230178261716139e+00  4.765735959409897e-01  0
-1.296802307409275e+00  2.424143631162359e-01  0
1.098362105098778e+00  2.053194616710597e-01  0
1.041933050744945e+00  4.036470153775984e-01  0
9.500222157699844e-01  5.882288541047614e-01  0
8.257595134105623e-01  7.527792646386207e-01  0
6.733765610688671e-01  8.916946799555199e-01  0
4.980625773814178e-01  1.000244502244371e+00  0
3.057876699395184e-01  1.074732197419836e+00  0
1.030995301388282e-01  1.112621176386223e+00  0
-1.030995399686785e-01  1.112621175475354e+00  0
-3.057876783038997e-01  1.074732195039965e+00  0
-4.980625841415282e-01  1.000244498878236e+00  0
-6.733765661016980e-01  8.916946761549025e-01  0
-8.257595166898125e-01  7.527792610414544e-01  0
-9.500222176672660e-01  5.882288510405466e-01  0
-1.041933051566430e+00  4.036470132571011e-01  0
-1.098362105303907e+00  2.053194605737114e-01  0
8.999219030306210e-01  1.682245589302991e-01  0
8.536878407440350e-01  3.307204323100321e-01  0
7.783824627304879e-01  4.819540180299034e-01  0
6.765702033102033e-01  6.167752376468575e-01  0
5.517181569562118e-01  7.305929161074509e-01  0
4.080780103273202e-01  8.195311289199717e-01  0
2.505412564582604e-01  8.805611918508923e-01  0
8.447262058205474e-02  9.116047993256442e-01  0
-8.447262863304483e-02  9.116047985796100e-01  0
-2.505412633075437e-01  8.805611899021032e-01  0
-4.080780158621938e-01  8.195311261639321e-01  0
-5.517181610761994e-01  7.305929129961806e-01  0
-6.765702059957254e-01  6.167752347009806e-01  0
-7.783824642852687e-01  4.819540155188462e-01  0
-8.536878414168618e-01  3.307204305732673e-01  0
-8.999219031986887e-01  1.682245580312148e-01  0
7.014817009624501e-01  1.311296561895358e-01  0
6.654426307431121e-01  2.577938492424603e-01  0
6.067427096909794e-01  3.756791819550372e-01  0
5.273808932098341e-01  4.807712106550840e-01  0
4.300597528435474e-01  5.694911522593695e-01  0
3.180934432732161e-01  6.388177555955586e-01  0
1.952948429769983e-01  6.863901862819332e-01  0
6.584571102528003e-02  7.105884222650498e-01  0
-6.584571729740979e-02  7.105884216838513e-01  0
-1.952948483111838e-01  6.863901847642266e-01  0
-3.180934475828530e-01  6.388177534496142e-01  0
-4.300597560506922e-01  5.694911498374462e-01  0
-5.273808953016270e-01  4.807712083604964e-01  0
-6.067427109032594e-01  3.756791799971377e-01  0
-6.654426312672793e-01  2.577938478894279e-01  0
-7.014817010934561e-01  1.311296554887153e-01  0
5.030414988948084e-01  9.403475344887156e-02  0
4.771974207426905e-01  1.848672661750833e-01  0
4.351029566519283e-01  2.694043458804549e-01  0
3.781915831098627e-01  3.447671836636738e-01  0
3.084013487312078e-01  4.083893884117186e-01  0
2.281088762193517e-01  4.581043822716281e-01  0
1.400484294958836e-01  4.922191807134927e-01  0
4.721880146855481e-02  5.095720452049923e-01  0
-4.721880596182454e-02  5.095720447886295e-01  0
-1.400484333149711e-01  4.922191796268687e-01  0
-2.281088793037522e-01  4.581043807357792e-01  0
-3.084013510255095e-01  4.083893866791423e-01  0
-3.781915846079271e-01  3.447671820203754e-01  0
-4.351029575217076e-01  2.694043444757130e-01  0
-4.771974211181995e-01  1.848672652057832e-01  0
-5.030414989887525e-01  9.403475294631486e-02  0
3.046012968261401e-01  5.693985070801519e-02  0
2.889522107412953e-01  1.119406831073286e-01  0
2.634632036119891e-01  1.631295098053223e-01  0
2.290022730091192e-01  2.087631566715592e-01  0
1.867429446182383e-01  2.472876245632332e-01  0
1.381243091650218e-01  2.773910089467617e-01  0
8.480201601448295e-02  2.980481751440466e-01  0
2.859189191173336e-02  3.085556681438937e-01  0
-2.859189462614285e-02  3.085556678923667e-01  0
-8.480201831847251e-02  2.980481744885051e-01  0
-1.381243110241856e-01  2.773910080210081e-01  0
-1.867429459996972e-01  2.472876235200040e-01  0
-2.290022739134549e-01  2.087631556795501e-01  0
-2.634632041392677e-01  1.631295089537380e-01  0
-2.889522109681453e-01  1.119406825217609e-01  0
-3.046012968830222e-01  5.693985040372233e-02  0
9.829730997916941e-02  -1.837495172411129e-02  0
9.324722297995920e-02  -3.612416651675312e-02  0
8.502171366350059e-02  -5.264321614155098e-02  0
7.390089186866253e-02  -6.736956420387907e-02  0
6.026346386691991e-02  -7.980172255512269e-02  0
4.457383587462959e-02  -8.951632898765409e-02  0
2.736629937318153e-02  -9.618256421317609e-02  0
9.226836380169034e-03  -9.957341758932414e-02  0
-9.226835513298146e-03  -9.957341766965155e-02  0
-2.736629864101094e-02  -9.618256442149657e-02  0
-4.457383528662855e-02  -8.951632928044381e-02  0
-6.026346342955746e-02  -7.980172288540346e-02  0
-7.390089158310775e-02  -6.736956451711773e-02  0
-8.502171349403337e-02  -5.264321641524995e-02  0
-9.324722290774187e-02  -3.612416670316752e-02  0
-9.829730996097291e-02  -1.837495182145384e-02  0
9.829730996097294e-02  1.837495182145384e-02  0
9.324722290774184e-02  3.612416670316752e-02  0
8.502171349403334e-02  5.264321641524995e-02  0
7.390089158310775e-02  6.736956451711773e-02  0
6.026346342955746e-02  7.980172288540346e-02  0
4.457383528662856e-02  8.951632928044381e-02  0
2.736629864101094e-02  9.618256442149657e-02  0
9.226835513298150e-03  9.957341766965155e-02  0
-9.226836380169034e-03  9.957341758932414e-02  0
-2.736629937318151e-02  9.618256421317609e-02  0
-4.457383587462960e-02  8.951632898765409e-02  0
-6.026346386691990e-02  7.980172255512269e-02  0
-7.390089186866254e-02  6.736956420387907e-02  0
-8.502171366350059e-02  5.264321614155098e-02  0
-9.324722297995919e-02  3.612416651675312e-02  0
-9.829730997916941e-02  1.837495172411129e-02  0
5.381777721359165e-02  -1.006028606945081e-02  0
5.105285458153749e-02  -1.977798116814148e-02  0
4.654938823022577e-02  -2.882216083854038e-02  0
4.046073829727985e-02  -3.688483640264659e-02  0
3.299424646754748e-02  -4.369144309873162e-02  0
2.440417514105376e-02  -4.901019012099163e-02  0
1.498304890695694e-02  -5.265995390676589e-02  0
5.051692917730884e-03  -5.451644613028182e-02  0
-5.051692443795299e-03  -5.451644617419842e-02  0
-1.498304850606678e-02  -5.265995402082897e-02  0
-2.440417481917071e-02  -4.901019028127034e-02  0
-3.299424622660582e-02  -4.369144328068231e-02  0
-4.046073814226119e-02  -3.688483657269395e-02  0
-4.654938813855081e-02  -2.882216098660052e-02  0
-5.105285454207193e-02  -1.977798127001381e-02  0
-5.381777720370843e-02  -1.006028612232140e-02  0
5.381777720370843e-02  1.006028612232140e-02  0
5.105285454207190e-02  1.977798127001381e-02  0
4.654938813855083e-02  2.882216098660052e-02  0
4.046073814226119e-02  3.688483657269395e-02  0
3.299424622660583e-02  4.369144328068231e-02  0
2.440417481917072e-02  4.901019028127034e-02  0
1.498304850606678e-02  5.265995402082897e-02  0
5.051692443795299e-03  5.451644617419842e-02  0
-5.051692917730888e-03  5.451644613028182e-02  0
-1.498304890695695e-02  5.265995390676589e-02  0
-2.440417514105377e-02  4.901019012099163e-02  0
-3.299424646754746e-02  4.369144309873162e-02  0
-4.046073829727985e-02  3.688483640264659e-02  0
-4.654938823022576e-02  2.882216083854038e-02  0
-5.105285458153749e-02  1.977798116814148e-02  0
-5.381777721359166e-02  1.006028606945081e-02  0
1.037454794411392e-02  -1.051197412327916e-02  0
-1.041946473002195e-02  1.072410446476470e-02  0
1.016589284818166e-02  1.089778044296971e-02  0
-1.215751293665040e-02  -8.611432045642802e-03  0
-1.399128922798013e-02  1.214011697741559e-03  0
1.450901443604216e-02  -7.100923605881920e-04  0
7.194976603918495e-05  1.476311835145175e-02  0
5.648375874643482e-04  -1.475961020374372e-02  0
1.372791905528964e-02  4.780347963144209e-03  0
-4.456849440957578e-03  -1.379086964100792e-02  0
-1.286470957398483e-02  6.462953042029039e-03  0
1.282200891593519e-02  -6.335816759765939e-03  0
-4.620800806230878e-03  1.390271610399147e-02  0
5.585217089298673e-03  -1.365086645791124e-02  0
-1.415280700018260e-02  -3.458539819744365e-03  0
5.807776652810361e-03  1.337391753750064e-02  0
-1.326262160233337e-02  -5.943157083149304e-03  0
-1.064010593881473e-02  -5.541541869077449e-03  0
-1.102421390941330e-02  -2.344468125711197e-03  0
-8.274769517524927e-03  -4.399156268843451e-03  0
-8.045084616611615e-03  -5.437317412554226e-04  0
-6.265945639262463e-03  -2.586596376418184e-03  0
-6.112743939869167e-03  1.880990284273048e-03  0
-3.831733923512169e-03  -5.854463129051707e-04  0
-2.366333751379417e-03  -3.000032225574416e-03  0
1.122154673419518e-03  -1.775880655497392e-03  0
-8.729643810113639e-04  2.012787836654516e-03  0
4.041777230029448e-03  1.184647016628012e-03  0
4.391484603322914e-03  -3.150406394498573e-03  0
2.570125005305255e-03  3.879424993192129e-03  0
-1.413125575883882e-03  5.962674340872300e-03  0
6.179848068466831e-03  -8.775299121336214e-04  0
6.296389118495657e-03  -4.016281398339702e-03  0
3.592340319536562e-03  -5.613990604747976e-03  0
1.762170583701924e-03  6.899419036635892e-03  0
5.199605864185300e-03  5.546642167745211e-03  0
-6.579034866582211e-03  -7.102026437899263e-03  0
-1.323533689046825e-03  9.174368140088837e-03  0
-3.701034895537319e-03  6.688693801406454e-03  0
-8.597633434038663e-03  2.853483336788401e-03  0
8.052147403248479e-03  -2.823315549366186e-03  0
8.472283457509631e-03  1.173449689109413e-03  0
6.599871430944404e-03  -6.302256449718852e-03  0
4.119088204307412e-03  -8.570402132600404e-03  0
1.139326451975751e-03  -8.784532684529292e-03  0
1.205946653208767e-03  9.544841643005951e-03  0
-8.908042768448757e-03  -1.038580892023905e-02  0
-4.289977957146737e-03  8.793869643082194e-03  0
-6.194056195623727e-03  7.552164332947541e-03  0
1.466173366186965e-03  -1.146092947837129e-02  0
-1.319014682517001e-03  -9.187698725218995e-03  0
1.104836237220751e-02  -9.447017323977394e-04  0
1.169541752453992e-02  -3.962964499307849e-03  0
1.088137515294931e-02  3.432004832422625e-03  0
-1.664618412743791e-03  1.184689330490456e-02  0
9.371835256301884e-03  -5.101960308470686e-03  0
4.282744159610039e-03  7.888675207770621e-03  0
7.443781908680616e-03  6.812897251914088e-03  0
6.577338840086961e-03  3.213283256006322e-03  0
8.574763506504685e-03  4.959939835210498e-03  0
1.064706171241271e-02  6.300825391881722e-03  0
9.562393918760780e-04  -5.724800665738300e-03  0
-2.273047750125001e-03  -6.397696796797510e-03  0
-3.533712878753410e-03  3.596902487521787e-03  0
-5.692854308091775e-03  5.415125064066472e-03  0
-9.049373309011711e-03  5.317842527919356e-03  0
-1.075688637186732e-02  1.449167148736632e-03  0
-4.670751584259416e-03  -4.663107581650411e-03  0
6.494941310575382e-03  -1.039202404455161e-02  0
-4.231309810100402e-03  -8.035484333038717e-03  0
-6.398456939186414e-03  1.054227367684087e-02  0
-1.163676519228340e-02  4.200073706822342e-03  0
1.069153858252568e-02  -7.394839458227243e-03  0
-1.103028373440969e-02  7.578651191723009e-03  0
1.269775105221651e-02  7.399924029513348e-03  0
-1.413645053310921e-02  -1.116188879328945e-03  0
1.438698613368278e-02  2.090740799182377e-03  0
2.870930691162046e-03  1.491028199442482e-02  0
8.439815674590517e-03  1.194067257533700e-02  0
-1.870172567750249e-03  -1.466267784851605e-02  0
-1.440872500975604e-02  4.111235371142487e-03  0
1.450462369988251e-02  -3.942818275629344e-03  0
-2.123785693415074e-03  1.426274100183454e-02  0
2.520405985387430e-03  -1.392367759414570e-02  0
7.977687712728174e-03  -1.269382453299529e-02  0
-3.823224281781203e-03  -1.056734633964410e-02  0
1.183727634585115e-02  9.124762769703221e-03  0
6.857814101631663e-03  9.462601801949824e-03  0
-8.776481989700007e-04  -1.214649333748280e-02  0
-7.843455340342862e-03  1.275659677611662e-02  0
-7.391518353487248e-03  -1.281702035456263e-02  0
4.006550506232205e-03  1.075545108924718e-02  0
4.146373708737313e-03  -1.186532767171127e-02  0
1.200465856616021e-03  1.236651932090302e-02  0
1.178710766121704e-02  -9.028752416941866e-03  0
-4.101905298956056e-03  1.151181727675848e-02  0
-8.289136419670821e-03  8.548596597147991e-03  0
-1.098025516393476e-02  -1.090298104283508e-02  0
9.753823695313239e-03  8.672034403501611e-03  0
-1.187377540141490e-02  9.104499235266132e-03  0
-6.515656694677623e-03  -1.016050031861342e-02  0
8.448637165899170e-03  -8.727858608578965e-03  0
1.218147253762288e-02  1.576608155717777e-03  0
-9.622281807333195e-03  -7.923341288553584e-03  0
Edges
136
1  9  5
9  10  5
10  11  5
11  12  5
12  13  5
13  14  5
14  15  5
15  16  5
16  17  5
17  18  5
18  19  5
19  20  5
20  21  5
21  22  5
22  23  5
23  24  5
2  24  5
2  25  5
25  26  5
26  27  5
27  28  5
28  29  5
29  30  5
30  31  5
31  32  5
32  33  5
33  34  5
34  35  5
35  36  5
36  37  5
37  38  5
38  39  5
39  40  5
1  40  5
3  41  3
41  42  3
42  43  3
43  44  3
44  45  3
45  46  3
46  47  3
47  48  3
48  49  3
49  50  3
50  51  3
51  52  3
52  53  3
53  54  3
54  55  3
55  56  3
4  56  3
4  57  3
57  58  3
58  59  3
59  60  3
60  61  3
61  62  3
62  63  3
63  64  3
64  65  3
65  66  3
66  67  3
67  68  3
68  69  3
69  70  3
70  71  3
71  72  3
3  72  3
5  73  2
73  74  2
74  75  2
75  76  2
76  77  2
77  78  2
78  79  2
79  80  2
80  81  2
81  82  2
82  83  2
83  84  2
84  85  2
85  86  2
86  87  2
87  88  2
6  88  2
6  89  2
89  90  2
90  91  2
91  92  2
92  93  2
93  94  2
94  95  2
95  96  2
96  97  2
97  98  2
98  99  2
99  100  2
100  101  2
101  102  2
102  103  2
103  104  2
5  104  2
7  105  1
105  106  1
106  107  1
107  108  1
108  109  1
109  110  1
110  111  1
111  112  1
112  113  1
113  114  1
114  115  1
115  116  1
116  117  1
117  118  1
118  119  1
119  120  1
8  120  1
8  121  1
121  122  1
122  123  1
123  124  1
124  125  1
125  126  1
126  127  1
127  128  1
128  129  1
129  130  1
130  131  1
131  132  1
132  133  1
133  134  1
134  135  1
135  136  1
7  136  1
Triangles
30
1886  1920  1929  2
1841  8  1912  2
1855  1854  1856  2
1879  1870  1880  2
1896  1890  1897  2
1863  1867  1900  2
1859  1900  1901  2
1855  1857  1903  2
1899  1861  1904  2
1889  1848  1918  2
1851  1855  1912  2
1905  1880  1929  2
1907  1884  1932  2
1908  1847  1917  2
111  112  1914  2
1843  113  1919  2
119  120  1917  2
135  136  1918  2
131  132  1921  2
1883  1927  1937  2
125  126  1927  2
1893  1924  1928  2
115  116  1926  2
1924  1894  1935  2
1910  1902  1933  2
124  125  1934  2
1887  1922  1925  2
1916  1844  1925  2
1882  1928  1930  2
1914  1843  1930  2
Quadrilaterals
1907
1  137  237  40  4
40  237  238  39  4
39  238  239  38  4
38  239  240  37  4
37  240  241  36  4
36  241  242  35  4
35  242  243  34  4
34  243  244  33  4
33  244  245  32  4
32  245  246  31  4
31  246  247  30  4
30  247  248  29  4
29  248  249  28  4
28  249  250  27  4
27  250  251  26  4
26  251  252  25  4
25  252  187  2  4
137  138  253  237  4
237  253  254  238  4
238  254  255  239  4
239  255  256  240  4
240  256  257  241  4
241  257  258  242  4
242  258  259  243  4
243  259  260  244  4
244  260  261  245  4
245  261  262  246  4
246  262  263  247  4
247  263  264  248  4
248  264  265  249  4
249  265  266  250  4
250  266  267  251  4
251  267  268  252  4
252  268  188  187  4
138  139  269  253  4
253  269  270  254  4
254  270  271  255  4
255  271  272  256  4
256  272  273  257  4
257  273  274  258  4
258  274  275  259  4
259  275  276  260  4
260  276  277  261  4
261  277  278  262  4
262  278  279  263  4
263  279  280  264  4
264  280  281  265  4
265  281  282  266  4
266  282  283  267  4
267  283  284  268  4
268  284  189  188  4
139  140  285  269  4
269  285  286  270  4
270  286  287  271  4
271  287  288  272  4
272  288  289  273  4
273  289  290  274  4
274  290  291  275  4
275  291  292  276  4
276  292  293  277  4
277  293  294  278  4
278  294  295  279  4
279  295  296  280  4
280  296  297  281  4
281  297  298  282  4
282  298  299  283  4
283  299  300  284  4
284  300  190  189  4
140  141  301  285  4
285  301  302  286  4
286  302  303  287  4
287  303  304  288  4
288  304  305  289  4
289  305  306  290  4
290  306  307  291  4
291  307  308  292  4
292  308  309  293  4
293  309  310  294  4
294  310  311  295  4
295  311  312  296  4
296  312  313  297  4
297  313  314  298  4
298  314  315  299  4
299  315  316  300  4
300  316  191  190  4
141  142  317  301  4
301  317  318  302  4
302  318  319  303  4
303  319  320  304  4
304  320  321  305  4
305  321  322  306  4
306  322  323  307  4
307  323  324  308  4
308  324  325  309  4
309  325  326  310  4
310  326  327  311  4
311  327  328  312  4
312  328  329  313  4
313  329  330  314  4
314  330  331  315  4
315  331  332  316  4
316  332  192  191  4
142  143  333  317  4
317  333  334  318  4
318  334  335  319  4
319  335  336  320  4
320  336  337  321  4
321  337  338  322  4
322  338  339  323  4
323  339  340  324  4
324  340  341  325  4
325  341  342  326  4
326  342  343  327  4
327  343  344  328  4
328  344  345  329  4
329  345  346  330  4
330  346  347  331  4
331  347  348  332  4
332  348  193  192  4
143  144  349  333  4
333  349  350  334  4
334  350  351  335  4
335  351  352  336  4
336  352  353  337  4
337  353  354  338  4
338  354  355  339  4
339  355  356  340  4
340  356  357  341  4
341  357  358  342  4
342  358  359  343  4
343  359  360  344  4
344  360  361  345  4
345  361  362  346  4
346  362  363  347  4
347  363  364  348  4
348  364  194  193  4
144  145  365  349  4
349  365  366  350  4
350  366  367  351  4
351  367  368  352  4
352  368  369  353  4
353  369  370  354  4
354  370  371  355  4
355  371  372  356  4
356  372  373  357  4
357  373  374  358  4
358  374  375  359  4
359  375  376  360  4
360  376  377  361  4
361  377  378  362  4
362  378  379  363  4
363  379  380  364  4
364  380  195  194  4
145  146  381  365  4
365  381  382  366  4
366  382  383  367  4
367  383  384  368  4
368  384  385  369  4
369  385  386  370  4
370  386  387  371  4
371  387  388  372  4
372  388  389  373  4
373  389  390  374  4
374  390  391  375  4
375  391  392  376  4
376  392  393  377  4
377  393  394  378  4
378  394  395  379  4
379  395  396  380  4
380  396  196  195  4
146  147  397  381  4
381  397  398  382  4
382  398  399  383  4
383  399  400  384  4
384  400  401  385  4
385  401  402  386  4
386  402  403  387  4
387  403  404  388  4
388  404  405  389  4
389  405  406  390  4
390  406  407  391  4
391  407  408  392  4
392  408  409  393  4
393  409  410  394  4
394  410  411  395  4
395  411  412  396  4
396  412  197  196  4
147  148  413  397  4
397  413  414  398  4
398  414  415  399  4
399  415  416  400  4
400  416  417  401  4
401  417  418  402  4
402  418  419  403  4
403  419  420  404  4
404  420  421  405  4
405  421  422  406  4
406  422  423  407  4
407  423  424  408  4
408  424  425  409  4
409  425  426  410  4
410  426  427  411  4
411  427  428  412  4
412  428  198  197  4
148  149  429  413  4
413  429  430  414  4
414  430  431  415  4
415  431  432  416  4
416  432  433  417  4
417  433  434  418  4
418  434  435  419  4
419  435  436  420  4
420  436  437  421  4
421  437  438  422  4
422  438  439  423  4
423  439  440  424  4
424  440  441  425  4
425  441  442  426  4
426  442  443  427  4
427  443  444  428  4
428  444  199  198  4
149  150  445  429  4
429  445  446  430  4
430  446  447  431  4
431  447  448  432  4
432  448  449  433  4
433  449  450  434  4
434  450  451  435  4
435  451  452  436  4
436  452  453  437  4
437  453  454  438  4
438  454  455  439  4
439  455  456  440  4
440  456  457  441  4
441  457  458  442  4
442  458  459  443  4
443  459  460  444  4
444  460  200  199  4
150  151  461  445  4
445  461  462  446  4
446  462  463  447  4
447  463  464  448  4
448  464  465  449  4
449  465  466  450  4
450  466  467  451  4
451  467  468  452  4
452  468  469  453  4
453  469  470  454  4
454  470  471  455  4
455  471  472  456  4
456  472  473  457  4
457  473  474  458  4
458  474  475  459  4
459  475  476  460  4
460  476  201  200  4
151  152  477  461  4
461  477  478  462  4
462  478  479  463  4
463  479  480  464  4
464  480  481  465  4
465  481  482  466  4
466  482  483  467  4
467  483  484  468  4
468  484  485  469  4
469  485  486  470  4
470  486  487  471  4
471  487  488  472  4
472  488  489  473  4
473  489  490  474  4
474  490  491  475  4
475  491  492  476  4
476  492  202  201  4
152  153  493  477  4
477  493  494  478  4
478  494  495  479  4
479  495  496  480  4
480  496  497  481  4
481  497  498  482  4
482  498  499  483  4
483  499  500  484  4
484  500  501  485  4
485  501  502  486  4
486  502  503  487  4
487  503  504  488  4
488  504  505  489  4
489  505  506  490  4
490  506  507  491  4
491  507  508  492  4
492  508  203  202  4
153  154  509  493  4
493  509  510  494  4
494  510  511  495  4
495  511  512  496  4
496  512  513  497  4
497  513  514  498  4
498  514  515  499  4
499  515  516  500  4
500  516  517  501  4
501  517  518  502  4
502  518  519  503  4
503  519  520  504  4
504  520  521  505  4
505  521  522  506  4
506  522  523  507  4
507  523  524  508  4
508  524  204  203  4
154  155  525  509  4
509  525  526  510  4
510  526  527  511  4
511  527  528  512  4
512  528  529  513  4
513  529  530  514  4
514  530  531  515  4
515  531  532  516  4
516  532  533  517  4
517  533  534  518  4
518  534  535  519  4
519  535  536  520  4
520  536  537  521  4
521  537  538  522  4
522  538  539  523  4
523  539  540  524  4
524  540  205  204  4
155  156  541  525  4
525  541  542  526  4
526  542  543  527  4
527  543  544  528  4
528  544  545  529  4
529  545  546  530  4
530  546  547  531  4
531  547  548  532  4
532  548  549  533  4
533  549  550  534  4
534  550  551  535  4
535  551  552  536  4
536  552  553  537  4
537  553  554  538  4
538  554  555  539  4
539  555  556  540  4
540  556  206  205  4
156  157  557  541  4
541  557  558  542  4
542  558  559  543  4
543  559  560  544  4
544  560  561  545  4
545  561  562  546  4
546  562  563  547  4
547  563  564  548  4
548  564  565  549  4
549  565  566  550  4
550  566  567  551  4
551  567  568  552  4
552  568  569  553  4
553  569  570  554  4
554  570  571  555  4
555  571  572  556  4
556  572  207  206  4
157  158  573  557  4
557  573  574  558  4
558  574  575  559  4
559  575  576  560  4
560  576  577  561  4
561  577  578  562  4
562  578  579  563  4
563  579  580  564  4
564  580  581  565  4
565  581  582  566  4
566  582  583  567  4
567  583  584  568  4
568  584  585  569  4
569  585  586  570  4
570  586  587  571  4
571  587  588  572  4
572  588  208  207  4
158  159  589  573  4
573  589  590  574  4
574  590  591  575  4
575  591  592  576  4
576  592  593  577  4
577  593  594  578  4
578  594  595  579  4
579  595  596  580  4
580  596  597  581  4
581  597  598  582  4
582  598  599  583  4
583  599  600  584  4
584  600  601  585  4
585  601  602  586  4
586  602  603  587  4
587  603  604  588  4
588  604  209  208  4
159  160  605  589  4
589  605  606  590  4
590  606  607  591  4
591  607  608  592  4
592  608  609  593  4
593  609  610  594  4
594  610  611  595  4
595  611  612  596  4
596  612  613  597  4
597  613  614  598  4
598  614  615  599  4
599  615  616  600  4
600  616  617  601  4
601  617  618  602  4
602  618  619  603  4
603  619  620  604  4
604  620  210  209  4
160  161  621  605  4
605  621  622  606  4
606  622  623  607  4
607  623  624  608  4
608  624  625  609  4
609  625  626  610  4
610  626  627  611  4
611  627  628  612  4
612  628  629  613  4
613  629  630  614  4
614  630  631  615  4
615  631  632  616  4
616  632  633  617  4
617  633  634  618  4
618  634  635  619  4
619  635  636  620  4
620  636  211  210  4
161  162  637  621  4
621  637  638  622  4
622  638  639  623  4
623  639  640  624  4
624  640  641  625  4
625  641  642  626  4
626  642  643  627  4
627  643  644  628  4
628  644  645  629  4
629  645  646  630  4
630  646  647  631  4
631  647  648  632  4
632  648  649  633  4
633  649  650  634  4
634  650  651  635  4
635  651  652  636  4
636  652  212  211  4
162  163  653  637  4
637  653  654  638  4
638  654  655  639  4
639  655  656  640  4
640  656  657  641  4
641  657  658  642  4
642  658  659  643  4
643  659  660  644  4
644  660  661  645  4
645  661  662  646  4
646  662  663  647  4
647  663  664  648  4
648  664  665  649  4
649  665  666  650  4
650  666  667  651  4
651  667  668  652  4
652  668  213  212  4
163  164  669  653  4
653  669  670  654  4
654  670  671  655  4
655  671  672  656  4
656  672  673  657  4
657  673  674  658  4
658  674  675  659  4
659  675  676  660  4
660  676  677  661  4
661  677  678  662  4
662  678  679  663  4
663  679  680  664  4
664  680  681  665  4
665  681  682  666  4
666  682  683  667  4
667  683  684  668  4
668  684  214  213  4
164  165  685  669  4
669  685  686  670  4
670  686  687  671  4
671  687  688  672  4
672  688  689  673  4
673  689  690  674  4
674  690  691  675  4
675  691  692  676  4
676  692  693  677  4
677  693  694  678  4
678  694  695  679  4
679  695  696  680  4
680  696  697  681  4
681  697  698  682  4
682  698  699  683  4
683  699  700  684  4
684  700  215  214  4
165  166  701  685  4
685  701  702  686  4
686  702  703  687  4
687  703  704  688  4
688  704  705  689  4
689  705  706  690  4
690  706  707  691  4
691  707  708  692  4
692  708  709  693  4
693  709  710  694  4
694  710  711  695  4
695  711  712  696  4
696  712  713  697  4
697  713  714  698  4
698  714  715  699  4
699  715  716  700  4
700  716  216  215  4
166  167  717  701  4
701  717  718  702  4
702  718  719  703  4
703  719  720  704  4
704  720  721  705  4
705  721  722  706  4
706  722  723  707  4
707  723  724  708  4
708  724  725  709  4
709  725  726  710  4
710  726  727  711  4
711  727  728  712  4
712  728  729  713  4
713  729  730  714  4
714  730  731  715  4
715  731  732  716  4
716  732  217  216  4
167  168  733  717  4
717  733  734  718  4
718  734  735  719  4
719  735  736  720  4
720  736  737  721  4
721  737  738  722  4
722  738  739  723  4
723  739  740  724  4
724  740  741  725  4
725  741  742  726  4
726  742  743  727  4
727  743  744  728  4
728  744  745  729  4
729  745  746  730  4
730  746  747  731  4
731  747  748  732  4
732  748  218  217  4
168  169  749  733  4
733  749  750  734  4
734  750  751  735  4
735  751  752  736  4
736  752  753  737  4
737  753  754  738  4
738  754  755  739  4
739  755  756  740  4
740  756  757  741  4
741  757  758  742  4
742  758  759  743  4
743  759  760  744  4
744  760  761  745  4
745  761  762  746  4
746  762  763  747  4
747  763  764  748  4
748  764  219  218  4
169  170  765  749  4
749  765  766  750  4
750  766  767  751  4
751  767  768  752  4
752  768  769  753  4
753  769  770  754  4
754  770  771  755  4
755  771  772  756  4
756  772  773  757  4
757  773  774  758  4
758  774  775  759  4
759  775  776  760  4
760  776  777  761  4
761  777  778  762  4
762  778  779  763  4
763  779  780  764  4
764  780  220  219  4
170  171  781  765  4
765  781  782  766  4
766  782  783  767  4
767  783  784  768  4
768  784  785  769  4
769  785  786  770  4
770  786  787  771  4
771  787  788  772  4
772  788  789  773  4
773  789  790  774  4
774  790  791  775  4
775  791  792  776  4
776  792  793  777  4
777  793  794  778  4
778  794  795  779  4
779  795  796  780  4
780  796  221  220  4
171  172  797  781  4
781  797  798  782  4
782  798  799  783  4
783  799  800  784  4
784  800  801  785  4
785  801  802  786  4
786  802  803  787  4
787  803  804  788  4
788  804  805  789  4
789  805  806  790  4
790  806  807  791  4
791  807  808  792  4
792  808  809  793  4
793  809  810  794  4
794  810  811  795  4
795  811  812  796  4
796  812  222  221  4
172  173  813  797  4
797  813  814  798  4
798  814  815  799  4
799  815  816  800  4
800  816  817  801  4
801  817  818  802  4
802  818  819  803  4
803  819  820  804  4
804  820  821  805  4
805  821  822  806  4
806  822  823  807  4
807  823  824  808  4
808  824  825  809  4
809  825  826  810  4
810  826  827  811  4
811  827  828  812  4
812  828  223  222  4
173  174  829  813  4
813  829  830  814  4
814  830  831  815  4
815  831  832  816  4
816  832  833  817  4
817  833  834  818  4
818  834  835  819  4
819  835  836  820  4
820  836  837  821  4
821  837  838  822  4
822  838  839  823  4
823  839  840  824  4
824  840  841  825  4
825  841  842  826  4
826  842  843  827  4
827  843  844  828  4
828  844  224  223  4
174  175  845  829  4
829  845  846  830  4
830  846  847  831  4
831  847  848  832  4
832  848  849  833  4
833  849  850  834  4
834  850  851  835  4
835  851  852  836  4
836  852  853  837  4
837  853  854  838  4
838  854  855  839  4
839  855  856  840  4
840  856  857  841  4
841  857  858  842  4
842  858  859  843  4
843  859  860  844  4
844  860  225  224  4
175  176  861  845  4
845  861  862  846  4
846  862  863  847  4
847  863  864  848  4
848  864  865  849  4
849  865  866  850  4
850  866  867  851  4
851  867  868  852  4
852  868  869  853  4
853  869  870  854  4
854  870  871  855  4
855  871  872  856  4
856  872  873  857  4
857  873  874  858  4
858  874  875  859  4
859  875  876  860  4
860  876  226  225  4
176  177  877  861  4
861  877  878  862  4
862  878  879  863  4
863  879  880  864  4
864  880  881  865  4
865  881  882  866  4
866  882  883  867  4
867  883  884  868  4
868  884  885  869  4
869  885  886  870  4
870  886  887  871  4
871  887  888  872  4
872  888  889  873  4
873  889  890  874  4
874  890  891  875  4
875  891  892  876  4
876  892  227  226  4
177  178  893  877  4
877  893  894  878  4
878  894  895  879  4
879  895  896  880  4
880  896  897  881  4
881  897  898  882  4
882  898  899  883  4
883  899  900  884  4
884  900  901  885  4
885  901  902  886  4
886  902  903  887  4
887  903  904  888  4
888  904  905  889  4
889  905  906  890  4
890  906  907  891  4
891  907  908  892  4
892  908  228  227  4
178  179  909  893  4
893  909  910  894  4
894  910  911  895  4
895  911  912  896  4
896  912  913  897  4
897  913  914  898  4
898  914  915  899  4
899  915  916  900  4
900  916  917  901  4
901  917  918  902  4
902  918  919  903  4
903  919  920  904  4
904  920  921  905  4
905  921  922  906  4
906  922  923  907  4
907  923  924  908  4
908  924  229  228  4
179  180  925  909  4
909  925  926  910  4
910  926  927  911  4
911  927  928  912  4
912  928  929  913  4
913  929  930  914  4
914  930  931  915  4
915  931  932  916  4
916  932  933  917  4
917  933  934  918  4
918  934  935  919  4
919  935  936  920  4
920  936  937  921  4
921  937  938  922  4
922  938  939  923  4
923  939  940  924  4
924  940  230  229  4
180  181  941  925  4
925  941  942  926  4
926  942  943  927  4
927  943  944  928  4
928  944  945  929  4
929  945  946  930  4
930  946  947  931  4
931  947  948  932  4
932  948  949  933  4
933  949  950  934  4
934  950  951  935  4
935  951  952  936  4
936  952  953  937  4
937  953  954  938  4
938  954  955  939  4
939  955  956  940  4
940  956  231  230  4
181  182  957  941  4
941  957  958  942  4
942  958  959  943  4
943  959  960  944  4
944  960  961  945  4
945  961  962  946  4
946  962  963  947  4
947  963  964  948  4
948  964  965  949  4
949  965  966  950  4
950  966  967  951  4
951  967  968  952  4
952  968  969  953  4
953  969  970  954  4
954  970  971  955  4
955  971  972  956  4
956  972  232  231  4
182  183  973  957  4
957  973  974  958  4
958  974  975  959  4
959  975  976  960  4
960  976  977  961  4
961  977  978  962  4
962  978  979  963  4
963  979  980  964  4
964  980  981  965  4
965  981  982  966  4
966  982  983  967  4
967  983  984  968  4
968  984  985  969  4
969  985  986  970  4
970  986  987  971  4
971  987  988  972  4
972  988  233  232  4
183  184  989  973  4
973  989  990  974  4
974  990  991  975  4
975  991  992  976  4
976  992  993  977  4
977  993  994  978  4
978  994  995  979  4
979  995  996  980  4
980  996  997  981  4
981  997  998  982  4
982  998  999  983  4
983  999  1000  984  4
984  1000  1001  985  4
985  1001  1002  986  4
986  1002  1003  987  4
987  1003  1004  988  4
988  1004  234  233  4
184  3  72  989  4
989  72  71  990  4
990  71  70  991  4
991  70  69  992  4
992  69  68  993  4
993  68  67  994  4
994  67  66  995  4
995  66  65  996  4
996  65  64  997  4
997  64  63  998  4
998  63  62  999  4
999  62  61  1000  4
1000  61  60  1001  4
1001  60  59  1002  4
1002  59  58  1003  4
1003  58  57  1004  4
1004  57  4  234  4
1  9  1005  137  4
9  10  1006  1005  4
10  11  1007  1006  4
11  12  1008  1007  4
12  13  1009  1008  4
13  14  1010  1009  4
14  15  1011  1010  4
15  16  1012  1011  4
16  17  1013  1012  4
17  18  1014  1013  4
18  19  1015  1014  4
19  20  1016  1015  4
20  21  1017  1016  4
21  22  1018  1017  4
22  23  1019  1018  4
23  24  1020  1019  4
24  2  187  1020  4
137  1005  1021  138  4
1005  1006  1022  1021  4
1006  1007  1023  1022  4
1007  1008  1024  1023  4
1008  1009  1025  1024  4
1009  1010  1026  1025  4
1010  1011  1027  1026  4
1011  1012  1028  1027  4
1012  1013  1029  1028  4
1013  1014  1030  1029  4
1014  1015  1031  1030  4
1015  1016  1032  1031  4
1016  1017  1033  1032  4
1017  1018  1034  1033  4
1018  1019  1035  1034  4
1019  1020  1036  1035  4
1020  187  188  1036  4
138  1021  1037  139  4
1021  1022  1038  1037  4
1022  1023  1039  1038  4
1023  1024  1040  1039  4
1024  1025  1041  1040  4
1025  1026  1042  1041  4
1026  1027  1043  1042  4
1027  1028  1044  1043  4
1028  1029  1045  1044  4
1029  1030  1046  1045  4
1030  1031  1047  1046  4
1031  1032  1048  1047  4
1032  1033  1049  1048  4
1033  1034  1050  1049  4
1034  1035  1051  1050  4
1035  1036  1052  1051  4
1036  188  189  1052  4
139  1037  1053  140  4
1037  1038  1054  1053  4
1038  1039  1055  1054  4
1039  1040  1056  1055  4
1040  1041  1057  1056  4
1041  1042  1058  1057  4
1042  1043  1059  1058  4
1043  1044  1060  1059  4
1044  1045  1061  1060  4
1045  1046  1062  1061  4
1046  1047  1063  1062  4
1047  1048  1064  1063  4
1048  1049  1065  1064  4
1049  1050  1066  1065  4
1050  1051  1067  1066  4
1051  1052  1068  1067  4
1052  189  190  1068  4
140  1053  1069  141  4
1053  1054  1070  1069  4
1054  1055  1071  1070  4
1055  1056  1072  1071  4
1056  1057  1073  1072  4
1057  1058  1074  1073  4
1058  1059  1075  1074  4
1059  1060  1076  1075  4
1060  1061  1077  1076  4
1061  1062  1078  1077  4
1062  1063  1079  1078  4
1063  1064  1080  1079  4
1064  1065  1081  1080  4
1065  1066  1082  1081  4
1066  1067  1083  1082  4
1067  1068  1084  1083  4
1068  190  191  1084  4
141  1069  1085  142  4
1069  1070  1086  1085  4
1070  1071  1087  1086  4
1071  1072  1088  1087  4
1072  1073  1089  1088  4
1073  1074  1090  1089  4
1074  1075  1091  1090  4
1075  1076  1092  1091  4
1076  1077  1093  1092  4
1077  1078  1094  1093  4
1078  1079  1095  1094  4
1079  1080  1096  1095  4
1080  1081  1097  1096  4
1081  1082  1098  1097  4
1082  1083  1099  1098  4
1083  1084  1100  1099  4
1084  191  192  1100  4
142  1085  1101  143  4
1085  1086  1102  1101  4
1086  1087  1103  1102  4
1087  1088  1104  1103  4
1088  1089  1105  1104  4
1089  1090  1106  1105  4
1090  1091  1107  1106  4
1091  1092  1108  1107  4
1092  1093  1109  1108  4
1093  1094  1110  1109  4
1094  1095  1111  1110  4
1095  1096  1112  1111  4
1096  1097  1113  1112  4
1097  1098  1114  1113  4
1098  1099  1115  1114  4
1099  1100  1116  1115  4
1100  192  193  1116  4
143  1101  1117  144  4
1101  1102  1118  1117  4
1102  1103  1119  1118  4
1103  1104  1120  1119  4
1104  1105  1121  1120  4
1105  1106  1122  1121  4
1106  1107  1123  1122  4
1107  1108  1124  1123  4
1108  1109  1125  1124  4
1109  1110  1126  1125  4
1110  1111  1127  1126  4
1111  1112  1128  1127  4
1112  1113  1129  1128  4
1113  1114  1130  1129  4
1114  1115  1131  1130  4
1115  1116  1132  1131  4
1116  193  194  1132  4
144  1117  1133  145  4
1117  1118  1134  1133  4
1118  1119  1135  1134  4
1119  1120  1136  1135  4
1120  1121  1137  1136  4
1121  1122  1138  1137  4
1122  1123  1139  1138  4
1123  1124  1140  1139  4
1124  1125  1141  1140  4
1125  1126  1142  1141  4
1126  1127  1143  1142  4
1127  1128  1144  1143  4
1128  1129  1145  1144  4
1129  1130  1146  1145  4
1130  1131  1147  1146  4
1131  1132  1148  1147  4
1132  194  195  1148  4
145  1133  1149  146  4
1133  1134  1150  1149  4
1134  1135  1151  1150  4
1135  1136  1152  1151  4
1136  1137  1153  1152  4
1137  1138  1154  1153  4
1138  1139  1155  1154  4
1139  1140  1156  1155  4
1140  1141  1157  1156  4
1141  1142  1158  1157  4
1142  1143  1159  1158  4
1143  1144  1160  1159  4
1144  1145  1161  1160  4
1145  1146  1162  1161  4
1146  1147  1163  1162  4
1147  1148  1164  1163  4
1148  195  196  1164  4
146  1149  1165  147  4
1149  1150  1166  1165  4
1150  1151  1167  1166  4
1151  1152  1168  1167  4
1152  1153  1169  1168  4
1153  1154  1170  1169  4
1154  1155  1171  1170  4
1155  1156  1172  1171  4
1156  1157  1173  1172  4
1157  1158  1174  1173  4
1158  1159  1175  1174  4
1159  1160  1176  1175  4
1160  1161  1177  1176  4
1161  1162  1178  1177  4
1162  1163  1179  1178  4
1163  1164  1180  1179  4
1164  196  197  1180  4
147  1165  1181  148  4
1165  1166  1182  1181  4
1166  1167  1183  1182  4
1167  1168  1184  1183  4
1168  1169  1185  1184  4
1169  1170  1186  1185  4
1170  1171  1187  1186  4
1171  1172  1188  1187  4
1172  1173  1189  1188  4
1173  1174  1190  1189  4
1174  1175  1191  1190  4
1175  1176  1192  1191  4
1176  1177  1193  1192  4
1177  1178  1194  1193  4
1178  1179  1195  1194  4
1179  1180  1196  1195  4
1180  197  198  1196  4
148  1181  1197  149  4
1181  1182  1198  1197  4
1182  1183  1199  1198  4
1183  1184  1200  1199  4
1184  1185  1201  1200  4
1185  1186  1202  1201  4
1186  1187  1203  1202  4
1187  1188  1204  1203  4
1188  1189  1205  1204  4
1189  1190  1206  1205  4
1190  1191  1207  1206  4
1191  1192  1208  1207  4
1192  1193  1209  1208  4
1193  1194  1210  1209  4
1194  1195  1211  1210  4
1195  1196  1212  1211  4
1196  198  199  1212  4
149  1197  1213  150  4
1197  1198  1214  1213  4
1198  1199  1215  1214  4
1199  1200  1216  1215  4
1200  1201  1217  1216  4
1201  1202  1218  1217  4
1202  1203  1219  1218  4
1203  1204  1220  1219  4
1204  1205  1221  1220  4
1205  1206  1222  1221  4
1206  1207  1223  1222  4
1207  1208  1224  1223  4
1208  1209  1225  1224  4
1209  1210  1226  1225  4
1210  1211  1227  1226  4
1211  1212  1228  1227  4
1212  199  200  1228  4
150  1213  1229  151  4
1213  1214  1230  1229  4
1214  1215  1231  1230  4
1215  1216  1232  1231  4
1216  1217  1233  1232  4
1217  1218  1234  1233  4
1218  1219  1235  1234  4
1219  1220  1236  1235  4
1220  1221  1237  1236  4
1221  1222  1238  1237  4
1222  1223  1239  1238  4
1223  1224  1240  1239  4
1224  1225  1241  1240  4
1225  1226  1242  1241  4
1226  1227  1243  1242  4
1227  1228  1244  1243  4
1228  200  201  1244  4
151  1229  1245  152  4
1229  1230  1246  1245  4
1230  1231  1247  1246  4
1231  1232  1248  1247  4
1232  1233  1249  1248  4
1233  1234  1250  1249  4
1234  1235  1251  1250  4
1235  1236  1252  1251  4
1236  1237  1253  1252  4
1237  1238  1254  1253  4
1238  1239  1255  1254  4
1239  1240  1256  1255  4
1240  1241  1257  1256  4
1241  1242  1258  1257  4
1242  1243  1259  1258  4
1243  1244  1260  1259  4
1244  201  202  1260  4
152  1245  1261  153  4
1245  1246  1262  1261  4
1246  1247  1263  1262  4
1247  1248  1264  1263  4
1248  1249  1265  1264  4
1249  1250  1266  1265  4
1250  1251  1267  1266  4
1251  1252  1268  1267  4
1252  1253  1269  1268  4
1253  1254  1270  1269  4
1254  1255  1271  1270  4
1255  1256  1272  1271  4
1256  1257  1273  1272  4
1257  1258  1274  1273  4
1258  1259  1275  1274  4
1259  1260  1276  1275  4
1260  202  203  1276  4
153  1261  1277  154  4
1261  1262  1278  1277  4
1262  1263  1279  1278  4
1263  1264  1280  1279  4
1264  1265  1281  1280  4
1265  1266  1282  1281  4
1266  1267  1283  1282  4
1267  1268  1284  1283  4
1268  1269  1285  1284  4
1269  1270  1286  1285  4
1270  1271  1287  1286  4
1271  1272  1288  1287  4
1272  1273  1289  1288  4
1273  1274  1290  1289  4
1274  1275  1291  1290  4
1275  1276  1292  1291  4
1276  203  204  1292  4
154  1277  1293  155  4
1277  1278  1294  1293  4
1278  1279  1295  1294  4
1279  1280  1296  1295  4
1280  1281  1297  1296  4
1281  1282  1298  1297  4
1282  1283  1299  1298  4
1283  1284  1300  1299  4
1284  1285  1301  1300  4
1285  1286  1302  1301  4
1286  1287  1303  1302  4
1287  1288  1304  1303  4
1288  1289  1305  1304  4
1289  1290  1306  1305  4
1290  1291  1307  1306  4
1291  1292  1308  1307  4
1292  204  205  1308  4
155  1293  1309  156  4
1293  1294  1310  1309  4
1294  1295  1311  1310  4
1295  1296  1312  1311  4
1296  1297  1313  1312  4
1297  1298  1314  1313  4
1298  1299  1315  1314  4
1299  1300  1316  1315  4
1300  1301  1317  1316  4
1301  1302  1318  1317  4
1302  1303  1319  1318  4
1303  1304  1320  1319  4
1304  1305  1321  1320  4
1305  1306  1322  1321  4
1306  1307  1323  1322  4
1307  1308  1324  1323  4
1308  205  206  1324  4
156  1309  1325  157  4
1309  1310  1326  1325  4
1310  1311  1327  1326  4
1311  1312  1328  1327  4
1312  1313  1329  1328  4
1313  1314  1330  1329  4
1314  1315  1331  1330  4
1315  1316  1332  1331  4
1316  1317  1333  1332  4
1317  1318  1334  1333  4
1318  1319  1335  1334  4
1319  1320  1336  1335  4
1320  1321  1337  1336  4
1321  1322  1338  1337  4
1322  1323  1339  1338  4
1323  1324  1340  1339  4
1324  206  207  1340  4
157  1325  1341  158  4
1325  1326  1342  1341  4
1326  1327  1343  1342  4
1327  1328  1344  1343  4
1328  1329  1345  1344  4
1329  1330  1346  1345  4
1330  1331  1347  1346  4
1331  1332  1348  1347  4
1332  1333  1349  1348  4
1333  1334  1350  1349  4
1334  1335  1351  1350  4
1335  1336  1352  1351  4
1336  1337  1353  1352  4
1337  1338  1354  1353  4
1338  1339  1355  1354  4
1339  1340  1356  1355  4
1340  207  208  1356  4
158  1341  1357  159  4
1341  1342  1358  1357  4
1342  1343  1359  1358  4
1343  1344  1360  1359  4
1344  1345  1361  1360  4
1345  1346  1362  1361  4
1346  1347  1363  1362  4
1347  1348  1364  1363  4
1348  1349  1365  1364  4
1349  1350  1366  1365  4
1350  1351  1367  1366  4
1351  1352  1368  1367  4
1352  1353  1369  1368  4
1353  1354  1370  1369  4
1354  1355  1371  1370  4
1355  1356  1372  1371  4
1356  208  209  1372  4
159  1357  1373  160  4
1357  1358  1374  1373  4
1358  1359  1375  1374  4
1359  1360  1376  1375  4
1360  1361  1377  1376  4
1361  1362  1378  1377  4
1362  1363  1379  1378  4
1363  1364  1380  1379  4
1364  1365  1381  1380  4
1365  1366  1382  1381  4
1366  1367  1383  1382  4
1367  1368  1384  1383  4
1368  1369  1385  1384  4
1369  1370  1386  1385  4
1370  1371  1387  1386  4
1371  1372  1388  1387  4
1372  209  210  1388  4
160  1373  1389  161  4
1373  1374  1390  1389  4
1374  1375  1391  1390  4
1375  1376  1392  1391  4
1376  1377  1393  1392  4
1377  1378  1394  1393  4
1378  1379  1395  1394  4
1379  1380  1396  1395  4
1380  1381  1397  1396  4
1381  1382  1398  1397  4
1382  1383  1399  1398  4
1383  1384  1400  1399  4
1384  1385  1401  1400  4
1385  1386  1402  1401  4
1386  1387  1403  1402  4
1387  1388  1404  1403  4
1388  210  211  1404  4
161  1389  1405  162  4
1389  1390  1406  1405  4
1390  1391  1407  1406  4
1391  1392  1408  1407  4
1392  1393  1409  1408  4
1393  1394  1410  1409  4
1394  1395  1411  1410  4
1395  1396  1412  1411  4
1396  1397  1413  1412  4
1397  1398  1414  1413  4
1398  1399  1415  1414  4
1399  1400  1416  1415  4
1400  1401  1417  1416  4
1401  1402  1418  1417  4
1402  1403  1419  1418  4
1403  1404  1420  1419  4
1404  211  212  1420  4
162  1405  1421  163  4
1405  1406  1422  1421  4
1406  1407  1423  1422  4
1407  1408  1424  1423  4
1408  1409  1425  1424  4
1409  1410  1426  1425  4
1410  1411  1427  1426  4
1411  1412  1428  1427  4
1412  1413  1429  1428  4
1413  1414  1430  1429  4
1414  1415  1431  1430  4
1415  1416  1432  1431  4
1416  1417  1433  1432  4
1417  1418  1434  1433  4
1418  1419  1435  1434  4
1419  1420  1436  1435  4
1420  212  213  1436  4
163  1421  1437  164  4
1421  1422  1438  1437  4
1422  1423  1439  1438  4
1423  1424  1440  1439  4
1424  1425  1441  1440  4
1425  1426  1442  1441  4
1426  1427  1443  1442  4
1427  1428  1444  1443  4
1428  1429  1445  1444  4
1429  1430  1446  1445  4
1430  1431  1447  1446  4
1431  1432  1448  1447  4
1432  1433  1449  1448  4
1433  1434  1450  1449  4
1434  1435  1451  1450  4
1435  1436  1452  1451  4
1436  213  214  1452  4
164  1437  1453  165  4
1437  1438  1454  1453  4
1438  1439  1455  1454  4
1439  1440  1456  1455  4
1440  1441  1457  1456  4
1441  1442  1458  1457  4
1442  1443  1459  1458  4
1443  1444  1460  1459  4
1444  1445  1461  1460  4
1445  1446  1462  1461  4
1446  1447  1463  1462  4
1447  1448  1464  1463  4
1448  1449  1465  1464  4
1449  1450  1466  1465  4
1450  1451  1467  1466  4
1451  1452  1468  1467  4
1452  214  215  1468  4
165  1453  1469  166  4
1453  1454  1470  1469  4
1454  1455  1471  1470  4
1455  1456  1472  1471  4
1456  1457  1473  1472  4
1457  1458  1474  1473  4
1458  1459  1475  1474  4
1459  1460  1476  1475  4
1460  1461  1477  1476  4
1461  1462  1478  1477  4
1462  1463  1479  1478  4
1463  1464  1480  1479  4
1464  1465  1481  1480  4
1465  1466  1482  1481  4
1466  1467  1483  1482  4
1467  1468  1484  1483  4
1468  215  216  1484  4
166  1469  1485  167  4
1469  1470  1486  1485  4
1470  1471  1487  1486  4
1471  1472  1488  1487  4
1472  1473  1489  1488  4
1473  1474  1490  1489  4
1474  1475  1491  1490  4
1475  1476  1492  1491  4
1476  1477  1493  1492  4
1477  1478  1494  1493  4
1478  1479  1495  1494  4
1479  1480  1496  1495  4
1480  1481  1497  1496  4
1481  1482  1498  1497  4
1482  1483  1499  1498  4
1483  1484  1500  1499  4
1484  216  217  1500  4
167  1485  1501  168  4
1485  1486  1502  1501  4
1486  1487  1503  1502  4
1487  1488  1504  1503  4
1488  1489  1505  1504  4
1489  1490  1506  1505  4
1490  1491  1507  1506  4
1491  1492  1508  1507  4
1492  1493  1509  1508  4
1493  1494  1510  1509  4
1494  1495  1511  1510  4
1495  1496  1512  1511  4
1496  1497  1513  1512  4
1497  1498  1514  1513  4
1498  1499  1515  1514  4
1499  1500  1516  1515  4
1500  217  218  1516  4
168  1501  1517  169  4
1501  1502  1518  1517  4
1502  1503  1519  1518  4
1503  1504  1520  1519  4
1504  1505  1521  1520  4
1505  1506  1522  1521  4
1506  1507  1523  1522  4
1507  1508  1524  1523  4
1508  1509  1525  1524  4
1509  1510  1526  1525  4
1510  1511  1527  1526  4
1511  1512  1528  1527  4
1512  1513  1529  1528  4
1513  1514  1530  1529  4
1514  1515  1531  1530  4
1515  1516  1532  1531  4
1516  218  219  1532  4
169  1517  1533  170  4
1517  1518  1534  1533  4
1518  1519  1535  1534  4
1519  1520  1536  1535  4
1520  1521  1537  1536  4
1521  1522  1538  1537  4
1522  1523  1539  1538  4
1523  1524  1540  1539  4
1524  1525  1541  1540  4
1525  1526  1542  1541  4
1526  1527  1543  1542  4
1527  1528  1544  1543  4
1528  1529  1545  1544  4
1529  1530  1546  1545  4
1530  1531  1547  1546  4
1531  1532  1548  1547  4
1532  219  220  1548  4
170  1533  1549  171  4
1533  1534  1550  1549  4
1534  1535  1551  1550  4
1535  1536  1552  1551  4
1536  1537  1553  1552  4
1537  1538  1554  1553  4
1538  1539  1555  1554  4
1539  1540  1556  1555  4
1540  1541  1557  1556  4
1541  1542  1558  1557  4
1542  1543  1559  1558  4
1543  1544  1560  1559  4
1544  1545  1561  1560  4
1545  1546  1562  1561  4
1546  1547  1563  1562  4
1547  1548  1564  1563  4
1548  220  221  1564  4
171  1549  1565  172  4
1549  1550  1566  1565  4
1550  1551  1567  1566  4
1551  1552  1568  1567  4
1552  1553  1569  1568  4
1553  1554  1570  1569  4
1554  1555  1571  1570  4
1555  1556  1572  1571  4
1556  1557  1573  1572  4
1557  1558  1574  1573  4
1558  1559  1575  1574  4
1559  1560  1576  1575  4
1560  1561  1577  1576  4
1561  1562  1578  1577  4
1562  1563  1579  1578  4
1563  1564  1580  1579  4
1564  221  222  1580  4
172  1565  1581  173  4
1565  1566  1582  1581  4
1566  1567  1583  1582  4
1567  1568  1584  1583  4
1568  1569  1585  1584  4
1569  1570  1586  1585  4
1570  1571  1587  1586  4
1571  1572  1588  1587  4
1572  1573  1589  1588  4
1573  1574  1590  1589  4
1574  1575  1591  1590  4
1575  1576  1592  1591  4
1576  1577  1593  1592  4
1577  1578  1594  1593  4
1578  1579  1595  1594  4
1579  1580  1596  1595  4
1580  222  223  1596  4
173  1581  1597  174  4
1581  1582  1598  1597  4
1582  1583  1599  1598  4
1583  1584  1600  1599  4
1584  1585  1601  1600  4
1585  1586  1602  1601  4
1586  1587  1603  1602  4
1587  1588  1604  1603  4
1588  1589  1605  1604  4
1589  1590  1606  1605  4
1590  1591  1607  1606  4
1591  1592  1608  1607  4
1592  1593  1609  1608  4
1593  1594  1610  1609  4
1594  1595  1611  1610  4
1595  1596  1612  1611  4
1596  223  224  1612  4
174  1597  1613  175  4
1597  1598  1614  1613  4
1598  1599  1615  1614  4
1599  1600  1616  1615  4
1600  1601  1617  1616  4
1601  1602  1618  1617  4
1602  1603  1619  1618  4
1603  1604  1620  1619  4
1604  1605  1621  1620  4
1605  1606  1622  1621  4
1606  1607  1623  1622  4
1607  1608  1624  1623  4
1608  1609  1625  1624  4
1609  1610  1626  1625  4
1610  1611  1627  1626  4
1611  1612  1628  1627  4
1612  224  225  1628  4
175  1613  1629  176  4
1613  1614  1630  1629  4
1614  1615  1631  1630  4
1615  1616  1632  1631  4
1616  1617  1633  1632  4
1617  1618  1634  1633  4
1618  1619  1635  1634  4
1619  1620  1636  1635  4
1620  1621  1637  1636  4
1621  1622  1638  1637  4
1622  1623  1639  1638  4
1623  1624  1640  1639  4
1624  1625  1641  1640  4
1625  1626  1642  1641  4
1626  1627  1643  1642  4
1627  1628  1644  1643  4
1628  225  226  1644  4
176  1629  1645  177  4
1629  1630  1646  1645  4
1630  1631  1647  1646  4
1631  1632  1648  1647  4
1632  1633  1649  1648  4
1633  1634  1650  1649  4
1634  1635  1651  1650  4
1635  1636  1652  1651  4
1636  1637  1653  1652  4
1637  1638  1654  1653  4
1638  1639  1655  1654  4
1639  1640  1656  1655  4
1640  1641  1657  1656  4
1641  1642  1658  1657  4
1642  1643  1659  1658  4
1643  1644  1660  1659  4
1644  226  227  1660  4
177  1645  1661  178  4
1645  1646  1662  1661  4
1646  1647  1663  1662  4
1647  1648  1664  1663  4
1648  1649  1665  1664  4
1649  1650  1666  1665  4
1650  1651  1667  1666  4
1651  1652  1668  1667  4
1652  1653  1669  1668  4
1653  1654  1670  1669  4
1654  1655  1671  1670  4
1655  1656  1672  1671  4
1656  1657  1673  1672  4
1657  1658  1674  1673  4
1658  1659  1675  1674  4
1659  1660  1676  1675  4
1660  227  228  1676  4
178  1661  1677  179  4
1661  1662  1678  1677  4
1662  1663  1679  1678  4
1663  1664  1680  1679  4
1664  1665  1681  1680  4
1665  1666  1682  1681  4
1666  1667  1683  1682  4
1667  1668  1684  1683  4
1668  1669  1685  1684  4
1669  1670  1686  1685  4
1670  1671  1687  1686  4
1671  1672  1688  1687  4
1672  1673  1689  1688  4
1673  1674  1690  1689  4
1674  1675  1691  1690  4
1675  1676  1692  1691  4
1676  228  229  1692  4
179  1677  1693  180  4
1677  1678  1694  1693  4
1678  1679  1695  1694  4
1679  1680  1696  1695  4
1680  1681  1697  1696  4
1681  1682  1698  1697  4
1682  1683  1699  1698  4
1683  1684  1700  1699  4
1684  1685  1701  1700  4
1685  1686  1702  1701  4
1686  1687  1703  1702  4
1687  1688  1704  1703  4
1688  1689  1705  1704  4
1689  1690  1706  1705  4
1690  1691  1707  1706  4
1691  1692  1708  1707  4
1692  229  230  1708  4
180  1693  1709  181  4
1693  1694  1710  1709  4
1694  1695  1711  1710  4
1695  1696  1712  1711  4
1696  1697  1713  1712  4
1697  1698  1714  1713  4
1698  1699  1715  1714  4
1699  1700  1716  1715  4
1700  1701  1717  1716  4
1701  1702  1718  1717  4
1702  1703  1719  1718  4
1703  1704  1720  1719  4
1704  1705  1721  1720  4
1705  1706  1722  1721  4
1706  1707  1723  1722  4
1707  1708  1724  1723  4
1708  230  231  1724  4
181  1709  1725  182  4
1709  1710  1726  1725  4
1710  1711  1727  1726  4
1711  1712  1728  1727  4
1712  1713  1729  1728  4
1713  1714  1730  1729  4
1714  1715  1731  1730  4
1715  1716  1732  1731  4
1716  1717  1733  1732  4
1717  1718  1734  1733  4
1718  1719  1735  1734  4
1719  1720  1736  1735  4
1720  1721  1737  1736  4
1721  1722  1738  1737  4
1722  1723  1739  1738  4
1723  1724  1740  1739  4
1724  231  232  1740  4
182  1725  1741  183  4
1725  1726  1742  1741  4
1726  1727  1743  1742  4
1727  1728  1744  1743  4
1728  1729  1745  1744  4
1729  1730  1746  1745  4
1730  1731  1747  1746  4
1731  1732  1748  1747  4
1732  1733  1749  1748  4
1733  1734  1750  1749  4
1734  1735  1751  1750  4
1735  1736  1752  1751  4
1736  1737  1753  1752  4
1737  1738  1754  1753  4
1738  1739  1755  1754  4
1739  1740  1756  1755  4
1740  232  233  1756  4
183  1741  1757  184  4
1741  1742  1758  1757  4
1742  1743  1759  1758  4
1743  1744  1760  1759  4
1744  1745  1761  1760  4
1745  1746  1762  1761  4
1746  1747  1763  1762  4
1747  1748  1764  1763  4
1748  1749  1765  1764  4
1749  1750  1766  1765  4
1750  1751  1767  1766  4
1751  1752  1768  1767  4
1752  1753  1769  1768  4
1753  1754  1770  1769  4
1754  1755  1771  1770  4
1755  1756  1772  1771  4
1756  233  234  1772  4
184  1757  41  3  4
1757  1758  42  41  4
1758  1759  43  42  4
1759  1760  44  43  4
1760  1761  45  44  4
1761  1762  46  45  4
1762  1763  47  46  4
1763  1764  48  47  4
1764  1765  49  48  4
1765  1766  50  49  4
1766  1767  51  50  4
1767  1768  52  51  4
1768  1769  53  52  4
1769  1770  54  53  4
1770  1771  55  54  4
1771  1772  56  55  4
1772  234  4  56  4
3  185  1773  72  1
72  1773  1774  71  1
71  1774  1775  70  1
70  1775  1776  69  1
69  1776  1777  68  1
68  1777  1778  67  1
67  1778  1779  66  1
66  1779  1780  65  1
65  1780  1781  64  1
64  1781  1782  63  1
63  1782  1783  62  1
62  1783  1784  61  1
61  1784  1785  60  1
60  1785  1786  59  1
59  1786  1787  58  1
58  1787  1788  57  1
57  1788  235  4  1
185  5  104  1773  1
1773  104  103  1774  1
1774  103  102  1775  1
1775  102  101  1776  1
1776  101  100  1777  1
1777  100  99  1778  1
1778  99  98  1779  1
1779  98  97  1780  1
1780  97  96  1781  1
1781  96  95  1782  1
1782  95  94  1783  1
1783  94  93  1784  1
1784  93  92  1785  1
1785  92  91  1786  1
1786  91  90  1787  1
1787  90  89  1788  1
1788  89  6  235  1
3  41  1789  185  1
41  42  1790  1789  1
42  43  1791  1790  1
43  44  1792  1791  1
44  45  1793  1792  1
45  46  1794  1793  1
46  47  1795  1794  1
47  48  1796  1795  1
48  49  1797  1796  1
49  50  1798  1797  1
50  51  1799  1798  1
51  52  1800  1799  1
52  53  1801  1800  1
53  54  1802  1801  1
54  55  1803  1802  1
55  56  1804  1803  1
56  4  235  1804  1
185  1789  73  5  1
1789  1790  74  73  1
1790  1791  75  74  1
1791  1792  76  75  1
1792  1793  77  76  1
1793  1794  78  77  1
1794  1795  79  78  1
1795  1796  80  79  1
1796  1797  81  80  1
1797  1798  82  81  1
1798  1799  83  82  1
1799  1800  84  83  1
1800  1801  85  84  1
1801  1802  86  85  1
1802  1803  87  86  1
1803  1804  88  87  1
1804  235  6  88  1
5  186  1805  104  3
104  1805  1806  103  3
103  1806  1807  102  3
102  1807  1808  101  3
101  1808  1809  100  3
100  1809  1810  99  3
99  1810  1811  98  3
98  1811  1812  97  3
97  1812  1813  96  3
96  1813  1814  95  3
95  1814  1815  94  3
94  1815  1816  93  3
93  1816  1817  92  3
92  1817  1818  91  3
91  1818  1819  90  3
90  1819  1820  89  3
89  1820  236  6  3
186  7  136  1805  3
1805  136  135  1806  3
1806  135  134  1807  3
1807  134  133  1808  3
1808  133  132  1809  3
1809  132  131  1810  3
1810  131  130  1811  3
1811  130  129  1812  3
1812  129  128  1813  3
1813  128  127  1814  3
1814  127  126  1815  3
1815  126  125  1816  3
1816  125  124  1817  3
1817  124  123  1818  3
1818  123  122  1819  3
1819  122  121  1820  3
1820  121  8  236  3
5  73  1821  186  3
73  74  1822  1821  3
74  75  1823  1822  3
75  76  1824  1823  3
76  77  1825  1824  3
77  78  1826  1825  3
78  79  1827  1826  3
79  80  1828  1827  3
80  81  1829  1828  3
81  82  1830  1829  3
82  83  1831  1830  3
83  84  1832  1831  3
84  85  1833  1832  3
85  86  1834  1833  3
86  87  1835  1834  3
87  88  1836  1835  3
88  6  236  1836  3
186  1821  105  7  3
1821  1822  106  105  3
1822  1823  107  106  3
1823  1824  108  107  3
1824  1825  109  108  3
1825  1826  110  109  3
1826  1827  111  110  3
1827  1828  112  111  3
1828  1829  113  112  3
1829  1830  114  113  3
1830  1831  115  114  3
1831  1832  116  115  3
1832  1833  117  116  3
1833  1834  118  117  3
1834  1835  119  118  3
1835  1836  120  119  3
1836  236  8  120  3
1914  1930  1928  1852  2
1846  1916  1925  1922  2
1838  1933  1907  1926  2
1902  1910  1847  1908  2
1892  1909  1848  1889  2
1845  1911  1897  1890  2
1837  1938  1905  1921  2
1940  1883  1937  1873  2
1934  1883  1940  1840  2
1924  1915  1852  1928  2
1846  1922  1937  1927  2
1851  1853  1854  1855  2
1927  1883  1934  125  2
1850  1921  1905  1929  2
1842  1918  136  7  2
1846  1927  126  127  2
1845  1913  105  106  2
1891  1930  1843  1919  2
1849  1926  1907  1932  2
1891  1932  1884  1874  2
1912  1855  1903  1841  2
1854  1940  1873  1856  2
1886  1925  1844  1920  2
121  1851  1912  8  2
1894  1924  1893  1872  2
1886  1929  1880  1881  2
1905  1938  1879  1880  2
1893  1928  1882  1871  2
1885  1933  1902  1901  2
111  1914  1852  110  2
1897  1935  1894  1896  2
1908  1917  1841  1903  2
1840  1940  1854  1853  2
1889  1918  1842  1888  2
1882  1930  1891  1874  2
1923  1935  1897  1911  2
1904  1873  1906  1899  2
1888  1939  1890  1878  2
1837  1921  132  133  2
1896  1894  1872  1895  2
1870  1898  1881  1880  2
1858  1904  1861  1860  2
1860  1863  1900  1859  2
1861  1899  1898  1862  2
1875  1901  1900  1867  2
1862  1863  1860  1861  2
1872  1893  1871  1866  2
1864  1866  1863  1862  2
1866  1871  1867  1863  2
1895  1872  1866  1864  2
1877  1888  1878  1868  2
1871  1882  1874  1867  2
1869  1877  1868  1865  2
1868  1878  1895  1864  2
135  1918  1848  134  2
119  1917  1847  118  2
1874  1884  1875  1867  2
1865  1868  1864  1862  2
1858  1860  1859  1857  2
1898  1870  1865  1862  2
1899  1887  1881  1898  2
1907  1933  1885  1884  2
1856  1858  1857  1855  2
1901  1902  1876  1859  2
1878  1890  1896  1895  2
1838  1926  116  117  2
129  130  1920  1844  2
1876  1903  1857  1859  2
1906  1922  1887  1899  2
122  1853  1851  121  2
1844  1916  128  129  2
1870  1879  1869  1865  2
1877  1892  1889  1888  2
1887  1925  1886  1881  2
1841  1917  120  8  2
114  1849  1919  113  2
1839  1935  1923  108  2
1908  1903  1876  1902  2
124  1934  1840  123  2
1843  1914  112  113  2
1904  1858  1856  1873  2
1885  1901  1875  1884  2
131  1921  1850  130  2
1869  1879  1892  1877  2
109  1915  1839  108  2
1923  1911  107  108  2
1909  1938  1837  1931  2
1839  1915  1924  1935  2
115  1926  1849  114  2
1938  1909  1892  1879  2
1920  130  1850  1929  2
1842  1913  1939  1888  2
1937  1922  1906  1873  2
1910  1933  1838  1936  2
1853  122  123  1840  2
1848  1909  1931  134  2
1847  1910  1936  118  2
1919  1849  1932  1891  2
1915  109  110  1852  2
106  107  1911  1845  2
1916  1846  127  128  2
1939  1913  1845  1890  2
1913  1842  7  105  2
133  134  1931  1837  2
117  118  1936  1838  2
End
